encounter_id,student_id,sp_case,item_seq,item_max,examiner_score,deepseek_v4_pro_raw,deepseek_v4_pro,deepseek_v4_flash_0731,qwen3_next_80b_a3b_instruct,expert_wst,expert_fj,expert_gxx
E075,S001,SP04,1,2.0,2.0,2.0,2.0,2.0,2.0,,,
E075,S001,SP04,2,3.0,3.0,3.0,3.0,3.0,3.0,,,
E075,S001,SP04,3,3.0,3.0,3.0,3.0,3.0,3.0,,,
E075,S001,SP04,4,2.0,2.0,2.0,2.0,2.0,2.0,,,
E075,S001,SP04,5,1.0,1.0,1.0,1.0,1.0,1.0,,,
E075,S001,SP04,6,1.0,1.0,1.0,1.0,1.0,1.0,,,
E075,S001,SP04,7,2.0,2.0,2.0,2.0,2.0,2.0,,,
E075,S001,SP04,8,1.0,1.0,1.0,1.0,1.0,1.0,,,
E075,S001,SP04,9,1.0,0.0,0.0,0.0,1.0,0.0,,,
E075,S001,SP04,10,1.0,1.0,1.0,1.0,1.0,1.0,,,
E075,S001,SP04,11,1.0,0.0,1.0,1.0,1.0,1.0,1.0,1.0,1.0
E075,S001,SP04,12,1.0,0.0,0.0,0.0,1.0,0.0,,,
E075,S001,SP04,13,1.0,0.0,1.0,1.0,1.0,1.0,1.0,1.0,1.0
E075,S001,SP04,14,1.0,1.0,1.0,1.0,1.0,1.0,,,
E075,S001,SP04,15,1.0,1.0,1.0,1.0,1.0,1.0,,,
E075,S001,SP04,16,1.0,0.0,0.0,0.0,1.0,0.0,,,
E075,S001,SP04,17,1.0,1.0,1.0,1.0,1.0,1.0,,,
E075,S001,SP04,18,1.0,1.0,1.0,1.0,1.0,1.0,,,
E075,S001,SP04,19,1.0,1.0,1.0,1.0,1.0,1.0,,,
E075,S001,SP04,20,1.0,1.0,1.0,1.0,1.0,1.0,,,
E075,S001,SP04,21,2.0,2.0,2.0,2.0,2.0,2.0,,,
E075,S001,SP04,22,1.0,1.0,1.0,1.0,1.0,1.0,,,
E075,S001,SP04,23,1.0,1.0,1.0,1.0,1.0,1.0,,,
E075,S001,SP04,24,1.0,1.0,0.0,0.0,1.0,1.0,0.0,0.0,0.0
E075,S001,SP04,25,1.0,1.0,1.0,1.0,1.0,1.0,,,
E075,S001,SP04,26,1.0,1.0,1.0,1.0,1.0,1.0,,,
E075,S001,SP04,27,1.0,1.0,1.0,1.0,1.0,1.0,,,
E075,S001,SP04,28,1.0,1.0,1.0,1.0,1.0,1.0,,,
E075,S001,SP04,29,1.0,1.0,1.0,1.0,1.0,1.0,,,
E075,S001,SP04,30,2.0,2.0,2.0,2.0,2.0,2.0,,,
E075,S001,SP04,31,1.0,1.0,1.0,1.0,1.0,1.0,,,
E075,S001,SP04,32,1.0,1.0,1.0,1.0,1.0,1.0,,,
E075,S001,SP04,33,1.0,1.0,1.0,1.0,1.0,1.0,,,
E075,S001,SP04,34,1.0,0.0,1.0,1.0,1.0,1.0,1.0,1.0,1.0
E075,S001,SP04,35,1.0,0.0,0.0,0.0,1.0,0.0,,,
E075,S001,SP04,36,2.0,2.0,2.0,2.0,2.0,2.0,,,
E075,S001,SP04,37,1.0,1.0,1.0,1.0,1.0,1.0,,,
E075,S001,SP04,38,1.0,1.0,1.0,1.0,1.0,1.0,,,
E075,S001,SP04,39,2.0,2.0,2.0,2.0,2.0,2.0,,,
E064,S001,SP05,1,2.0,2.0,2.0,2.0,2.0,2.0,,,
E064,S001,SP05,2,3.0,3.0,3.0,3.0,3.0,3.0,,,
E064,S001,SP05,3,3.0,3.0,3.0,3.0,3.0,3.0,,,
E064,S001,SP05,4,2.0,2.0,2.0,2.0,2.0,2.0,,,
E064,S001,SP05,5,1.0,1.0,1.0,1.0,1.0,1.0,,,
E064,S001,SP05,6,1.0,1.0,1.0,1.0,1.0,1.0,,,
E064,S001,SP05,7,1.0,1.0,1.0,1.0,1.0,1.0,,,
E064,S001,SP05,8,1.0,0.0,0.0,0.0,1.0,0.0,,,
E064,S001,SP05,9,1.0,1.0,1.0,1.0,1.0,1.0,,,
E064,S001,SP05,10,1.0,1.0,1.0,1.0,1.0,1.0,,,
E064,S001,SP05,11,1.0,1.0,1.0,1.0,1.0,1.0,,,
E064,S001,SP05,12,1.0,1.0,1.0,1.0,1.0,1.0,,,
E064,S001,SP05,13,1.0,1.0,1.0,1.0,1.0,1.0,,,
E064,S001,SP05,14,1.0,1.0,1.0,1.0,1.0,1.0,,,
E064,S001,SP05,15,1.0,1.0,1.0,1.0,1.0,1.0,,,
E064,S001,SP05,16,1.0,0.0,0.0,0.0,0.0,0.0,,,
E064,S001,SP05,17,1.0,1.0,1.0,1.0,1.0,1.0,,,
E064,S001,SP05,18,1.0,1.0,1.0,1.0,1.0,1.0,,,
E064,S001,SP05,19,1.0,1.0,1.0,1.0,1.0,1.0,,,
E064,S001,SP05,20,1.0,1.0,1.0,1.0,1.0,1.0,,,
E064,S001,SP05,21,1.0,1.0,1.0,1.0,1.0,1.0,,,
E064,S001,SP05,22,1.0,1.0,1.0,1.0,1.0,1.0,,,
E064,S001,SP05,23,1.0,1.0,1.0,1.0,1.0,1.0,,,
E064,S001,SP05,24,1.0,1.0,1.0,1.0,1.0,1.0,,,
E064,S001,SP05,25,1.0,1.0,1.0,1.0,1.0,1.0,,,
E064,S001,SP05,26,1.0,1.0,1.0,1.0,1.0,1.0,,,
E064,S001,SP05,27,1.0,1.0,1.0,1.0,1.0,1.0,,,
E064,S001,SP05,28,1.0,1.0,1.0,1.0,1.0,1.0,,,
E064,S001,SP05,29,1.0,0.0,0.0,0.0,1.0,1.0,,,
E064,S001,SP05,30,1.0,1.0,1.0,1.0,1.0,1.0,,,
E064,S001,SP05,31,1.0,0.0,0.0,0.0,0.0,0.0,,,
E064,S001,SP05,32,1.0,1.0,1.0,1.0,1.0,1.0,,,
E064,S001,SP05,33,2.0,2.0,2.0,2.0,2.0,2.0,,,
E064,S001,SP05,34,1.0,1.0,1.0,1.0,1.0,1.0,,,
E064,S001,SP05,35,1.0,1.0,1.0,1.0,1.0,1.0,,,
E064,S001,SP05,36,1.0,1.0,1.0,1.0,1.0,1.0,,,
E064,S001,SP05,37,1.0,1.0,1.0,1.0,1.0,1.0,,,
E064,S001,SP05,38,2.0,2.0,2.0,2.0,2.0,2.0,,,
E064,S001,SP05,39,2.0,2.0,2.0,2.0,2.0,2.0,,,
E064,S001,SP05,40,2.0,2.0,2.0,2.0,2.0,2.0,,,
E174,S001,SP06,1,2.0,2.0,2.0,2.0,2.0,2.0,,,
E174,S001,SP06,2,4.0,4.0,4.0,4.0,4.0,4.0,,,
E174,S001,SP06,3,3.0,3.0,3.0,3.0,3.0,3.0,,,
E174,S001,SP06,4,2.0,2.0,2.0,2.0,2.0,2.0,,,
E174,S001,SP06,5,2.0,2.0,2.0,2.0,2.0,2.0,,,
E174,S001,SP06,6,2.0,2.0,2.0,2.0,2.0,2.0,,,
E174,S001,SP06,7,1.0,1.0,1.0,1.0,1.0,1.0,,,
E174,S001,SP06,8,1.0,1.0,1.0,1.0,1.0,1.0,,,
E174,S001,SP06,9,2.0,2.0,2.0,2.0,2.0,2.0,,,
E174,S001,SP06,10,2.0,2.0,2.0,2.0,2.0,2.0,,,
E174,S001,SP06,11,2.0,1.0,2.0,2.0,2.0,2.0,2.0,2.0,2.0
E174,S001,SP06,12,1.0,0.0,1.0,1.0,1.0,1.0,0.5,1.0,0.5
E174,S001,SP06,13,1.0,0.0,1.0,1.0,1.0,1.0,0.0,0.0,0.0
E174,S001,SP06,14,1.0,0.0,0.0,0.0,1.0,1.0,,,
E174,S001,SP06,15,1.0,1.0,1.0,1.0,1.0,1.0,,,
E174,S001,SP06,16,1.0,1.0,1.0,1.0,1.0,1.0,,,
E174,S001,SP06,17,1.0,1.0,1.0,1.0,1.0,1.0,,,
E174,S001,SP06,18,1.0,1.0,1.0,1.0,1.0,1.0,,,
E174,S001,SP06,19,1.0,1.0,1.0,1.0,1.0,1.0,,,
E174,S001,SP06,20,1.0,1.0,1.0,1.0,1.0,1.0,,,
E174,S001,SP06,21,1.0,1.0,1.0,1.0,1.0,1.0,,,
E174,S001,SP06,22,1.0,0.0,1.0,1.0,1.0,1.0,1.0,1.0,1.0
E174,S001,SP06,23,1.0,0.0,1.0,1.0,1.0,1.0,1.0,1.0,0.0
E174,S001,SP06,24,1.0,1.0,1.0,1.0,1.0,1.0,,,
E174,S001,SP06,25,1.0,1.0,1.0,1.0,1.0,1.0,,,
E174,S001,SP06,26,1.0,1.0,1.0,1.0,1.0,1.0,,,
E174,S001,SP06,27,1.0,1.0,1.0,1.0,1.0,1.0,,,
E174,S001,SP06,28,1.0,1.0,1.0,1.0,1.0,1.0,,,
E174,S001,SP06,29,1.0,1.0,1.0,1.0,1.0,1.0,,,
E174,S001,SP06,30,1.0,1.0,1.0,1.0,1.0,1.0,,,
E174,S001,SP06,31,1.0,1.0,1.0,1.0,1.0,1.0,,,
E174,S001,SP06,32,1.0,0.0,1.0,1.0,1.0,1.0,0.0,0.0,0.0
E174,S001,SP06,33,1.0,1.0,1.0,1.0,1.0,1.0,,,
E174,S001,SP06,34,2.0,2.0,2.0,2.0,2.0,2.0,,,
E174,S001,SP06,35,1.0,1.0,0.0,0.0,0.0,0.0,1.0,0.0,0.0
E174,S001,SP06,36,2.0,1.0,2.0,2.0,2.0,2.0,1.0,2.0,2.0
E066,S002,SP01,1,2.0,2.0,2.0,2.0,2.0,2.0,,,
E066,S002,SP01,2,3.0,3.0,3.0,3.0,3.0,3.0,,,
E066,S002,SP01,3,2.0,2.0,2.0,2.0,2.0,2.0,,,
E066,S002,SP01,4,2.0,2.0,2.0,2.0,2.0,2.0,,,
E066,S002,SP01,5,2.0,2.0,2.0,2.0,2.0,2.0,,,
E066,S002,SP01,6,2.0,2.0,2.0,2.0,2.0,2.0,,,
E066,S002,SP01,7,2.0,2.0,2.0,2.0,2.0,2.0,,,
E066,S002,SP01,8,2.0,2.0,2.0,2.0,2.0,2.0,,,
E066,S002,SP01,9,2.0,2.0,2.0,2.0,2.0,1.0,,,
E066,S002,SP01,10,2.0,2.0,2.0,2.0,2.0,2.0,,,
E066,S002,SP01,11,2.0,2.0,2.0,2.0,2.0,2.0,,,
E066,S002,SP01,12,1.0,1.0,1.0,1.0,1.0,1.0,,,
E066,S002,SP01,13,1.0,1.0,1.0,1.0,1.0,1.0,,,
E066,S002,SP01,14,1.0,1.0,1.0,1.0,1.0,1.0,,,
E066,S002,SP01,15,1.0,1.0,1.0,1.0,1.0,1.0,,,
E066,S002,SP01,16,1.0,1.0,0.0,0.0,0.0,0.0,0.0,0.0,0.0
E066,S002,SP01,17,1.0,1.0,1.0,1.0,1.0,1.0,,,
E066,S002,SP01,18,1.0,1.0,1.0,1.0,1.0,1.0,,,
E066,S002,SP01,19,1.0,1.0,1.0,1.0,1.0,1.0,,,
E066,S002,SP01,20,1.0,1.0,1.0,1.0,1.0,1.0,,,
E066,S002,SP01,21,1.0,1.0,1.0,1.0,1.0,1.0,,,
E066,S002,SP01,22,1.0,1.0,1.0,1.0,1.0,1.0,,,
E066,S002,SP01,23,1.0,1.0,1.0,1.0,1.0,1.0,,,
E066,S002,SP01,24,1.0,1.0,1.0,1.0,1.0,1.0,,,
E066,S002,SP01,25,2.0,2.0,2.0,2.0,2.0,2.0,,,
E066,S002,SP01,26,1.0,1.0,1.0,1.0,1.0,1.0,,,
E066,S002,SP01,27,1.0,1.0,1.0,1.0,1.0,1.0,,,
E066,S002,SP01,28,1.0,1.0,1.0,1.0,1.0,1.0,,,
E066,S002,SP01,29,2.0,2.0,2.0,2.0,2.0,2.0,,,
E066,S002,SP01,30,2.0,2.0,2.0,2.0,2.0,1.0,,,
E066,S002,SP01,31,2.0,1.0,2.0,2.0,2.0,2.0,2.0,1.0,2.0
E066,S002,SP01,32,1.0,1.0,1.0,1.0,1.0,1.0,,,
E066,S002,SP01,33,2.0,2.0,2.0,2.0,2.0,2.0,,,
E194,S002,SP02,1,2.0,2.0,2.0,2.0,2.0,2.0,,,
E194,S002,SP02,2,3.0,3.0,3.0,3.0,3.0,3.0,,,
E194,S002,SP02,3,2.0,2.0,2.0,2.0,2.0,2.0,,,
E194,S002,SP02,4,2.0,2.0,2.0,2.0,2.0,2.0,,,
E194,S002,SP02,5,1.0,1.0,1.0,1.0,1.0,1.0,,,
E194,S002,SP02,6,1.0,1.0,1.0,1.0,1.0,1.0,,,
E194,S002,SP02,7,2.0,2.0,2.0,2.0,2.0,2.0,,,
E194,S002,SP02,8,2.0,2.0,2.0,2.0,2.0,2.0,,,
E194,S002,SP02,9,2.0,2.0,2.0,2.0,2.0,2.0,,,
E194,S002,SP02,10,1.0,1.0,1.0,1.0,1.0,1.0,,,
E194,S002,SP02,11,2.0,2.0,2.0,2.0,2.0,2.0,,,
E194,S002,SP02,12,2.0,1.0,2.0,2.0,2.0,2.0,1.0,2.0,2.0
E194,S002,SP02,13,2.0,1.0,2.0,2.0,2.0,2.0,1.0,2.0,1.0
E194,S002,SP02,14,1.0,1.0,1.0,1.0,1.0,1.0,,,
E194,S002,SP02,15,1.0,1.0,1.0,1.0,1.0,1.0,,,
E194,S002,SP02,16,2.0,2.0,2.0,2.0,2.0,2.0,,,
E194,S002,SP02,17,1.0,1.0,1.0,1.0,1.0,1.0,,,
E194,S002,SP02,18,1.0,1.0,1.0,1.0,1.0,1.0,,,
E194,S002,SP02,19,1.0,0.0,1.0,1.0,1.0,1.0,0.0,0.0,0.0
E194,S002,SP02,20,1.0,1.0,1.0,1.0,1.0,1.0,,,
E194,S002,SP02,21,1.0,1.0,1.0,1.0,1.0,1.0,,,
E194,S002,SP02,22,1.0,1.0,1.0,1.0,1.0,1.0,,,
E194,S002,SP02,23,1.0,1.0,1.0,1.0,1.0,1.0,,,
E194,S002,SP02,24,1.0,1.0,1.0,1.0,1.0,1.0,,,
E194,S002,SP02,25,1.0,1.0,1.0,1.0,1.0,1.0,,,
E194,S002,SP02,26,1.0,1.0,1.0,1.0,1.0,1.0,,,
E194,S002,SP02,27,1.0,1.0,1.0,1.0,1.0,1.0,,,
E194,S002,SP02,28,1.0,1.0,1.0,1.0,1.0,1.0,,,
E194,S002,SP02,29,1.0,1.0,1.0,1.0,1.0,1.0,,,
E194,S002,SP02,30,2.0,2.0,2.0,2.0,2.0,2.0,,,
E194,S002,SP02,31,2.0,2.0,2.0,2.0,2.0,2.0,,,
E194,S002,SP02,32,2.0,2.0,2.0,2.0,2.0,2.0,,,
E194,S002,SP02,33,1.0,1.0,1.0,1.0,1.0,1.0,,,
E194,S002,SP02,34,2.0,2.0,2.0,2.0,2.0,2.0,,,
E239,S002,SP03,1,2.0,2.0,2.0,2.0,2.0,2.0,,,
E239,S002,SP03,2,3.0,3.0,3.0,3.0,3.0,3.0,,,
E239,S002,SP03,3,3.0,3.0,3.0,3.0,3.0,3.0,,,
E239,S002,SP03,4,2.0,2.0,2.0,2.0,2.0,2.0,,,
E239,S002,SP03,5,1.0,1.0,1.0,1.0,1.0,1.0,,,
E239,S002,SP03,6,2.0,2.0,2.0,2.0,2.0,2.0,,,
E239,S002,SP03,7,2.0,2.0,2.0,2.0,2.0,2.0,,,
E239,S002,SP03,8,1.0,1.0,1.0,1.0,1.0,1.0,,,
E239,S002,SP03,9,1.0,1.0,1.0,1.0,1.0,1.0,,,
E239,S002,SP03,10,1.0,1.0,1.0,1.0,1.0,1.0,,,
E239,S002,SP03,11,2.0,2.0,2.0,2.0,2.0,2.0,,,
E239,S002,SP03,12,2.0,2.0,2.0,2.0,2.0,2.0,,,
E239,S002,SP03,13,2.0,2.0,2.0,2.0,2.0,2.0,,,
E239,S002,SP03,14,2.0,2.0,2.0,2.0,1.0,1.0,,,
E239,S002,SP03,15,2.0,1.0,2.0,2.0,1.0,1.0,1.0,2.0,0.0
E239,S002,SP03,16,2.0,2.0,2.0,2.0,2.0,2.0,,,
E239,S002,SP03,17,2.0,2.0,2.0,2.0,2.0,2.0,,,
E239,S002,SP03,18,1.0,1.0,1.0,1.0,1.0,0.0,,,
E239,S002,SP03,19,1.0,1.0,1.0,1.0,1.0,1.0,,,
E239,S002,SP03,20,1.0,1.0,1.0,1.0,1.0,1.0,,,
E239,S002,SP03,21,1.0,0.0,1.0,1.0,1.0,1.0,1.0,1.0,1.0
E239,S002,SP03,22,1.0,1.0,1.0,1.0,1.0,1.0,,,
E239,S002,SP03,23,1.0,0.0,1.0,1.0,1.0,1.0,1.0,1.0,1.0
E239,S002,SP03,24,1.0,1.0,1.0,1.0,1.0,1.0,,,
E239,S002,SP03,25,1.0,1.0,1.0,1.0,1.0,1.0,,,
E239,S002,SP03,26,1.0,1.0,1.0,1.0,1.0,1.0,,,
E239,S002,SP03,27,1.0,1.0,1.0,1.0,1.0,1.0,,,
E239,S002,SP03,28,1.0,1.0,1.0,1.0,1.0,1.0,,,
E239,S002,SP03,29,1.0,1.0,1.0,1.0,1.0,1.0,,,
E239,S002,SP03,30,1.0,1.0,1.0,1.0,1.0,1.0,,,
E239,S002,SP03,31,1.0,1.0,1.0,1.0,1.0,1.0,,,
E239,S002,SP03,32,1.0,1.0,1.0,1.0,1.0,1.0,,,
E239,S002,SP03,33,3.0,3.0,3.0,3.0,3.0,3.0,,,
E097,S003,SP02,1,2.0,2.0,2.0,2.0,2.0,2.0,,,
E097,S003,SP02,2,3.0,3.0,3.0,3.0,3.0,3.0,,,
E097,S003,SP02,3,2.0,2.0,2.0,2.0,2.0,2.0,,,
E097,S003,SP02,4,2.0,2.0,0.0,0.0,1.0,2.0,0.0,0.0,0.0
E097,S003,SP02,5,1.0,0.0,1.0,1.0,1.0,1.0,1.0,1.0,0.5
E097,S003,SP02,6,1.0,1.0,1.0,1.0,1.0,1.0,,,
E097,S003,SP02,7,2.0,2.0,2.0,2.0,2.0,2.0,,,
E097,S003,SP02,8,2.0,2.0,2.0,2.0,2.0,2.0,,,
E097,S003,SP02,9,2.0,2.0,2.0,2.0,2.0,2.0,,,
E097,S003,SP02,10,1.0,1.0,1.0,1.0,1.0,1.0,,,
E097,S003,SP02,11,2.0,2.0,2.0,2.0,1.0,2.0,,,
E097,S003,SP02,12,2.0,1.0,1.0,1.0,1.0,2.0,,,
E097,S003,SP02,13,2.0,1.0,1.0,1.0,1.0,2.0,,,
E097,S003,SP02,14,1.0,0.0,0.0,0.0,0.0,1.0,,,
E097,S003,SP02,15,1.0,1.0,1.0,1.0,1.0,1.0,,,
E097,S003,SP02,16,2.0,2.0,2.0,2.0,2.0,2.0,,,
E097,S003,SP02,17,1.0,1.0,1.0,1.0,1.0,1.0,,,
E097,S003,SP02,18,1.0,1.0,1.0,1.0,1.0,1.0,,,
E097,S003,SP02,19,1.0,0.0,1.0,1.0,1.0,1.0,0.0,0.0,0.0
E097,S003,SP02,20,1.0,1.0,1.0,1.0,1.0,1.0,,,
E097,S003,SP02,21,1.0,1.0,1.0,1.0,1.0,1.0,,,
E097,S003,SP02,22,1.0,1.0,1.0,1.0,1.0,1.0,,,
E097,S003,SP02,23,1.0,1.0,1.0,1.0,1.0,1.0,,,
E097,S003,SP02,24,1.0,1.0,1.0,1.0,1.0,1.0,,,
E097,S003,SP02,25,1.0,1.0,1.0,1.0,1.0,1.0,,,
E097,S003,SP02,26,1.0,1.0,1.0,1.0,1.0,1.0,,,
E097,S003,SP02,27,1.0,1.0,1.0,1.0,1.0,1.0,,,
E097,S003,SP02,28,1.0,1.0,1.0,1.0,1.0,1.0,,,
E097,S003,SP02,29,1.0,1.0,1.0,1.0,1.0,1.0,,,
E097,S003,SP02,30,2.0,2.0,2.0,2.0,2.0,2.0,,,
E097,S003,SP02,31,2.0,2.0,2.0,2.0,2.0,2.0,,,
E097,S003,SP02,32,2.0,2.0,2.0,2.0,2.0,2.0,,,
E097,S003,SP02,33,1.0,1.0,1.0,1.0,1.0,1.0,,,
E097,S003,SP02,34,2.0,2.0,2.0,2.0,2.0,2.0,,,
E155,S003,SP03,1,2.0,2.0,2.0,2.0,2.0,2.0,,,
E155,S003,SP03,2,3.0,3.0,3.0,3.0,3.0,3.0,,,
E155,S003,SP03,3,3.0,3.0,3.0,3.0,3.0,3.0,,,
E155,S003,SP03,4,2.0,2.0,2.0,2.0,2.0,2.0,,,
E155,S003,SP03,5,1.0,1.0,1.0,1.0,1.0,1.0,,,
E155,S003,SP03,6,2.0,2.0,2.0,2.0,2.0,2.0,,,
E155,S003,SP03,7,2.0,2.0,2.0,2.0,2.0,2.0,,,
E155,S003,SP03,8,1.0,1.0,1.0,1.0,1.0,1.0,,,
E155,S003,SP03,9,1.0,1.0,1.0,1.0,1.0,1.0,,,
E155,S003,SP03,10,1.0,1.0,1.0,1.0,1.0,1.0,,,
E155,S003,SP03,11,2.0,2.0,2.0,2.0,2.0,2.0,,,
E155,S003,SP03,12,2.0,2.0,2.0,2.0,2.0,2.0,,,
E155,S003,SP03,13,2.0,1.0,2.0,2.0,2.0,2.0,1.0,2.0,1.0
E155,S003,SP03,14,2.0,2.0,2.0,2.0,2.0,2.0,,,
E155,S003,SP03,15,2.0,2.0,2.0,2.0,2.0,2.0,,,
E155,S003,SP03,16,2.0,2.0,2.0,2.0,2.0,2.0,,,
E155,S003,SP03,17,2.0,2.0,2.0,2.0,2.0,2.0,,,
E155,S003,SP03,18,1.0,1.0,1.0,1.0,1.0,1.0,,,
E155,S003,SP03,19,1.0,1.0,1.0,1.0,1.0,1.0,,,
E155,S003,SP03,20,1.0,1.0,1.0,1.0,1.0,1.0,,,
E155,S003,SP03,21,1.0,1.0,1.0,1.0,1.0,1.0,,,
E155,S003,SP03,22,1.0,1.0,1.0,1.0,1.0,1.0,,,
E155,S003,SP03,23,1.0,1.0,1.0,1.0,1.0,1.0,,,
E155,S003,SP03,24,1.0,1.0,1.0,1.0,1.0,1.0,,,
E155,S003,SP03,25,1.0,1.0,1.0,1.0,1.0,1.0,,,
E155,S003,SP03,26,1.0,0.0,1.0,1.0,1.0,1.0,1.0,1.0,0.0
E155,S003,SP03,27,1.0,1.0,1.0,1.0,1.0,1.0,,,
E155,S003,SP03,28,1.0,1.0,1.0,1.0,1.0,1.0,,,
E155,S003,SP03,29,1.0,1.0,1.0,1.0,1.0,1.0,,,
E155,S003,SP03,30,1.0,1.0,1.0,1.0,1.0,1.0,,,
E155,S003,SP03,31,1.0,1.0,1.0,1.0,1.0,1.0,,,
E155,S003,SP03,32,1.0,1.0,1.0,1.0,1.0,1.0,,,
E155,S003,SP03,33,3.0,3.0,3.0,3.0,3.0,3.0,,,
E123,S004,SP04,1,2.0,2.0,2.0,2.0,2.0,2.0,,,
E123,S004,SP04,2,3.0,3.0,3.0,3.0,3.0,3.0,,,
E123,S004,SP04,3,3.0,3.0,3.0,3.0,3.0,3.0,,,
E123,S004,SP04,4,2.0,2.0,2.0,2.0,2.0,2.0,,,
E123,S004,SP04,5,1.0,1.0,1.0,1.0,1.0,1.0,,,
E123,S004,SP04,6,1.0,1.0,1.0,1.0,1.0,1.0,,,
E123,S004,SP04,7,2.0,2.0,2.0,2.0,2.0,2.0,,,
E123,S004,SP04,8,1.0,1.0,1.0,1.0,1.0,1.0,,,
E123,S004,SP04,9,1.0,1.0,1.0,1.0,1.0,1.0,,,
E123,S004,SP04,10,1.0,1.0,1.0,1.0,1.0,1.0,,,
E123,S004,SP04,11,1.0,1.0,1.0,1.0,1.0,1.0,,,
E123,S004,SP04,12,1.0,1.0,1.0,1.0,1.0,1.0,,,
E123,S004,SP04,13,1.0,1.0,1.0,1.0,1.0,1.0,,,
E123,S004,SP04,14,1.0,1.0,1.0,1.0,1.0,1.0,,,
E123,S004,SP04,15,1.0,0.0,0.0,0.0,1.0,0.0,,,
E123,S004,SP04,16,1.0,0.0,0.0,0.0,1.0,0.0,,,
E123,S004,SP04,17,1.0,0.0,0.0,0.0,1.0,0.0,,,
E123,S004,SP04,18,1.0,0.0,0.0,0.0,1.0,0.0,,,
E123,S004,SP04,19,1.0,1.0,1.0,1.0,1.0,1.0,,,
E123,S004,SP04,20,1.0,1.0,1.0,1.0,1.0,1.0,,,
E123,S004,SP04,21,2.0,2.0,2.0,2.0,2.0,2.0,,,
E123,S004,SP04,22,1.0,1.0,1.0,1.0,1.0,1.0,,,
E123,S004,SP04,23,1.0,1.0,1.0,1.0,1.0,1.0,,,
E123,S004,SP04,24,1.0,1.0,1.0,1.0,1.0,0.0,,,
E123,S004,SP04,25,1.0,1.0,1.0,1.0,1.0,1.0,,,
E123,S004,SP04,26,1.0,1.0,1.0,1.0,1.0,1.0,,,
E123,S004,SP04,27,1.0,1.0,1.0,1.0,1.0,1.0,,,
E123,S004,SP04,28,1.0,1.0,1.0,1.0,1.0,1.0,,,
E123,S004,SP04,29,1.0,1.0,1.0,1.0,1.0,1.0,,,
E123,S004,SP04,30,2.0,2.0,2.0,2.0,2.0,2.0,,,
E123,S004,SP04,31,1.0,1.0,1.0,1.0,1.0,1.0,,,
E123,S004,SP04,32,1.0,1.0,1.0,1.0,1.0,1.0,,,
E123,S004,SP04,33,1.0,1.0,1.0,1.0,1.0,1.0,,,
E123,S004,SP04,34,1.0,1.0,1.0,1.0,1.0,1.0,,,
E123,S004,SP04,35,1.0,1.0,0.0,0.0,1.0,0.0,0.0,0.0,1.0
E123,S004,SP04,36,2.0,2.0,2.0,2.0,2.0,2.0,,,
E123,S004,SP04,37,1.0,1.0,1.0,1.0,1.0,1.0,,,
E123,S004,SP04,38,1.0,1.0,1.0,1.0,1.0,1.0,,,
E123,S004,SP04,39,2.0,2.0,2.0,2.0,2.0,2.0,,,
E035,S004,SP05,1,2.0,2.0,2.0,2.0,2.0,2.0,,,
E035,S004,SP05,2,3.0,3.0,3.0,3.0,3.0,3.0,,,
E035,S004,SP05,3,3.0,3.0,3.0,3.0,3.0,3.0,,,
E035,S004,SP05,4,2.0,2.0,2.0,2.0,2.0,2.0,,,
E035,S004,SP05,5,1.0,1.0,1.0,1.0,1.0,1.0,,,
E035,S004,SP05,6,1.0,1.0,1.0,1.0,1.0,1.0,,,
E035,S004,SP05,7,1.0,1.0,1.0,1.0,1.0,1.0,,,
E035,S004,SP05,8,1.0,0.0,0.0,0.0,1.0,0.0,,,
E035,S004,SP05,9,1.0,1.0,1.0,1.0,1.0,1.0,,,
E035,S004,SP05,10,1.0,1.0,1.0,1.0,1.0,1.0,,,
E035,S004,SP05,11,1.0,1.0,1.0,1.0,1.0,1.0,,,
E035,S004,SP05,12,1.0,1.0,1.0,1.0,1.0,1.0,,,
E035,S004,SP05,13,1.0,1.0,1.0,1.0,1.0,1.0,,,
E035,S004,SP05,14,1.0,1.0,0.0,0.0,1.0,1.0,0.0,1.0,0.0
E035,S004,SP05,15,1.0,1.0,1.0,1.0,1.0,1.0,,,
E035,S004,SP05,16,1.0,0.0,0.0,0.0,0.0,0.0,,,
E035,S004,SP05,17,1.0,1.0,1.0,1.0,1.0,1.0,,,
E035,S004,SP05,18,1.0,1.0,1.0,1.0,1.0,1.0,,,
E035,S004,SP05,19,1.0,1.0,1.0,1.0,1.0,1.0,,,
E035,S004,SP05,20,1.0,0.5,0.5,0.5,1.0,1.0,,,
E035,S004,SP05,21,1.0,1.0,0.5,0.5,1.0,1.0,0.0,1.0,0.0
E035,S004,SP05,22,1.0,0.0,0.0,0.0,1.0,0.0,,,
E035,S004,SP05,23,1.0,1.0,0.5,0.5,1.0,1.0,0.0,1.0,0.5
E035,S004,SP05,24,1.0,1.0,1.0,1.0,1.0,1.0,,,
E035,S004,SP05,25,1.0,1.0,1.0,1.0,1.0,1.0,,,
E035,S004,SP05,26,1.0,1.0,1.0,1.0,1.0,1.0,,,
E035,S004,SP05,27,1.0,1.0,1.0,1.0,1.0,1.0,,,
E035,S004,SP05,28,1.0,1.0,1.0,1.0,1.0,1.0,,,
E035,S004,SP05,29,1.0,1.0,1.0,1.0,1.0,1.0,,,
E035,S004,SP05,30,1.0,1.0,1.0,1.0,1.0,1.0,,,
E035,S004,SP05,31,1.0,1.0,1.0,1.0,1.0,1.0,,,
E035,S004,SP05,32,1.0,1.0,1.0,1.0,1.0,1.0,,,
E035,S004,SP05,33,2.0,2.0,2.0,2.0,2.0,2.0,,,
E035,S004,SP05,34,1.0,1.0,1.0,1.0,1.0,1.0,,,
E035,S004,SP05,35,1.0,1.0,1.0,1.0,1.0,1.0,,,
E035,S004,SP05,36,1.0,1.0,1.0,1.0,1.0,1.0,,,
E035,S004,SP05,37,1.0,1.0,1.0,1.0,1.0,1.0,,,
E035,S004,SP05,38,2.0,2.0,2.0,2.0,2.0,2.0,,,
E035,S004,SP05,39,2.0,2.0,2.0,2.0,2.0,1.0,,,
E035,S004,SP05,40,2.0,2.0,2.0,2.0,2.0,2.0,,,
E078,S004,SP06,1,2.0,2.0,2.0,2.0,2.0,2.0,,,
E078,S004,SP06,2,4.0,4.0,4.0,4.0,4.0,4.0,,,
E078,S004,SP06,3,3.0,3.0,3.0,3.0,3.0,3.0,,,
E078,S004,SP06,4,2.0,2.0,2.0,2.0,2.0,0.0,,,
E078,S004,SP06,5,2.0,2.0,2.0,2.0,2.0,2.0,,,
E078,S004,SP06,6,2.0,2.0,2.0,2.0,2.0,2.0,,,
E078,S004,SP06,7,1.0,1.0,1.0,1.0,1.0,1.0,,,
E078,S004,SP06,8,1.0,1.0,1.0,1.0,1.0,1.0,,,
E078,S004,SP06,9,2.0,2.0,2.0,2.0,2.0,2.0,,,
E078,S004,SP06,10,2.0,2.0,2.0,2.0,2.0,2.0,,,
E078,S004,SP06,11,2.0,0.0,2.0,2.0,2.0,2.0,2.0,2.0,2.0
E078,S004,SP06,12,1.0,1.0,1.0,1.0,1.0,1.0,,,
E078,S004,SP06,13,1.0,0.0,0.0,0.0,1.0,0.0,,,
E078,S004,SP06,14,1.0,0.0,0.0,0.0,0.0,1.0,,,
E078,S004,SP06,15,1.0,0.0,0.0,0.0,1.0,0.0,,,
E078,S004,SP06,16,1.0,1.0,1.0,1.0,1.0,1.0,,,
E078,S004,SP06,17,1.0,1.0,1.0,1.0,1.0,1.0,,,
E078,S004,SP06,18,1.0,1.0,1.0,1.0,1.0,1.0,,,
E078,S004,SP06,19,1.0,1.0,1.0,1.0,1.0,1.0,,,
E078,S004,SP06,20,1.0,1.0,1.0,1.0,1.0,1.0,,,
E078,S004,SP06,21,1.0,0.0,1.0,1.0,1.0,1.0,0.0,1.0,1.0
E078,S004,SP06,22,1.0,1.0,1.0,1.0,1.0,1.0,,,
E078,S004,SP06,23,1.0,1.0,1.0,1.0,1.0,1.0,,,
E078,S004,SP06,24,1.0,1.0,1.0,1.0,1.0,1.0,,,
E078,S004,SP06,25,1.0,1.0,1.0,1.0,1.0,1.0,,,
E078,S004,SP06,26,1.0,1.0,1.0,1.0,1.0,1.0,,,
E078,S004,SP06,27,1.0,1.0,1.0,1.0,1.0,1.0,,,
E078,S004,SP06,28,1.0,1.0,1.0,1.0,1.0,1.0,,,
E078,S004,SP06,29,1.0,1.0,1.0,1.0,1.0,1.0,,,
E078,S004,SP06,30,1.0,1.0,1.0,1.0,1.0,1.0,,,
E078,S004,SP06,31,1.0,1.0,1.0,1.0,1.0,1.0,,,
E078,S004,SP06,32,1.0,0.0,0.0,0.0,1.0,0.0,,,
E078,S004,SP06,33,1.0,1.0,1.0,1.0,1.0,1.0,,,
E078,S004,SP06,34,2.0,2.0,2.0,2.0,2.0,2.0,,,
E078,S004,SP06,35,1.0,1.0,1.0,1.0,1.0,1.0,,,
E078,S004,SP06,36,2.0,2.0,2.0,2.0,2.0,2.0,,,
E150,S005,SP04,1,2.0,2.0,2.0,2.0,2.0,2.0,,,
E150,S005,SP04,2,3.0,3.0,3.0,3.0,3.0,3.0,,,
E150,S005,SP04,3,3.0,3.0,3.0,3.0,3.0,3.0,,,
E150,S005,SP04,4,2.0,2.0,2.0,2.0,2.0,2.0,,,
E150,S005,SP04,5,1.0,1.0,1.0,1.0,1.0,1.0,,,
E150,S005,SP04,6,1.0,1.0,1.0,1.0,1.0,1.0,,,
E150,S005,SP04,7,2.0,2.0,2.0,2.0,2.0,2.0,,,
E150,S005,SP04,8,1.0,0.0,1.0,1.0,1.0,1.0,0.0,1.0,1.0
E150,S005,SP04,9,1.0,0.0,1.0,1.0,1.0,1.0,0.0,0.0,0.0
E150,S005,SP04,10,1.0,1.0,1.0,1.0,1.0,1.0,,,
E150,S005,SP04,11,1.0,0.0,1.0,1.0,1.0,1.0,1.0,1.0,1.0
E150,S005,SP04,12,1.0,0.0,0.0,0.0,1.0,1.0,,,
E150,S005,SP04,13,1.0,0.0,1.0,1.0,1.0,1.0,0.0,0.0,0.5
E150,S005,SP04,14,1.0,1.0,1.0,1.0,1.0,1.0,,,
E150,S005,SP04,15,1.0,1.0,1.0,1.0,1.0,1.0,,,
E150,S005,SP04,16,1.0,0.0,0.0,0.0,1.0,0.0,,,
E150,S005,SP04,17,1.0,1.0,1.0,1.0,1.0,1.0,,,
E150,S005,SP04,18,1.0,1.0,0.0,0.0,1.0,0.0,0.0,0.0,0.0
E150,S005,SP04,19,1.0,1.0,1.0,1.0,1.0,1.0,,,
E150,S005,SP04,20,1.0,1.0,1.0,1.0,1.0,1.0,,,
E150,S005,SP04,21,2.0,2.0,2.0,2.0,2.0,2.0,,,
E150,S005,SP04,22,1.0,1.0,1.0,1.0,1.0,1.0,,,
E150,S005,SP04,23,1.0,1.0,1.0,1.0,1.0,1.0,,,
E150,S005,SP04,24,1.0,1.0,1.0,1.0,1.0,1.0,,,
E150,S005,SP04,25,1.0,1.0,1.0,1.0,1.0,1.0,,,
E150,S005,SP04,26,1.0,1.0,1.0,1.0,1.0,1.0,,,
E150,S005,SP04,27,1.0,1.0,1.0,1.0,1.0,1.0,,,
E150,S005,SP04,28,1.0,1.0,1.0,1.0,1.0,1.0,,,
E150,S005,SP04,29,1.0,1.0,1.0,1.0,1.0,1.0,,,
E150,S005,SP04,30,2.0,2.0,2.0,2.0,2.0,2.0,,,
E150,S005,SP04,31,1.0,1.0,1.0,1.0,1.0,1.0,,,
E150,S005,SP04,32,1.0,1.0,1.0,1.0,1.0,1.0,,,
E150,S005,SP04,33,1.0,1.0,1.0,1.0,1.0,1.0,,,
E150,S005,SP04,34,1.0,1.0,1.0,1.0,1.0,1.0,,,
E150,S005,SP04,35,1.0,0.0,0.0,0.0,1.0,0.0,,,
E150,S005,SP04,36,2.0,2.0,2.0,2.0,2.0,2.0,,,
E150,S005,SP04,37,1.0,1.0,1.0,1.0,1.0,1.0,,,
E150,S005,SP04,38,1.0,1.0,1.0,1.0,1.0,1.0,,,
E150,S005,SP04,39,2.0,2.0,2.0,2.0,2.0,2.0,,,
E212,S005,SP06,1,2.0,2.0,2.0,2.0,2.0,2.0,,,
E212,S005,SP06,2,4.0,4.0,4.0,4.0,4.0,4.0,,,
E212,S005,SP06,3,3.0,3.0,3.0,3.0,3.0,3.0,,,
E212,S005,SP06,4,2.0,2.0,2.0,2.0,2.0,2.0,,,
E212,S005,SP06,5,2.0,2.0,2.0,2.0,2.0,2.0,,,
E212,S005,SP06,6,2.0,2.0,2.0,2.0,2.0,2.0,,,
E212,S005,SP06,7,1.0,0.0,1.0,1.0,1.0,1.0,0.0,1.0,1.0
E212,S005,SP06,8,1.0,1.0,1.0,1.0,1.0,1.0,,,
E212,S005,SP06,9,2.0,2.0,2.0,2.0,2.0,2.0,,,
E212,S005,SP06,10,2.0,2.0,2.0,2.0,2.0,2.0,,,
E212,S005,SP06,11,2.0,2.0,2.0,2.0,2.0,2.0,,,
E212,S005,SP06,12,1.0,1.0,1.0,1.0,1.0,1.0,,,
E212,S005,SP06,13,1.0,0.0,0.0,0.0,1.0,0.0,,,
E212,S005,SP06,14,1.0,1.0,1.0,1.0,1.0,1.0,,,
E212,S005,SP06,15,1.0,0.0,0.0,0.0,1.0,0.0,,,
E212,S005,SP06,16,1.0,1.0,1.0,1.0,1.0,1.0,,,
E212,S005,SP06,17,1.0,1.0,1.0,1.0,1.0,1.0,,,
E212,S005,SP06,18,1.0,1.0,1.0,1.0,1.0,1.0,,,
E212,S005,SP06,19,1.0,1.0,1.0,1.0,1.0,1.0,,,
E212,S005,SP06,20,1.0,1.0,1.0,1.0,1.0,1.0,,,
E212,S005,SP06,21,1.0,1.0,1.0,1.0,1.0,1.0,,,
E212,S005,SP06,22,1.0,1.0,1.0,1.0,1.0,1.0,,,
E212,S005,SP06,23,1.0,1.0,1.0,1.0,1.0,1.0,,,
E212,S005,SP06,24,1.0,1.0,1.0,1.0,1.0,1.0,,,
E212,S005,SP06,25,1.0,1.0,1.0,1.0,1.0,1.0,,,
E212,S005,SP06,26,1.0,1.0,1.0,1.0,1.0,1.0,,,
E212,S005,SP06,27,1.0,0.0,0.0,0.0,1.0,0.0,,,
E212,S005,SP06,28,1.0,1.0,1.0,1.0,1.0,1.0,,,
E212,S005,SP06,29,1.0,1.0,1.0,1.0,1.0,1.0,,,
E212,S005,SP06,30,1.0,0.0,1.0,1.0,1.0,1.0,1.0,1.0,1.0
E212,S005,SP06,31,1.0,1.0,1.0,1.0,1.0,1.0,,,
E212,S005,SP06,32,1.0,1.0,1.0,1.0,1.0,1.0,,,
E212,S005,SP06,33,1.0,1.0,1.0,1.0,1.0,1.0,,,
E212,S005,SP06,34,2.0,2.0,2.0,2.0,2.0,2.0,,,
E212,S005,SP06,35,1.0,1.0,1.0,1.0,1.0,1.0,,,
E212,S005,SP06,36,2.0,1.0,2.0,2.0,2.0,2.0,0.0,2.0,2.0
E018,S006,SP01,1,2.0,2.0,2.0,2.0,2.0,2.0,,,
E018,S006,SP01,2,3.0,3.0,3.0,3.0,3.0,3.0,,,
E018,S006,SP01,3,2.0,2.0,2.0,2.0,2.0,2.0,,,
E018,S006,SP01,4,2.0,2.0,2.0,2.0,2.0,2.0,,,
E018,S006,SP01,5,2.0,2.0,2.0,2.0,2.0,2.0,,,
E018,S006,SP01,6,2.0,2.0,2.0,2.0,2.0,2.0,,,
E018,S006,SP01,7,2.0,2.0,2.0,2.0,2.0,2.0,,,
E018,S006,SP01,8,2.0,2.0,2.0,2.0,2.0,2.0,,,
E018,S006,SP01,9,2.0,1.0,2.0,2.0,1.0,2.0,1.0,1.0,0.5
E018,S006,SP01,10,2.0,0.0,2.0,2.0,2.0,2.0,1.5,1.0,1.5
E018,S006,SP01,11,2.0,1.0,2.0,2.0,2.0,2.0,1.5,2.0,1.5
E018,S006,SP01,12,1.0,1.0,1.0,1.0,1.0,1.0,,,
E018,S006,SP01,13,1.0,1.0,1.0,1.0,1.0,1.0,,,
E018,S006,SP01,14,1.0,1.0,1.0,1.0,1.0,1.0,,,
E018,S006,SP01,15,1.0,1.0,1.0,1.0,1.0,1.0,,,
E018,S006,SP01,16,1.0,1.0,1.0,1.0,1.0,1.0,,,
E018,S006,SP01,17,1.0,1.0,1.0,1.0,1.0,1.0,,,
E018,S006,SP01,18,1.0,1.0,0.0,0.0,1.0,1.0,0.0,0.0,0.0
E018,S006,SP01,19,1.0,1.0,1.0,1.0,1.0,1.0,,,
E018,S006,SP01,20,1.0,1.0,1.0,1.0,1.0,1.0,,,
E018,S006,SP01,21,1.0,1.0,1.0,1.0,1.0,1.0,,,
E018,S006,SP01,22,1.0,1.0,1.0,1.0,1.0,1.0,,,
E018,S006,SP01,23,1.0,1.0,1.0,1.0,1.0,1.0,,,
E018,S006,SP01,24,1.0,1.0,1.0,1.0,1.0,1.0,,,
E018,S006,SP01,25,2.0,2.0,2.0,2.0,2.0,2.0,,,
E018,S006,SP01,26,1.0,1.0,1.0,1.0,1.0,1.0,,,
E018,S006,SP01,27,1.0,1.0,1.0,1.0,1.0,1.0,,,
E018,S006,SP01,28,1.0,1.0,1.0,1.0,1.0,1.0,,,
E018,S006,SP01,29,2.0,2.0,2.0,2.0,2.0,2.0,,,
E018,S006,SP01,30,2.0,2.0,0.0,0.0,0.0,1.0,0.0,0.0,0.0
E018,S006,SP01,31,2.0,2.0,2.0,2.0,2.0,2.0,,,
E018,S006,SP01,32,1.0,1.0,1.0,1.0,1.0,1.0,,,
E018,S006,SP01,33,2.0,2.0,2.0,2.0,2.0,2.0,,,
E195,S006,SP02,1,2.0,2.0,2.0,2.0,2.0,2.0,,,
E195,S006,SP02,2,3.0,3.0,3.0,3.0,3.0,3.0,,,
E195,S006,SP02,3,2.0,2.0,2.0,2.0,2.0,2.0,,,
E195,S006,SP02,4,2.0,2.0,2.0,2.0,2.0,2.0,,,
E195,S006,SP02,5,1.0,1.0,1.0,1.0,1.0,1.0,,,
E195,S006,SP02,6,1.0,1.0,1.0,1.0,1.0,1.0,,,
E195,S006,SP02,7,2.0,2.0,2.0,2.0,2.0,2.0,,,
E195,S006,SP02,8,2.0,2.0,2.0,2.0,2.0,2.0,,,
E195,S006,SP02,9,2.0,2.0,2.0,2.0,2.0,2.0,,,
E195,S006,SP02,10,1.0,0.0,1.0,1.0,1.0,1.0,0.0,1.0,0.5
E195,S006,SP02,11,2.0,2.0,2.0,2.0,2.0,2.0,,,
E195,S006,SP02,12,2.0,1.0,1.0,1.0,2.0,2.0,,,
E195,S006,SP02,13,2.0,1.0,1.0,1.0,0.0,2.0,,,
E195,S006,SP02,14,1.0,0.0,1.0,1.0,1.0,1.0,0.5,1.0,0.5
E195,S006,SP02,15,1.0,1.0,1.0,1.0,1.0,1.0,,,
E195,S006,SP02,16,2.0,2.0,2.0,2.0,2.0,2.0,,,
E195,S006,SP02,17,1.0,1.0,1.0,1.0,1.0,1.0,,,
E195,S006,SP02,18,1.0,1.0,1.0,1.0,1.0,1.0,,,
E195,S006,SP02,19,1.0,1.0,0.0,0.0,1.0,1.0,0.0,0.0,0.0
E195,S006,SP02,20,1.0,1.0,1.0,1.0,1.0,1.0,,,
E195,S006,SP02,21,1.0,1.0,0.0,0.0,1.0,0.0,0.0,0.0,0.0
E195,S006,SP02,22,1.0,1.0,1.0,1.0,1.0,1.0,,,
E195,S006,SP02,23,1.0,1.0,1.0,1.0,1.0,1.0,,,
E195,S006,SP02,24,1.0,1.0,1.0,1.0,1.0,1.0,,,
E195,S006,SP02,25,1.0,1.0,1.0,1.0,1.0,1.0,,,
E195,S006,SP02,26,1.0,1.0,1.0,1.0,1.0,1.0,,,
E195,S006,SP02,27,1.0,1.0,1.0,1.0,1.0,1.0,,,
E195,S006,SP02,28,1.0,1.0,1.0,1.0,1.0,1.0,,,
E195,S006,SP02,29,1.0,1.0,0.0,0.0,1.0,0.0,0.0,0.0,0.0
E195,S006,SP02,30,2.0,2.0,2.0,2.0,2.0,2.0,,,
E195,S006,SP02,31,2.0,2.0,2.0,2.0,2.0,2.0,,,
E195,S006,SP02,32,2.0,2.0,2.0,2.0,2.0,2.0,,,
E195,S006,SP02,33,1.0,1.0,1.0,1.0,1.0,1.0,,,
E195,S006,SP02,34,2.0,1.0,2.0,2.0,2.0,2.0,1.0,2.0,2.0
E202,S006,SP03,1,2.0,2.0,2.0,2.0,2.0,2.0,,,
E202,S006,SP03,2,3.0,3.0,3.0,3.0,3.0,3.0,,,
E202,S006,SP03,3,3.0,3.0,3.0,3.0,3.0,3.0,,,
E202,S006,SP03,4,2.0,2.0,2.0,2.0,2.0,2.0,,,
E202,S006,SP03,5,1.0,1.0,1.0,1.0,1.0,1.0,,,
E202,S006,SP03,6,2.0,2.0,2.0,2.0,2.0,2.0,,,
E202,S006,SP03,7,2.0,2.0,2.0,2.0,2.0,2.0,,,
E202,S006,SP03,8,1.0,1.0,1.0,1.0,1.0,1.0,,,
E202,S006,SP03,9,1.0,1.0,1.0,1.0,1.0,1.0,,,
E202,S006,SP03,10,1.0,1.0,1.0,1.0,1.0,1.0,,,
E202,S006,SP03,11,2.0,2.0,2.0,2.0,2.0,2.0,,,
E202,S006,SP03,12,2.0,2.0,2.0,2.0,2.0,2.0,,,
E202,S006,SP03,13,2.0,0.0,2.0,2.0,0.0,2.0,0.0,1.0,1.0
E202,S006,SP03,14,2.0,2.0,2.0,2.0,2.0,2.0,,,
E202,S006,SP03,15,2.0,2.0,2.0,2.0,2.0,2.0,,,
E202,S006,SP03,16,2.0,2.0,2.0,2.0,2.0,2.0,,,
E202,S006,SP03,17,2.0,2.0,2.0,2.0,2.0,2.0,,,
E202,S006,SP03,18,1.0,1.0,0.0,0.0,1.0,0.0,0.0,0.0,1.0
E202,S006,SP03,19,1.0,1.0,0.0,0.0,1.0,0.0,0.0,1.0,0.0
E202,S006,SP03,20,1.0,1.0,1.0,1.0,1.0,1.0,,,
E202,S006,SP03,21,1.0,1.0,1.0,1.0,1.0,1.0,,,
E202,S006,SP03,22,1.0,1.0,1.0,1.0,1.0,1.0,,,
E202,S006,SP03,23,1.0,1.0,1.0,1.0,1.0,1.0,,,
E202,S006,SP03,24,1.0,1.0,1.0,1.0,1.0,1.0,,,
E202,S006,SP03,25,1.0,1.0,1.0,1.0,1.0,1.0,,,
E202,S006,SP03,26,1.0,1.0,1.0,1.0,1.0,1.0,,,
E202,S006,SP03,27,1.0,1.0,1.0,1.0,1.0,1.0,,,
E202,S006,SP03,28,1.0,1.0,1.0,1.0,1.0,1.0,,,
E202,S006,SP03,29,1.0,1.0,1.0,1.0,1.0,1.0,,,
E202,S006,SP03,30,1.0,1.0,1.0,1.0,1.0,1.0,,,
E202,S006,SP03,31,1.0,1.0,1.0,1.0,1.0,1.0,,,
E202,S006,SP03,32,1.0,1.0,1.0,1.0,1.0,1.0,,,
E202,S006,SP03,33,3.0,3.0,1.0,1.0,3.0,3.0,2.0,2.0,3.0
E117,S007,SP01,1,2.0,2.0,2.0,2.0,2.0,2.0,,,
E117,S007,SP01,2,3.0,3.0,3.0,3.0,3.0,3.0,,,
E117,S007,SP01,3,2.0,2.0,2.0,2.0,2.0,2.0,,,
E117,S007,SP01,4,2.0,1.0,2.0,2.0,2.0,2.0,0.0,2.0,2.0
E117,S007,SP01,5,2.0,2.0,2.0,2.0,2.0,2.0,,,
E117,S007,SP01,6,2.0,2.0,2.0,2.0,2.0,2.0,,,
E117,S007,SP01,7,2.0,2.0,2.0,2.0,2.0,2.0,,,
E117,S007,SP01,8,2.0,2.0,2.0,2.0,2.0,2.0,,,
E117,S007,SP01,9,2.0,0.5,1.0,1.0,2.0,2.0,1.0,1.0,0.5
E117,S007,SP01,10,2.0,2.0,2.0,2.0,2.0,2.0,,,
E117,S007,SP01,11,2.0,0.5,1.0,1.0,2.0,2.0,1.0,0.0,0.5
E117,S007,SP01,12,1.0,1.0,1.0,1.0,1.0,1.0,,,
E117,S007,SP01,13,1.0,1.0,1.0,1.0,1.0,1.0,,,
E117,S007,SP01,14,1.0,1.0,1.0,1.0,1.0,1.0,,,
E117,S007,SP01,15,1.0,1.0,1.0,1.0,1.0,1.0,,,
E117,S007,SP01,16,1.0,1.0,1.0,1.0,1.0,1.0,,,
E117,S007,SP01,17,1.0,1.0,1.0,1.0,1.0,1.0,,,
E117,S007,SP01,18,1.0,0.0,0.0,0.0,1.0,0.0,,,
E117,S007,SP01,19,1.0,1.0,1.0,1.0,1.0,1.0,,,
E117,S007,SP01,20,1.0,1.0,1.0,1.0,1.0,1.0,,,
E117,S007,SP01,21,1.0,1.0,1.0,1.0,1.0,1.0,,,
E117,S007,SP01,22,1.0,0.0,1.0,1.0,1.0,1.0,1.0,1.0,1.0
E117,S007,SP01,23,1.0,1.0,1.0,1.0,1.0,1.0,,,
E117,S007,SP01,24,1.0,1.0,1.0,1.0,1.0,1.0,,,
E117,S007,SP01,25,2.0,2.0,2.0,2.0,2.0,2.0,,,
E117,S007,SP01,26,1.0,1.0,1.0,1.0,1.0,1.0,,,
E117,S007,SP01,27,1.0,1.0,1.0,1.0,1.0,1.0,,,
E117,S007,SP01,28,1.0,1.0,1.0,1.0,1.0,1.0,,,
E117,S007,SP01,29,2.0,2.0,2.0,2.0,2.0,2.0,,,
E117,S007,SP01,30,2.0,2.0,2.0,2.0,2.0,2.0,,,
E117,S007,SP01,31,2.0,2.0,2.0,2.0,2.0,2.0,,,
E117,S007,SP01,32,1.0,1.0,1.0,1.0,1.0,1.0,,,
E117,S007,SP01,33,2.0,2.0,2.0,2.0,2.0,2.0,,,
E156,S007,SP03,1,2.0,2.0,2.0,2.0,2.0,2.0,,,
E156,S007,SP03,2,3.0,3.0,3.0,3.0,3.0,3.0,,,
E156,S007,SP03,3,3.0,3.0,3.0,3.0,3.0,3.0,,,
E156,S007,SP03,4,2.0,2.0,2.0,2.0,2.0,2.0,,,
E156,S007,SP03,5,1.0,1.0,1.0,1.0,1.0,1.0,,,
E156,S007,SP03,6,2.0,0.0,2.0,2.0,2.0,2.0,2.0,2.0,2.0
E156,S007,SP03,7,2.0,2.0,2.0,2.0,2.0,2.0,,,
E156,S007,SP03,8,1.0,1.0,1.0,1.0,1.0,1.0,,,
E156,S007,SP03,9,1.0,1.0,1.0,1.0,1.0,1.0,,,
E156,S007,SP03,10,1.0,1.0,1.0,1.0,1.0,1.0,,,
E156,S007,SP03,11,2.0,2.0,2.0,2.0,2.0,2.0,,,
E156,S007,SP03,12,2.0,2.0,2.0,2.0,2.0,2.0,,,
E156,S007,SP03,13,2.0,1.0,2.0,2.0,2.0,2.0,2.0,2.0,2.0
E156,S007,SP03,14,2.0,2.0,2.0,2.0,2.0,2.0,,,
E156,S007,SP03,15,2.0,1.0,2.0,2.0,2.0,2.0,1.0,1.0,1.0
E156,S007,SP03,16,2.0,2.0,2.0,2.0,2.0,2.0,,,
E156,S007,SP03,17,2.0,2.0,2.0,2.0,2.0,2.0,,,
E156,S007,SP03,18,1.0,1.0,1.0,1.0,1.0,1.0,,,
E156,S007,SP03,19,1.0,1.0,1.0,1.0,1.0,1.0,,,
E156,S007,SP03,20,1.0,1.0,1.0,1.0,1.0,1.0,,,
E156,S007,SP03,21,1.0,1.0,1.0,1.0,1.0,1.0,,,
E156,S007,SP03,22,1.0,1.0,1.0,1.0,1.0,1.0,,,
E156,S007,SP03,23,1.0,1.0,1.0,1.0,1.0,1.0,,,
E156,S007,SP03,24,1.0,1.0,1.0,1.0,1.0,1.0,,,
E156,S007,SP03,25,1.0,1.0,1.0,1.0,1.0,1.0,,,
E156,S007,SP03,26,1.0,1.0,1.0,1.0,1.0,1.0,,,
E156,S007,SP03,27,1.0,1.0,1.0,1.0,1.0,1.0,,,
E156,S007,SP03,28,1.0,1.0,1.0,1.0,1.0,1.0,,,
E156,S007,SP03,29,1.0,1.0,1.0,1.0,1.0,1.0,,,
E156,S007,SP03,30,1.0,1.0,1.0,1.0,1.0,1.0,,,
E156,S007,SP03,31,1.0,1.0,1.0,1.0,1.0,1.0,,,
E156,S007,SP03,32,1.0,1.0,1.0,1.0,1.0,1.0,,,
E156,S007,SP03,33,3.0,2.0,3.0,3.0,3.0,3.0,2.0,2.0,3.0
E124,S008,SP01,1,2.0,2.0,2.0,2.0,2.0,2.0,,,
E124,S008,SP01,2,3.0,3.0,3.0,3.0,3.0,3.0,,,
E124,S008,SP01,3,2.0,2.0,2.0,2.0,2.0,2.0,,,
E124,S008,SP01,4,2.0,2.0,2.0,2.0,2.0,2.0,,,
E124,S008,SP01,5,2.0,2.0,2.0,2.0,2.0,2.0,,,
E124,S008,SP01,6,2.0,2.0,2.0,2.0,2.0,2.0,,,
E124,S008,SP01,7,2.0,2.0,2.0,2.0,2.0,2.0,,,
E124,S008,SP01,8,2.0,2.0,2.0,2.0,2.0,2.0,,,
E124,S008,SP01,9,2.0,1.0,0.0,0.0,2.0,0.0,0.0,0.0,0.0
E124,S008,SP01,10,2.0,2.0,2.0,2.0,2.0,2.0,,,
E124,S008,SP01,11,2.0,0.0,0.0,0.0,2.0,0.0,,,
E124,S008,SP01,12,1.0,1.0,1.0,1.0,1.0,1.0,,,
E124,S008,SP01,13,1.0,1.0,1.0,1.0,1.0,1.0,,,
E124,S008,SP01,14,1.0,1.0,0.0,0.0,1.0,1.0,0.0,1.0,1.0
E124,S008,SP01,15,1.0,1.0,1.0,1.0,1.0,1.0,,,
E124,S008,SP01,16,1.0,1.0,1.0,1.0,1.0,1.0,,,
E124,S008,SP01,17,1.0,1.0,1.0,1.0,1.0,1.0,,,
E124,S008,SP01,18,1.0,1.0,1.0,1.0,1.0,1.0,,,
E124,S008,SP01,19,1.0,1.0,1.0,1.0,1.0,1.0,,,
E124,S008,SP01,20,1.0,1.0,1.0,1.0,1.0,1.0,,,
E124,S008,SP01,21,1.0,1.0,1.0,1.0,1.0,1.0,,,
E124,S008,SP01,22,1.0,1.0,1.0,1.0,1.0,1.0,,,
E124,S008,SP01,23,1.0,1.0,1.0,1.0,1.0,1.0,,,
E124,S008,SP01,24,1.0,1.0,1.0,1.0,1.0,1.0,,,
E124,S008,SP01,25,2.0,2.0,2.0,2.0,2.0,2.0,,,
E124,S008,SP01,26,1.0,1.0,1.0,1.0,1.0,1.0,,,
E124,S008,SP01,27,1.0,1.0,1.0,1.0,1.0,1.0,,,
E124,S008,SP01,28,1.0,1.0,1.0,1.0,1.0,1.0,,,
E124,S008,SP01,29,2.0,2.0,2.0,2.0,2.0,2.0,,,
E124,S008,SP01,30,2.0,2.0,2.0,2.0,2.0,2.0,,,
E124,S008,SP01,31,2.0,2.0,2.0,2.0,2.0,2.0,,,
E124,S008,SP01,32,1.0,1.0,1.0,1.0,1.0,1.0,,,
E124,S008,SP01,33,2.0,2.0,2.0,2.0,2.0,2.0,,,
E138,S008,SP03,1,2.0,2.0,2.0,2.0,2.0,2.0,,,
E138,S008,SP03,2,3.0,3.0,3.0,3.0,3.0,3.0,,,
E138,S008,SP03,3,3.0,3.0,3.0,3.0,3.0,3.0,,,
E138,S008,SP03,4,2.0,2.0,2.0,2.0,2.0,2.0,,,
E138,S008,SP03,5,1.0,1.0,1.0,1.0,1.0,1.0,,,
E138,S008,SP03,6,2.0,2.0,2.0,2.0,2.0,2.0,,,
E138,S008,SP03,7,2.0,2.0,2.0,2.0,2.0,2.0,,,
E138,S008,SP03,8,1.0,1.0,1.0,1.0,1.0,1.0,,,
E138,S008,SP03,9,1.0,1.0,1.0,1.0,1.0,1.0,,,
E138,S008,SP03,10,1.0,1.0,1.0,1.0,1.0,1.0,,,
E138,S008,SP03,11,2.0,1.0,2.0,2.0,2.0,2.0,0.0,2.0,1.0
E138,S008,SP03,12,2.0,2.0,2.0,2.0,2.0,2.0,,,
E138,S008,SP03,13,2.0,2.0,1.0,1.0,2.0,2.0,1.0,2.0,2.0
E138,S008,SP03,14,2.0,2.0,1.0,1.0,2.0,2.0,0.0,2.0,2.0
E138,S008,SP03,15,2.0,1.0,1.0,1.0,2.0,2.0,,,
E138,S008,SP03,16,2.0,0.0,0.0,0.0,0.0,2.0,,,
E138,S008,SP03,17,2.0,0.0,2.0,2.0,2.0,2.0,0.0,0.0,0.0
E138,S008,SP03,18,1.0,1.0,1.0,1.0,1.0,1.0,,,
E138,S008,SP03,19,1.0,1.0,1.0,1.0,1.0,1.0,,,
E138,S008,SP03,20,1.0,1.0,1.0,1.0,1.0,1.0,,,
E138,S008,SP03,21,1.0,1.0,1.0,1.0,1.0,1.0,,,
E138,S008,SP03,22,1.0,1.0,1.0,1.0,1.0,1.0,,,
E138,S008,SP03,23,1.0,1.0,1.0,1.0,1.0,1.0,,,
E138,S008,SP03,24,1.0,1.0,1.0,1.0,1.0,1.0,,,
E138,S008,SP03,25,1.0,1.0,1.0,1.0,1.0,1.0,,,
E138,S008,SP03,26,1.0,1.0,1.0,1.0,1.0,1.0,,,
E138,S008,SP03,27,1.0,1.0,1.0,1.0,1.0,1.0,,,
E138,S008,SP03,28,1.0,1.0,1.0,1.0,1.0,1.0,,,
E138,S008,SP03,29,1.0,1.0,1.0,1.0,1.0,1.0,,,
E138,S008,SP03,30,1.0,1.0,1.0,1.0,1.0,1.0,,,
E138,S008,SP03,31,1.0,1.0,1.0,1.0,1.0,1.0,,,
E138,S008,SP03,32,1.0,1.0,1.0,1.0,1.0,1.0,,,
E138,S008,SP03,33,3.0,3.0,3.0,3.0,3.0,3.0,,,
E230,S009,SP04,1,2.0,2.0,2.0,2.0,2.0,2.0,,,
E230,S009,SP04,2,3.0,3.0,3.0,3.0,3.0,3.0,,,
E230,S009,SP04,3,3.0,3.0,3.0,3.0,3.0,3.0,,,
E230,S009,SP04,4,2.0,2.0,2.0,2.0,2.0,2.0,,,
E230,S009,SP04,5,1.0,1.0,1.0,1.0,1.0,1.0,,,
E230,S009,SP04,6,1.0,1.0,1.0,1.0,1.0,1.0,,,
E230,S009,SP04,7,2.0,2.0,2.0,2.0,2.0,2.0,,,
E230,S009,SP04,8,1.0,1.0,1.0,1.0,1.0,1.0,,,
E230,S009,SP04,9,1.0,1.0,1.0,1.0,1.0,1.0,,,
E230,S009,SP04,10,1.0,1.0,1.0,1.0,1.0,1.0,,,
E230,S009,SP04,11,1.0,1.0,1.0,1.0,1.0,1.0,,,
E230,S009,SP04,12,1.0,0.0,1.0,1.0,1.0,0.0,0.0,0.0,0.0
E230,S009,SP04,13,1.0,0.0,1.0,1.0,1.0,1.0,1.0,1.0,1.0
E230,S009,SP04,14,1.0,1.0,1.0,1.0,1.0,1.0,,,
E230,S009,SP04,15,1.0,1.0,1.0,1.0,1.0,1.0,,,
E230,S009,SP04,16,1.0,1.0,1.0,1.0,1.0,1.0,,,
E230,S009,SP04,17,1.0,0.0,0.0,0.0,0.0,0.0,,,
E230,S009,SP04,18,1.0,1.0,1.0,1.0,1.0,1.0,,,
E230,S009,SP04,19,1.0,1.0,1.0,1.0,1.0,1.0,,,
E230,S009,SP04,20,1.0,1.0,1.0,1.0,1.0,1.0,,,
E230,S009,SP04,21,2.0,2.0,2.0,2.0,2.0,2.0,,,
E230,S009,SP04,22,1.0,1.0,1.0,1.0,1.0,1.0,,,
E230,S009,SP04,23,1.0,1.0,1.0,1.0,1.0,1.0,,,
E230,S009,SP04,24,1.0,1.0,1.0,1.0,1.0,1.0,,,
E230,S009,SP04,25,1.0,1.0,1.0,1.0,1.0,0.0,,,
E230,S009,SP04,26,1.0,1.0,1.0,1.0,1.0,1.0,,,
E230,S009,SP04,27,1.0,1.0,1.0,1.0,1.0,1.0,,,
E230,S009,SP04,28,1.0,1.0,1.0,1.0,1.0,1.0,,,
E230,S009,SP04,29,1.0,1.0,1.0,1.0,1.0,1.0,,,
E230,S009,SP04,30,2.0,2.0,2.0,2.0,2.0,2.0,,,
E230,S009,SP04,31,1.0,1.0,1.0,1.0,1.0,1.0,,,
E230,S009,SP04,32,1.0,1.0,1.0,1.0,1.0,1.0,,,
E230,S009,SP04,33,1.0,1.0,1.0,1.0,1.0,1.0,,,
E230,S009,SP04,34,1.0,1.0,1.0,1.0,1.0,1.0,,,
E230,S009,SP04,35,1.0,1.0,0.0,0.0,1.0,0.0,0.0,1.0,1.0
E230,S009,SP04,36,2.0,2.0,2.0,2.0,2.0,2.0,,,
E230,S009,SP04,37,1.0,1.0,1.0,1.0,1.0,1.0,,,
E230,S009,SP04,38,1.0,1.0,1.0,1.0,1.0,1.0,,,
E230,S009,SP04,39,2.0,2.0,2.0,2.0,2.0,2.0,,,
E133,S009,SP05,1,2.0,2.0,2.0,2.0,2.0,2.0,,,
E133,S009,SP05,2,3.0,3.0,3.0,3.0,3.0,3.0,,,
E133,S009,SP05,3,3.0,3.0,3.0,3.0,3.0,3.0,,,
E133,S009,SP05,4,2.0,2.0,2.0,2.0,2.0,2.0,,,
E133,S009,SP05,5,1.0,1.0,1.0,1.0,1.0,1.0,,,
E133,S009,SP05,6,1.0,1.0,1.0,1.0,1.0,1.0,,,
E133,S009,SP05,7,1.0,1.0,1.0,1.0,1.0,1.0,,,
E133,S009,SP05,8,1.0,1.0,1.0,1.0,1.0,1.0,,,
E133,S009,SP05,9,1.0,1.0,1.0,1.0,1.0,1.0,,,
E133,S009,SP05,10,1.0,1.0,1.0,1.0,1.0,1.0,,,
E133,S009,SP05,11,1.0,1.0,1.0,1.0,1.0,1.0,,,
E133,S009,SP05,12,1.0,1.0,1.0,1.0,1.0,1.0,,,
E133,S009,SP05,13,1.0,1.0,1.0,1.0,1.0,1.0,,,
E133,S009,SP05,14,1.0,1.0,1.0,1.0,1.0,1.0,,,
E133,S009,SP05,15,1.0,1.0,1.0,1.0,1.0,1.0,,,
E133,S009,SP05,16,1.0,1.0,1.0,1.0,1.0,1.0,,,
E133,S009,SP05,17,1.0,1.0,1.0,1.0,1.0,1.0,,,
E133,S009,SP05,18,1.0,1.0,1.0,1.0,1.0,1.0,,,
E133,S009,SP05,19,1.0,1.0,1.0,1.0,1.0,1.0,,,
E133,S009,SP05,20,1.0,0.0,1.0,1.0,1.0,1.0,0.0,1.0,1.0
E133,S009,SP05,21,1.0,1.0,1.0,1.0,1.0,0.0,,,
E133,S009,SP05,22,1.0,1.0,1.0,1.0,1.0,1.0,,,
E133,S009,SP05,23,1.0,0.0,1.0,1.0,1.0,0.0,0.0,0.0,0.0
E133,S009,SP05,24,1.0,1.0,1.0,1.0,1.0,1.0,,,
E133,S009,SP05,25,1.0,1.0,1.0,1.0,1.0,1.0,,,
E133,S009,SP05,26,1.0,1.0,1.0,1.0,1.0,1.0,,,
E133,S009,SP05,27,1.0,1.0,1.0,1.0,1.0,1.0,,,
E133,S009,SP05,28,1.0,1.0,1.0,1.0,1.0,1.0,,,
E133,S009,SP05,29,1.0,1.0,1.0,1.0,1.0,1.0,,,
E133,S009,SP05,30,1.0,0.0,1.0,1.0,1.0,0.0,0.0,0.0,0.0
E133,S009,SP05,31,1.0,0.0,1.0,1.0,1.0,0.0,0.0,0.0,0.0
E133,S009,SP05,32,1.0,1.0,1.0,1.0,1.0,1.0,,,
E133,S009,SP05,33,2.0,2.0,2.0,2.0,2.0,2.0,,,
E133,S009,SP05,34,1.0,1.0,1.0,1.0,1.0,1.0,,,
E133,S009,SP05,35,1.0,1.0,1.0,1.0,1.0,1.0,,,
E133,S009,SP05,36,1.0,1.0,1.0,1.0,1.0,1.0,,,
E133,S009,SP05,37,1.0,1.0,1.0,1.0,1.0,1.0,,,
E133,S009,SP05,38,2.0,2.0,2.0,2.0,2.0,2.0,,,
E133,S009,SP05,39,2.0,2.0,2.0,2.0,2.0,2.0,,,
E133,S009,SP05,40,2.0,2.0,2.0,2.0,2.0,2.0,,,
E088,S010,SP01,1,2.0,2.0,2.0,2.0,2.0,2.0,,,
E088,S010,SP01,2,3.0,3.0,3.0,3.0,3.0,3.0,,,
E088,S010,SP01,3,2.0,2.0,2.0,2.0,2.0,2.0,,,
E088,S010,SP01,4,2.0,2.0,2.0,2.0,2.0,2.0,,,
E088,S010,SP01,5,2.0,2.0,2.0,2.0,2.0,2.0,,,
E088,S010,SP01,6,2.0,2.0,2.0,2.0,2.0,2.0,,,
E088,S010,SP01,7,2.0,2.0,2.0,2.0,2.0,2.0,,,
E088,S010,SP01,8,2.0,2.0,2.0,2.0,2.0,2.0,,,
E088,S010,SP01,9,2.0,1.5,2.0,2.0,2.0,2.0,1.0,1.0,0.5
E088,S010,SP01,10,2.0,1.5,2.0,2.0,2.0,2.0,2.0,2.0,1.5
E088,S010,SP01,11,2.0,1.8,2.0,2.0,2.0,2.0,1.5,2.0,1.5
E088,S010,SP01,12,1.0,1.0,1.0,1.0,1.0,1.0,,,
E088,S010,SP01,13,1.0,1.0,1.0,1.0,1.0,1.0,,,
E088,S010,SP01,14,1.0,1.0,1.0,1.0,1.0,1.0,,,
E088,S010,SP01,15,1.0,1.0,1.0,1.0,1.0,1.0,,,
E088,S010,SP01,16,1.0,1.0,1.0,1.0,1.0,1.0,,,
E088,S010,SP01,17,1.0,1.0,1.0,1.0,1.0,1.0,,,
E088,S010,SP01,18,1.0,1.0,1.0,1.0,1.0,1.0,,,
E088,S010,SP01,19,1.0,1.0,1.0,1.0,1.0,1.0,,,
E088,S010,SP01,20,1.0,1.0,1.0,1.0,1.0,1.0,,,
E088,S010,SP01,21,1.0,1.0,1.0,1.0,1.0,1.0,,,
E088,S010,SP01,22,1.0,1.0,1.0,1.0,1.0,1.0,,,
E088,S010,SP01,23,1.0,1.0,1.0,1.0,1.0,1.0,,,
E088,S010,SP01,24,1.0,1.0,1.0,1.0,1.0,1.0,,,
E088,S010,SP01,25,2.0,2.0,2.0,2.0,2.0,2.0,,,
E088,S010,SP01,26,1.0,1.0,1.0,1.0,1.0,1.0,,,
E088,S010,SP01,27,1.0,1.0,1.0,1.0,1.0,1.0,,,
E088,S010,SP01,28,1.0,1.0,1.0,1.0,1.0,1.0,,,
E088,S010,SP01,29,2.0,2.0,2.0,2.0,2.0,2.0,,,
E088,S010,SP01,30,2.0,2.0,2.0,2.0,2.0,2.0,,,
E088,S010,SP01,31,2.0,2.0,2.0,2.0,2.0,2.0,,,
E088,S010,SP01,32,1.0,1.0,1.0,1.0,1.0,1.0,,,
E088,S010,SP01,33,2.0,2.0,2.0,2.0,2.0,2.0,,,
E130,S010,SP03,1,2.0,2.0,2.0,2.0,2.0,2.0,,,
E130,S010,SP03,2,3.0,3.0,3.0,3.0,3.0,3.0,,,
E130,S010,SP03,3,3.0,3.0,3.0,3.0,3.0,3.0,,,
E130,S010,SP03,4,2.0,2.0,2.0,2.0,2.0,2.0,,,
E130,S010,SP03,5,1.0,1.0,1.0,1.0,1.0,1.0,,,
E130,S010,SP03,6,2.0,2.0,2.0,2.0,2.0,2.0,,,
E130,S010,SP03,7,2.0,2.0,2.0,2.0,2.0,2.0,,,
E130,S010,SP03,8,1.0,1.0,1.0,1.0,1.0,1.0,,,
E130,S010,SP03,9,1.0,1.0,1.0,1.0,1.0,1.0,,,
E130,S010,SP03,10,1.0,1.0,1.0,1.0,1.0,1.0,,,
E130,S010,SP03,11,2.0,2.0,2.0,2.0,2.0,2.0,,,
E130,S010,SP03,12,2.0,2.0,2.0,2.0,2.0,2.0,,,
E130,S010,SP03,13,2.0,2.0,2.0,2.0,2.0,2.0,,,
E130,S010,SP03,14,2.0,1.0,0.0,0.0,2.0,2.0,0.0,2.0,1.0
E130,S010,SP03,15,2.0,1.0,2.0,2.0,2.0,2.0,1.0,2.0,1.0
E130,S010,SP03,16,2.0,2.0,2.0,2.0,2.0,2.0,,,
E130,S010,SP03,17,2.0,2.0,2.0,2.0,2.0,2.0,,,
E130,S010,SP03,18,1.0,1.0,1.0,1.0,1.0,1.0,,,
E130,S010,SP03,19,1.0,1.0,1.0,1.0,1.0,1.0,,,
E130,S010,SP03,20,1.0,1.0,1.0,1.0,1.0,1.0,,,
E130,S010,SP03,21,1.0,1.0,1.0,1.0,1.0,1.0,,,
E130,S010,SP03,22,1.0,1.0,1.0,1.0,1.0,1.0,,,
E130,S010,SP03,23,1.0,1.0,1.0,1.0,1.0,1.0,,,
E130,S010,SP03,24,1.0,1.0,1.0,1.0,1.0,1.0,,,
E130,S010,SP03,25,1.0,1.0,1.0,1.0,1.0,1.0,,,
E130,S010,SP03,26,1.0,1.0,1.0,1.0,1.0,1.0,,,
E130,S010,SP03,27,1.0,1.0,1.0,1.0,1.0,1.0,,,
E130,S010,SP03,28,1.0,1.0,1.0,1.0,1.0,1.0,,,
E130,S010,SP03,29,1.0,1.0,1.0,1.0,1.0,1.0,,,
E130,S010,SP03,30,1.0,1.0,1.0,1.0,1.0,1.0,,,
E130,S010,SP03,31,1.0,1.0,1.0,1.0,1.0,1.0,,,
E130,S010,SP03,32,1.0,1.0,1.0,1.0,1.0,1.0,,,
E130,S010,SP03,33,3.0,2.0,3.0,3.0,3.0,3.0,3.0,3.0,3.0
E143,S011,SP01,1,2.0,2.0,2.0,2.0,2.0,2.0,,,
E143,S011,SP01,2,3.0,3.0,3.0,3.0,3.0,3.0,,,
E143,S011,SP01,3,2.0,2.0,2.0,2.0,2.0,2.0,,,
E143,S011,SP01,4,2.0,2.0,0.0,0.0,2.0,2.0,0.0,0.0,0.0
E143,S011,SP01,5,2.0,2.0,2.0,2.0,2.0,2.0,,,
E143,S011,SP01,6,2.0,2.0,2.0,2.0,2.0,2.0,,,
E143,S011,SP01,7,2.0,2.0,2.0,2.0,2.0,2.0,,,
E143,S011,SP01,8,2.0,2.0,2.0,2.0,2.0,2.0,,,
E143,S011,SP01,9,2.0,2.0,0.0,0.0,0.5,2.0,0.0,0.0,0.5
E143,S011,SP01,10,2.0,2.0,0.0,0.0,2.0,2.0,0.0,1.0,0.0
E143,S011,SP01,11,2.0,2.0,1.0,1.0,1.5,2.0,1.0,2.0,1.5
E143,S011,SP01,12,1.0,0.0,0.0,0.0,0.0,1.0,,,
E143,S011,SP01,13,1.0,0.0,0.0,0.0,0.0,1.0,,,
E143,S011,SP01,14,1.0,0.0,0.0,0.0,0.0,1.0,,,
E143,S011,SP01,15,1.0,0.0,0.0,0.0,0.0,0.0,,,
E143,S011,SP01,16,1.0,0.0,0.0,0.0,0.0,0.0,,,
E143,S011,SP01,17,1.0,1.0,1.0,1.0,1.0,1.0,,,
E143,S011,SP01,18,1.0,0.0,1.0,1.0,1.0,1.0,1.0,1.0,1.0
E143,S011,SP01,19,1.0,1.0,1.0,1.0,1.0,1.0,,,
E143,S011,SP01,20,1.0,1.0,1.0,1.0,1.0,1.0,,,
E143,S011,SP01,21,1.0,1.0,1.0,1.0,1.0,1.0,,,
E143,S011,SP01,22,1.0,1.0,1.0,1.0,1.0,1.0,,,
E143,S011,SP01,23,1.0,1.0,1.0,1.0,1.0,1.0,,,
E143,S011,SP01,24,1.0,1.0,1.0,1.0,1.0,1.0,,,
E143,S011,SP01,25,2.0,2.0,2.0,2.0,2.0,2.0,,,
E143,S011,SP01,26,1.0,1.0,1.0,1.0,1.0,1.0,,,
E143,S011,SP01,27,1.0,1.0,1.0,1.0,1.0,1.0,,,
E143,S011,SP01,28,1.0,1.0,1.0,1.0,1.0,1.0,,,
E143,S011,SP01,29,2.0,2.0,2.0,2.0,2.0,2.0,,,
E143,S011,SP01,30,2.0,2.0,2.0,2.0,2.0,2.0,,,
E143,S011,SP01,31,2.0,2.0,2.0,2.0,2.0,2.0,,,
E143,S011,SP01,32,1.0,1.0,1.0,1.0,1.0,1.0,,,
E143,S011,SP01,33,2.0,2.0,2.0,2.0,2.0,2.0,,,
E240,S011,SP02,1,2.0,2.0,2.0,2.0,2.0,2.0,,,
E240,S011,SP02,2,3.0,3.0,3.0,3.0,3.0,3.0,,,
E240,S011,SP02,3,2.0,2.0,2.0,2.0,2.0,2.0,,,
E240,S011,SP02,4,2.0,2.0,2.0,2.0,2.0,2.0,,,
E240,S011,SP02,5,1.0,0.0,1.0,1.0,1.0,1.0,0.5,1.0,1.0
E240,S011,SP02,6,1.0,0.0,0.0,0.0,0.0,1.0,,,
E240,S011,SP02,7,2.0,0.0,0.0,0.0,0.0,2.0,,,
E240,S011,SP02,8,2.0,2.0,2.0,2.0,2.0,2.0,,,
E240,S011,SP02,9,2.0,1.0,2.0,2.0,2.0,2.0,2.0,2.0,2.0
E240,S011,SP02,10,1.0,1.0,1.0,1.0,1.0,1.0,,,
E240,S011,SP02,11,2.0,2.0,2.0,2.0,1.5,2.0,,,
E240,S011,SP02,12,2.0,1.0,1.0,1.0,1.0,2.0,,,
E240,S011,SP02,13,2.0,0.0,0.0,0.0,0.0,2.0,,,
E240,S011,SP02,14,1.0,0.0,1.0,1.0,0.5,1.0,0.5,1.0,0.5
E240,S011,SP02,15,1.0,1.0,1.0,1.0,1.0,1.0,,,
E240,S011,SP02,16,2.0,2.0,2.0,2.0,2.0,2.0,,,
E240,S011,SP02,17,1.0,1.0,1.0,1.0,1.0,1.0,,,
E240,S011,SP02,18,1.0,1.0,1.0,1.0,1.0,1.0,,,
E240,S011,SP02,19,1.0,1.0,1.0,1.0,0.5,1.0,,,
E240,S011,SP02,20,1.0,1.0,1.0,1.0,1.0,1.0,,,
E240,S011,SP02,21,1.0,1.0,1.0,1.0,1.0,1.0,,,
E240,S011,SP02,22,1.0,1.0,1.0,1.0,1.0,1.0,,,
E240,S011,SP02,23,1.0,1.0,1.0,1.0,1.0,1.0,,,
E240,S011,SP02,24,1.0,1.0,1.0,1.0,1.0,1.0,,,
E240,S011,SP02,25,1.0,1.0,1.0,1.0,1.0,1.0,,,
E240,S011,SP02,26,1.0,1.0,1.0,1.0,1.0,1.0,,,
E240,S011,SP02,27,1.0,1.0,1.0,1.0,1.0,1.0,,,
E240,S011,SP02,28,1.0,1.0,1.0,1.0,1.0,1.0,,,
E240,S011,SP02,29,1.0,1.0,1.0,1.0,1.0,1.0,,,
E240,S011,SP02,30,2.0,2.0,0.0,0.0,0.0,2.0,0.0,0.0,0.0
E240,S011,SP02,31,2.0,2.0,2.0,2.0,2.0,2.0,,,
E240,S011,SP02,32,2.0,2.0,2.0,2.0,2.0,2.0,,,
E240,S011,SP02,33,1.0,1.0,1.0,1.0,1.0,1.0,,,
E240,S011,SP02,34,2.0,2.0,2.0,2.0,2.0,2.0,,,
E026,S011,SP03,1,2.0,2.0,2.0,2.0,2.0,2.0,,,
E026,S011,SP03,2,3.0,3.0,3.0,3.0,3.0,3.0,,,
E026,S011,SP03,3,3.0,3.0,3.0,3.0,3.0,3.0,,,
E026,S011,SP03,4,2.0,2.0,2.0,2.0,2.0,2.0,,,
E026,S011,SP03,5,1.0,1.0,1.0,1.0,1.0,1.0,,,
E026,S011,SP03,6,2.0,2.0,2.0,2.0,2.0,2.0,,,
E026,S011,SP03,7,2.0,2.0,2.0,2.0,2.0,2.0,,,
E026,S011,SP03,8,1.0,1.0,1.0,1.0,1.0,1.0,,,
E026,S011,SP03,9,1.0,1.0,1.0,1.0,1.0,1.0,,,
E026,S011,SP03,10,1.0,1.0,1.0,1.0,1.0,1.0,,,
E026,S011,SP03,11,2.0,2.0,2.0,2.0,2.0,2.0,,,
E026,S011,SP03,12,2.0,2.0,2.0,2.0,2.0,2.0,,,
E026,S011,SP03,13,2.0,1.0,2.0,2.0,2.0,2.0,0.0,2.0,2.0
E026,S011,SP03,14,2.0,1.0,2.0,2.0,0.0,2.0,0.0,1.0,1.0
E026,S011,SP03,15,2.0,1.0,2.0,2.0,2.0,2.0,0.0,1.0,1.0
E026,S011,SP03,16,2.0,2.0,2.0,2.0,2.0,2.0,,,
E026,S011,SP03,17,2.0,2.0,2.0,2.0,2.0,2.0,,,
E026,S011,SP03,18,1.0,1.0,1.0,1.0,1.0,1.0,,,
E026,S011,SP03,19,1.0,1.0,1.0,1.0,1.0,1.0,,,
E026,S011,SP03,20,1.0,1.0,1.0,1.0,1.0,1.0,,,
E026,S011,SP03,21,1.0,1.0,1.0,1.0,1.0,1.0,,,
E026,S011,SP03,22,1.0,1.0,1.0,1.0,1.0,1.0,,,
E026,S011,SP03,23,1.0,0.0,1.0,1.0,1.0,1.0,1.0,1.0,1.0
E026,S011,SP03,24,1.0,1.0,1.0,1.0,1.0,1.0,,,
E026,S011,SP03,25,1.0,1.0,1.0,1.0,1.0,1.0,,,
E026,S011,SP03,26,1.0,1.0,1.0,1.0,1.0,1.0,,,
E026,S011,SP03,27,1.0,1.0,1.0,1.0,1.0,1.0,,,
E026,S011,SP03,28,1.0,1.0,1.0,1.0,1.0,1.0,,,
E026,S011,SP03,29,1.0,1.0,1.0,1.0,1.0,1.0,,,
E026,S011,SP03,30,1.0,1.0,1.0,1.0,1.0,1.0,,,
E026,S011,SP03,31,1.0,1.0,1.0,1.0,1.0,1.0,,,
E026,S011,SP03,32,1.0,1.0,1.0,1.0,1.0,1.0,,,
E026,S011,SP03,33,3.0,3.0,3.0,3.0,3.0,3.0,,,
E236,S012,SP01,1,2.0,2.0,2.0,2.0,2.0,2.0,,,
E236,S012,SP01,2,3.0,3.0,3.0,3.0,3.0,3.0,,,
E236,S012,SP01,3,2.0,2.0,2.0,2.0,2.0,2.0,,,
E236,S012,SP01,4,2.0,0.0,0.0,0.0,2.0,2.0,,,
E236,S012,SP01,5,2.0,2.0,2.0,2.0,2.0,2.0,,,
E236,S012,SP01,6,2.0,2.0,2.0,2.0,2.0,2.0,,,
E236,S012,SP01,7,2.0,2.0,2.0,2.0,2.0,2.0,,,
E236,S012,SP01,8,2.0,2.0,2.0,2.0,2.0,2.0,,,
E236,S012,SP01,9,2.0,1.0,0.0,0.0,0.5,2.0,1.0,1.0,0.5
E236,S012,SP01,10,2.0,2.0,2.0,2.0,2.0,2.0,,,
E236,S012,SP01,11,2.0,1.0,1.0,1.0,1.5,2.0,,,
E236,S012,SP01,12,1.0,1.0,1.0,1.0,1.0,1.0,,,
E236,S012,SP01,13,1.0,1.0,1.0,1.0,1.0,1.0,,,
E236,S012,SP01,14,1.0,1.0,1.0,1.0,1.0,1.0,,,
E236,S012,SP01,15,1.0,1.0,1.0,1.0,1.0,1.0,,,
E236,S012,SP01,16,1.0,1.0,1.0,1.0,1.0,1.0,,,
E236,S012,SP01,17,1.0,1.0,1.0,1.0,1.0,1.0,,,
E236,S012,SP01,18,1.0,0.0,0.0,0.0,1.0,1.0,,,
E236,S012,SP01,19,1.0,1.0,1.0,1.0,1.0,1.0,,,
E236,S012,SP01,20,1.0,1.0,1.0,1.0,1.0,1.0,,,
E236,S012,SP01,21,1.0,0.0,1.0,1.0,1.0,1.0,1.0,1.0,1.0
E236,S012,SP01,22,1.0,1.0,1.0,1.0,1.0,1.0,,,
E236,S012,SP01,23,1.0,1.0,1.0,1.0,1.0,1.0,,,
E236,S012,SP01,24,1.0,1.0,1.0,1.0,1.0,1.0,,,
E236,S012,SP01,25,2.0,2.0,2.0,2.0,2.0,2.0,,,
E236,S012,SP01,26,1.0,1.0,1.0,1.0,1.0,1.0,,,
E236,S012,SP01,27,1.0,1.0,1.0,1.0,1.0,1.0,,,
E236,S012,SP01,28,1.0,1.0,1.0,1.0,1.0,1.0,,,
E236,S012,SP01,29,2.0,2.0,2.0,2.0,2.0,2.0,,,
E236,S012,SP01,30,2.0,2.0,2.0,2.0,2.0,2.0,,,
E236,S012,SP01,31,2.0,1.0,1.0,1.0,2.0,2.0,,,
E236,S012,SP01,32,1.0,1.0,1.0,1.0,1.0,1.0,,,
E236,S012,SP01,33,2.0,0.0,0.0,0.0,2.0,2.0,,,
E120,S012,SP02,1,2.0,2.0,2.0,2.0,2.0,2.0,,,
E120,S012,SP02,2,3.0,3.0,3.0,3.0,3.0,3.0,,,
E120,S012,SP02,3,2.0,2.0,2.0,2.0,2.0,2.0,,,
E120,S012,SP02,4,2.0,2.0,2.0,2.0,2.0,2.0,,,
E120,S012,SP02,5,1.0,1.0,1.0,1.0,1.0,1.0,,,
E120,S012,SP02,6,1.0,1.0,1.0,1.0,1.0,1.0,,,
E120,S012,SP02,7,2.0,2.0,2.0,2.0,2.0,2.0,,,
E120,S012,SP02,8,2.0,2.0,2.0,2.0,2.0,2.0,,,
E120,S012,SP02,9,2.0,2.0,2.0,2.0,2.0,2.0,,,
E120,S012,SP02,10,1.0,1.0,1.0,1.0,1.0,1.0,,,
E120,S012,SP02,11,2.0,2.0,2.0,2.0,2.0,2.0,,,
E120,S012,SP02,12,2.0,1.0,1.0,1.0,1.0,2.0,,,
E120,S012,SP02,13,2.0,1.0,0.0,0.0,0.0,2.0,0.0,0.0,0.0
E120,S012,SP02,14,1.0,1.0,1.0,1.0,1.0,1.0,,,
E120,S012,SP02,15,1.0,1.0,1.0,1.0,1.0,1.0,,,
E120,S012,SP02,16,2.0,2.0,1.0,1.0,2.0,2.0,2.0,2.0,2.0
E120,S012,SP02,17,1.0,1.0,1.0,1.0,1.0,1.0,,,
E120,S012,SP02,18,1.0,1.0,1.0,1.0,1.0,1.0,,,
E120,S012,SP02,19,1.0,1.0,1.0,1.0,1.0,1.0,,,
E120,S012,SP02,20,1.0,1.0,1.0,1.0,1.0,1.0,,,
E120,S012,SP02,21,1.0,1.0,1.0,1.0,1.0,1.0,,,
E120,S012,SP02,22,1.0,1.0,1.0,1.0,1.0,1.0,,,
E120,S012,SP02,23,1.0,1.0,1.0,1.0,1.0,1.0,,,
E120,S012,SP02,24,1.0,1.0,1.0,1.0,1.0,1.0,,,
E120,S012,SP02,25,1.0,1.0,1.0,1.0,1.0,1.0,,,
E120,S012,SP02,26,1.0,1.0,1.0,1.0,1.0,1.0,,,
E120,S012,SP02,27,1.0,1.0,1.0,1.0,1.0,1.0,,,
E120,S012,SP02,28,1.0,1.0,1.0,1.0,1.0,1.0,,,
E120,S012,SP02,29,1.0,0.0,1.0,1.0,1.0,1.0,1.0,1.0,1.0
E120,S012,SP02,30,2.0,2.0,2.0,2.0,2.0,2.0,,,
E120,S012,SP02,31,2.0,2.0,2.0,2.0,2.0,2.0,,,
E120,S012,SP02,32,2.0,2.0,2.0,2.0,2.0,2.0,,,
E120,S012,SP02,33,1.0,1.0,1.0,1.0,1.0,1.0,,,
E120,S012,SP02,34,2.0,2.0,2.0,2.0,2.0,2.0,,,
E228,S012,SP03,1,2.0,2.0,2.0,2.0,2.0,2.0,,,
E228,S012,SP03,2,3.0,3.0,3.0,3.0,3.0,3.0,,,
E228,S012,SP03,3,3.0,3.0,3.0,3.0,3.0,3.0,,,
E228,S012,SP03,4,2.0,2.0,2.0,2.0,2.0,2.0,,,
E228,S012,SP03,5,1.0,1.0,1.0,1.0,1.0,1.0,,,
E228,S012,SP03,6,2.0,1.0,2.0,2.0,2.0,2.0,2.0,2.0,2.0
E228,S012,SP03,7,2.0,2.0,2.0,2.0,2.0,2.0,,,
E228,S012,SP03,8,1.0,1.0,1.0,1.0,1.0,1.0,,,
E228,S012,SP03,9,1.0,1.0,1.0,1.0,1.0,1.0,,,
E228,S012,SP03,10,1.0,1.0,1.0,1.0,1.0,1.0,,,
E228,S012,SP03,11,2.0,2.0,2.0,2.0,2.0,2.0,,,
E228,S012,SP03,12,2.0,2.0,2.0,2.0,2.0,2.0,,,
E228,S012,SP03,13,2.0,1.0,2.0,2.0,2.0,2.0,0.0,2.0,2.0
E228,S012,SP03,14,2.0,0.0,1.0,1.0,2.0,2.0,1.0,2.0,1.0
E228,S012,SP03,15,2.0,1.0,1.0,1.0,2.0,2.0,,,
E228,S012,SP03,16,2.0,2.0,2.0,2.0,2.0,2.0,,,
E228,S012,SP03,17,2.0,2.0,2.0,2.0,2.0,2.0,,,
E228,S012,SP03,18,1.0,1.0,1.0,1.0,1.0,1.0,,,
E228,S012,SP03,19,1.0,1.0,1.0,1.0,1.0,1.0,,,
E228,S012,SP03,20,1.0,1.0,1.0,1.0,1.0,1.0,,,
E228,S012,SP03,21,1.0,1.0,1.0,1.0,1.0,1.0,,,
E228,S012,SP03,22,1.0,1.0,1.0,1.0,1.0,1.0,,,
E228,S012,SP03,23,1.0,1.0,1.0,1.0,1.0,1.0,,,
E228,S012,SP03,24,1.0,1.0,1.0,1.0,1.0,1.0,,,
E228,S012,SP03,25,1.0,1.0,1.0,1.0,1.0,1.0,,,
E228,S012,SP03,26,1.0,1.0,1.0,1.0,1.0,1.0,,,
E228,S012,SP03,27,1.0,1.0,1.0,1.0,1.0,1.0,,,
E228,S012,SP03,28,1.0,1.0,1.0,1.0,1.0,1.0,,,
E228,S012,SP03,29,1.0,1.0,1.0,1.0,1.0,1.0,,,
E228,S012,SP03,30,1.0,1.0,1.0,1.0,1.0,1.0,,,
E228,S012,SP03,31,1.0,1.0,1.0,1.0,1.0,1.0,,,
E228,S012,SP03,32,1.0,1.0,1.0,1.0,1.0,1.0,,,
E228,S012,SP03,33,3.0,2.0,3.0,3.0,3.0,3.0,2.0,2.0,3.0
E095,S013,SP01,1,2.0,2.0,2.0,2.0,2.0,2.0,,,
E095,S013,SP01,2,3.0,3.0,3.0,3.0,3.0,3.0,,,
E095,S013,SP01,3,2.0,2.0,2.0,2.0,2.0,2.0,,,
E095,S013,SP01,4,2.0,2.0,2.0,2.0,2.0,2.0,,,
E095,S013,SP01,5,2.0,2.0,0.0,0.0,0.0,2.0,0.0,1.0,1.0
E095,S013,SP01,6,2.0,2.0,2.0,2.0,2.0,2.0,,,
E095,S013,SP01,7,2.0,2.0,2.0,2.0,2.0,2.0,,,
E095,S013,SP01,8,2.0,2.0,2.0,2.0,2.0,2.0,,,
E095,S013,SP01,9,2.0,2.0,1.0,1.0,2.0,2.0,1.5,2.0,1.0
E095,S013,SP01,10,2.0,2.0,2.0,2.0,2.0,2.0,,,
E095,S013,SP01,11,2.0,2.0,1.5,1.5,2.0,2.0,0.5,2.0,1.0
E095,S013,SP01,12,1.0,1.0,1.0,1.0,1.0,1.0,,,
E095,S013,SP01,13,1.0,1.0,1.0,1.0,1.0,1.0,,,
E095,S013,SP01,14,1.0,1.0,1.0,1.0,1.0,1.0,,,
E095,S013,SP01,15,1.0,1.0,1.0,1.0,1.0,1.0,,,
E095,S013,SP01,16,1.0,1.0,1.0,1.0,1.0,1.0,,,
E095,S013,SP01,17,1.0,1.0,1.0,1.0,1.0,1.0,,,
E095,S013,SP01,18,1.0,1.0,1.0,1.0,1.0,1.0,,,
E095,S013,SP01,19,1.0,1.0,1.0,1.0,1.0,1.0,,,
E095,S013,SP01,20,1.0,1.0,1.0,1.0,1.0,1.0,,,
E095,S013,SP01,21,1.0,0.0,1.0,1.0,1.0,1.0,1.0,1.0,1.0
E095,S013,SP01,22,1.0,0.0,0.0,0.0,1.0,0.0,,,
E095,S013,SP01,23,1.0,1.0,1.0,1.0,1.0,1.0,,,
E095,S013,SP01,24,1.0,1.0,1.0,1.0,1.0,1.0,,,
E095,S013,SP01,25,2.0,2.0,2.0,2.0,2.0,2.0,,,
E095,S013,SP01,26,1.0,1.0,1.0,1.0,1.0,1.0,,,
E095,S013,SP01,27,1.0,1.0,1.0,1.0,1.0,1.0,,,
E095,S013,SP01,28,1.0,1.0,0.0,0.0,0.0,0.0,0.0,0.0,0.0
E095,S013,SP01,29,2.0,2.0,2.0,2.0,2.0,2.0,,,
E095,S013,SP01,30,2.0,2.0,2.0,2.0,2.0,2.0,,,
E095,S013,SP01,31,2.0,2.0,2.0,2.0,2.0,2.0,,,
E095,S013,SP01,32,1.0,1.0,1.0,1.0,1.0,1.0,,,
E095,S013,SP01,33,2.0,2.0,2.0,2.0,2.0,2.0,,,
E192,S013,SP02,1,2.0,2.0,2.0,2.0,2.0,2.0,,,
E192,S013,SP02,2,3.0,3.0,3.0,3.0,3.0,3.0,,,
E192,S013,SP02,3,2.0,2.0,2.0,2.0,2.0,2.0,,,
E192,S013,SP02,4,2.0,2.0,2.0,2.0,2.0,2.0,,,
E192,S013,SP02,5,1.0,0.0,1.0,1.0,1.0,1.0,0.5,1.0,1.0
E192,S013,SP02,6,1.0,1.0,1.0,1.0,1.0,1.0,,,
E192,S013,SP02,7,2.0,2.0,2.0,2.0,2.0,2.0,,,
E192,S013,SP02,8,2.0,2.0,2.0,2.0,2.0,2.0,,,
E192,S013,SP02,9,2.0,1.0,2.0,2.0,2.0,2.0,0.0,1.0,1.0
E192,S013,SP02,10,1.0,1.0,1.0,1.0,1.0,1.0,,,
E192,S013,SP02,11,2.0,2.0,2.0,2.0,2.0,2.0,,,
E192,S013,SP02,12,2.0,1.0,1.0,1.0,2.0,1.0,,,
E192,S013,SP02,13,2.0,2.0,2.0,2.0,2.0,2.0,,,
E192,S013,SP02,14,1.0,1.0,1.0,1.0,1.0,1.0,,,
E192,S013,SP02,15,1.0,1.0,1.0,1.0,1.0,1.0,,,
E192,S013,SP02,16,2.0,2.0,2.0,2.0,2.0,2.0,,,
E192,S013,SP02,17,1.0,1.0,1.0,1.0,1.0,1.0,,,
E192,S013,SP02,18,1.0,1.0,0.0,0.0,1.0,1.0,0.0,0.0,0.0
E192,S013,SP02,19,1.0,1.0,1.0,1.0,1.0,1.0,,,
E192,S013,SP02,20,1.0,0.0,0.0,0.0,1.0,1.0,,,
E192,S013,SP02,21,1.0,0.0,0.0,0.0,1.0,1.0,,,
E192,S013,SP02,22,1.0,0.0,0.0,0.0,1.0,1.0,,,
E192,S013,SP02,23,1.0,0.0,0.0,0.0,1.0,0.0,,,
E192,S013,SP02,24,1.0,1.0,1.0,1.0,1.0,1.0,,,
E192,S013,SP02,25,1.0,1.0,1.0,1.0,1.0,1.0,,,
E192,S013,SP02,26,1.0,1.0,1.0,1.0,1.0,1.0,,,
E192,S013,SP02,27,1.0,1.0,1.0,1.0,1.0,1.0,,,
E192,S013,SP02,28,1.0,1.0,1.0,1.0,1.0,1.0,,,
E192,S013,SP02,29,1.0,1.0,1.0,1.0,1.0,1.0,,,
E192,S013,SP02,30,2.0,2.0,2.0,2.0,2.0,2.0,,,
E192,S013,SP02,31,2.0,2.0,2.0,2.0,2.0,2.0,,,
E192,S013,SP02,32,2.0,2.0,2.0,2.0,2.0,2.0,,,
E192,S013,SP02,33,1.0,1.0,1.0,1.0,1.0,1.0,,,
E192,S013,SP02,34,2.0,2.0,2.0,2.0,2.0,2.0,,,
E016,S013,SP03,1,2.0,2.0,2.0,2.0,2.0,2.0,,,
E016,S013,SP03,2,3.0,3.0,3.0,3.0,3.0,3.0,,,
E016,S013,SP03,3,3.0,3.0,3.0,3.0,3.0,3.0,,,
E016,S013,SP03,4,2.0,2.0,2.0,2.0,2.0,2.0,,,
E016,S013,SP03,5,1.0,1.0,1.0,1.0,1.0,1.0,,,
E016,S013,SP03,6,2.0,2.0,2.0,2.0,2.0,2.0,,,
E016,S013,SP03,7,2.0,2.0,2.0,2.0,2.0,2.0,,,
E016,S013,SP03,8,1.0,1.0,1.0,1.0,1.0,1.0,,,
E016,S013,SP03,9,1.0,1.0,1.0,1.0,1.0,1.0,,,
E016,S013,SP03,10,1.0,1.0,1.0,1.0,1.0,1.0,,,
E016,S013,SP03,11,2.0,2.0,2.0,2.0,2.0,2.0,,,
E016,S013,SP03,12,2.0,2.0,2.0,2.0,2.0,2.0,,,
E016,S013,SP03,13,2.0,1.0,2.0,2.0,2.0,2.0,0.0,2.0,2.0
E016,S013,SP03,14,2.0,0.0,2.0,2.0,2.0,2.0,1.0,1.0,1.0
E016,S013,SP03,15,2.0,2.0,2.0,2.0,2.0,1.0,,,
E016,S013,SP03,16,2.0,2.0,2.0,2.0,2.0,2.0,,,
E016,S013,SP03,17,2.0,2.0,2.0,2.0,2.0,2.0,,,
E016,S013,SP03,18,1.0,1.0,1.0,1.0,1.0,1.0,,,
E016,S013,SP03,19,1.0,1.0,1.0,1.0,1.0,1.0,,,
E016,S013,SP03,20,1.0,1.0,1.0,1.0,1.0,1.0,,,
E016,S013,SP03,21,1.0,1.0,1.0,1.0,1.0,1.0,,,
E016,S013,SP03,22,1.0,1.0,1.0,1.0,1.0,1.0,,,
E016,S013,SP03,23,1.0,1.0,1.0,1.0,1.0,1.0,,,
E016,S013,SP03,24,1.0,1.0,1.0,1.0,1.0,1.0,,,
E016,S013,SP03,25,1.0,1.0,1.0,1.0,1.0,1.0,,,
E016,S013,SP03,26,1.0,1.0,1.0,1.0,1.0,1.0,,,
E016,S013,SP03,27,1.0,1.0,1.0,1.0,1.0,1.0,,,
E016,S013,SP03,28,1.0,1.0,1.0,1.0,1.0,1.0,,,
E016,S013,SP03,29,1.0,1.0,1.0,1.0,1.0,1.0,,,
E016,S013,SP03,30,1.0,1.0,1.0,1.0,1.0,1.0,,,
E016,S013,SP03,31,1.0,1.0,1.0,1.0,1.0,1.0,,,
E016,S013,SP03,32,1.0,1.0,1.0,1.0,1.0,1.0,,,
E016,S013,SP03,33,3.0,3.0,3.0,3.0,3.0,3.0,,,
E142,S014,SP04,1,2.0,2.0,2.0,2.0,2.0,2.0,,,
E142,S014,SP04,2,3.0,3.0,3.0,3.0,3.0,3.0,,,
E142,S014,SP04,3,3.0,3.0,3.0,3.0,3.0,3.0,,,
E142,S014,SP04,4,2.0,2.0,2.0,2.0,2.0,2.0,,,
E142,S014,SP04,5,1.0,1.0,1.0,1.0,1.0,1.0,,,
E142,S014,SP04,6,1.0,1.0,1.0,1.0,1.0,1.0,,,
E142,S014,SP04,7,2.0,2.0,2.0,2.0,2.0,2.0,,,
E142,S014,SP04,8,1.0,1.0,1.0,1.0,1.0,1.0,,,
E142,S014,SP04,9,1.0,1.0,1.0,1.0,1.0,1.0,,,
E142,S014,SP04,10,1.0,1.0,1.0,1.0,1.0,1.0,,,
E142,S014,SP04,11,1.0,1.0,1.0,1.0,1.0,1.0,,,
E142,S014,SP04,12,1.0,0.0,1.0,1.0,0.0,1.0,0.0,0.0,0.0
E142,S014,SP04,13,1.0,1.0,1.0,1.0,1.0,1.0,,,
E142,S014,SP04,14,1.0,1.0,1.0,1.0,1.0,1.0,,,
E142,S014,SP04,15,1.0,1.0,1.0,1.0,1.0,1.0,,,
E142,S014,SP04,16,1.0,1.0,1.0,1.0,1.0,1.0,,,
E142,S014,SP04,17,1.0,0.0,0.0,0.0,1.0,1.0,,,
E142,S014,SP04,18,1.0,0.0,0.0,0.0,1.0,0.0,,,
E142,S014,SP04,19,1.0,1.0,1.0,1.0,1.0,1.0,,,
E142,S014,SP04,20,1.0,1.0,1.0,1.0,1.0,1.0,,,
E142,S014,SP04,21,2.0,2.0,2.0,2.0,2.0,2.0,,,
E142,S014,SP04,22,1.0,1.0,1.0,1.0,1.0,1.0,,,
E142,S014,SP04,23,1.0,1.0,1.0,1.0,1.0,1.0,,,
E142,S014,SP04,24,1.0,1.0,1.0,1.0,1.0,1.0,,,
E142,S014,SP04,25,1.0,1.0,1.0,1.0,1.0,1.0,,,
E142,S014,SP04,26,1.0,1.0,1.0,1.0,1.0,1.0,,,
E142,S014,SP04,27,1.0,1.0,1.0,1.0,1.0,1.0,,,
E142,S014,SP04,28,1.0,1.0,1.0,1.0,1.0,1.0,,,
E142,S014,SP04,29,1.0,0.0,0.0,0.0,1.0,0.0,,,
E142,S014,SP04,30,2.0,2.0,2.0,2.0,2.0,2.0,,,
E142,S014,SP04,31,1.0,1.0,1.0,1.0,1.0,1.0,,,
E142,S014,SP04,32,1.0,1.0,1.0,1.0,1.0,1.0,,,
E142,S014,SP04,33,1.0,1.0,1.0,1.0,1.0,1.0,,,
E142,S014,SP04,34,1.0,1.0,1.0,1.0,1.0,1.0,,,
E142,S014,SP04,35,1.0,0.0,0.0,0.0,0.0,0.0,,,
E142,S014,SP04,36,2.0,2.0,2.0,2.0,2.0,2.0,,,
E142,S014,SP04,37,1.0,1.0,1.0,1.0,1.0,1.0,,,
E142,S014,SP04,38,1.0,1.0,1.0,1.0,1.0,1.0,,,
E142,S014,SP04,39,2.0,2.0,2.0,2.0,2.0,2.0,,,
E096,S014,SP05,1,2.0,2.0,2.0,2.0,2.0,2.0,,,
E096,S014,SP05,2,3.0,3.0,3.0,3.0,3.0,3.0,,,
E096,S014,SP05,3,3.0,3.0,3.0,3.0,3.0,3.0,,,
E096,S014,SP05,4,2.0,2.0,2.0,2.0,2.0,2.0,,,
E096,S014,SP05,5,1.0,1.0,1.0,1.0,1.0,1.0,,,
E096,S014,SP05,6,1.0,1.0,1.0,1.0,1.0,1.0,,,
E096,S014,SP05,7,1.0,1.0,1.0,1.0,1.0,1.0,,,
E096,S014,SP05,8,1.0,1.0,1.0,1.0,1.0,1.0,,,
E096,S014,SP05,9,1.0,1.0,1.0,1.0,1.0,1.0,,,
E096,S014,SP05,10,1.0,1.0,1.0,1.0,1.0,1.0,,,
E096,S014,SP05,11,1.0,1.0,1.0,1.0,1.0,1.0,,,
E096,S014,SP05,12,1.0,1.0,1.0,1.0,1.0,1.0,,,
E096,S014,SP05,13,1.0,1.0,1.0,1.0,1.0,1.0,,,
E096,S014,SP05,14,1.0,1.0,0.0,0.0,1.0,0.0,0.0,1.0,0.0
E096,S014,SP05,15,1.0,1.0,1.0,1.0,1.0,1.0,,,
E096,S014,SP05,16,1.0,1.0,1.0,1.0,1.0,1.0,,,
E096,S014,SP05,17,1.0,1.0,1.0,1.0,1.0,1.0,,,
E096,S014,SP05,18,1.0,1.0,1.0,1.0,1.0,1.0,,,
E096,S014,SP05,19,1.0,1.0,1.0,1.0,1.0,1.0,,,
E096,S014,SP05,20,1.0,0.0,0.0,0.0,1.0,1.0,,,
E096,S014,SP05,21,1.0,1.0,1.0,1.0,1.0,1.0,,,
E096,S014,SP05,22,1.0,1.0,1.0,1.0,1.0,1.0,,,
E096,S014,SP05,23,1.0,1.0,1.0,1.0,1.0,1.0,,,
E096,S014,SP05,24,1.0,1.0,1.0,1.0,1.0,1.0,,,
E096,S014,SP05,25,1.0,1.0,1.0,1.0,1.0,1.0,,,
E096,S014,SP05,26,1.0,1.0,1.0,1.0,1.0,1.0,,,
E096,S014,SP05,27,1.0,1.0,1.0,1.0,1.0,1.0,,,
E096,S014,SP05,28,1.0,1.0,1.0,1.0,1.0,1.0,,,
E096,S014,SP05,29,1.0,1.0,1.0,1.0,1.0,1.0,,,
E096,S014,SP05,30,1.0,0.0,0.0,0.0,1.0,0.0,,,
E096,S014,SP05,31,1.0,0.0,0.0,0.0,1.0,0.0,,,
E096,S014,SP05,32,1.0,1.0,0.0,0.0,1.0,0.0,0.0,0.0,0.0
E096,S014,SP05,33,2.0,2.0,2.0,2.0,2.0,2.0,,,
E096,S014,SP05,34,1.0,1.0,1.0,1.0,1.0,1.0,,,
E096,S014,SP05,35,1.0,1.0,1.0,1.0,1.0,1.0,,,
E096,S014,SP05,36,1.0,1.0,1.0,1.0,1.0,1.0,,,
E096,S014,SP05,37,1.0,1.0,1.0,1.0,1.0,1.0,,,
E096,S014,SP05,38,2.0,2.0,1.0,1.0,2.0,2.0,2.0,1.0,1.0
E096,S014,SP05,39,2.0,2.0,2.0,2.0,2.0,2.0,,,
E096,S014,SP05,40,2.0,2.0,2.0,2.0,2.0,2.0,,,
E102,S014,SP06,1,2.0,2.0,2.0,2.0,2.0,2.0,,,
E102,S014,SP06,2,4.0,4.0,4.0,4.0,4.0,4.0,,,
E102,S014,SP06,3,3.0,3.0,3.0,3.0,3.0,3.0,,,
E102,S014,SP06,4,2.0,1.0,2.0,2.0,2.0,2.0,0.0,0.0,2.0
E102,S014,SP06,5,2.0,2.0,2.0,2.0,2.0,2.0,,,
E102,S014,SP06,6,2.0,2.0,2.0,2.0,2.0,2.0,,,
E102,S014,SP06,7,1.0,1.0,1.0,1.0,1.0,1.0,,,
E102,S014,SP06,8,1.0,1.0,1.0,1.0,1.0,1.0,,,
E102,S014,SP06,9,2.0,2.0,2.0,2.0,2.0,2.0,,,
E102,S014,SP06,10,2.0,2.0,2.0,2.0,2.0,2.0,,,
E102,S014,SP06,11,2.0,1.0,2.0,2.0,2.0,2.0,1.0,2.0,2.0
E102,S014,SP06,12,1.0,1.0,0.0,0.0,1.0,1.0,1.0,1.0,1.0
E102,S014,SP06,13,1.0,0.0,1.0,1.0,0.0,0.0,0.0,0.0,0.0
E102,S014,SP06,14,1.0,1.0,1.0,1.0,1.0,1.0,,,
E102,S014,SP06,15,1.0,0.0,1.0,1.0,0.0,0.0,0.0,0.0,0.0
E102,S014,SP06,16,1.0,1.0,1.0,1.0,1.0,1.0,,,
E102,S014,SP06,17,1.0,1.0,1.0,1.0,1.0,1.0,,,
E102,S014,SP06,18,1.0,1.0,1.0,1.0,1.0,1.0,,,
E102,S014,SP06,19,1.0,1.0,1.0,1.0,1.0,1.0,,,
E102,S014,SP06,20,1.0,1.0,1.0,1.0,1.0,1.0,,,
E102,S014,SP06,21,1.0,1.0,1.0,1.0,1.0,1.0,,,
E102,S014,SP06,22,1.0,1.0,1.0,1.0,1.0,1.0,,,
E102,S014,SP06,23,1.0,1.0,1.0,1.0,1.0,1.0,,,
E102,S014,SP06,24,1.0,1.0,1.0,1.0,1.0,1.0,,,
E102,S014,SP06,25,1.0,1.0,1.0,1.0,1.0,1.0,,,
E102,S014,SP06,26,1.0,1.0,1.0,1.0,1.0,1.0,,,
E102,S014,SP06,27,1.0,1.0,1.0,1.0,1.0,1.0,,,
E102,S014,SP06,28,1.0,1.0,1.0,1.0,1.0,1.0,,,
E102,S014,SP06,29,1.0,1.0,0.0,0.0,1.0,1.0,0.0,1.0,0.0
E102,S014,SP06,30,1.0,0.0,1.0,1.0,0.0,0.0,0.0,0.0,0.0
E102,S014,SP06,31,1.0,1.0,1.0,1.0,1.0,1.0,,,
E102,S014,SP06,32,1.0,1.0,1.0,1.0,1.0,1.0,,,
E102,S014,SP06,33,1.0,1.0,1.0,1.0,1.0,1.0,,,
E102,S014,SP06,34,2.0,2.0,2.0,2.0,2.0,2.0,,,
E102,S014,SP06,35,1.0,1.0,1.0,1.0,1.0,1.0,,,
E102,S014,SP06,36,2.0,2.0,2.0,2.0,2.0,0.0,,,
E013,S015,SP04,1,2.0,2.0,2.0,2.0,2.0,2.0,,,
E013,S015,SP04,2,3.0,3.0,3.0,3.0,3.0,3.0,,,
E013,S015,SP04,3,3.0,3.0,3.0,3.0,3.0,3.0,,,
E013,S015,SP04,4,2.0,0.0,2.0,2.0,2.0,0.0,0.0,2.0,2.0
E013,S015,SP04,5,1.0,1.0,1.0,1.0,1.0,1.0,,,
E013,S015,SP04,6,1.0,0.0,1.0,1.0,1.0,1.0,1.0,1.0,1.0
E013,S015,SP04,7,2.0,1.0,2.0,2.0,2.0,2.0,2.0,2.0,2.0
E013,S015,SP04,8,1.0,1.0,1.0,1.0,1.0,1.0,,,
E013,S015,SP04,9,1.0,0.0,0.0,0.0,0.0,0.0,,,
E013,S015,SP04,10,1.0,1.0,1.0,1.0,1.0,1.0,,,
E013,S015,SP04,11,1.0,1.0,1.0,1.0,1.0,1.0,,,
E013,S015,SP04,12,1.0,0.0,0.0,0.0,0.0,0.0,,,
E013,S015,SP04,13,1.0,0.0,1.0,1.0,1.0,1.0,1.0,1.0,0.0
E013,S015,SP04,14,1.0,1.0,1.0,1.0,1.0,1.0,,,
E013,S015,SP04,15,1.0,0.0,0.0,0.0,0.0,0.0,,,
E013,S015,SP04,16,1.0,0.0,0.0,0.0,0.0,0.0,,,
E013,S015,SP04,17,1.0,0.0,0.0,0.0,0.0,0.0,,,
E013,S015,SP04,18,1.0,0.0,0.0,0.0,0.0,0.0,,,
E013,S015,SP04,19,1.0,1.0,1.0,1.0,1.0,1.0,,,
E013,S015,SP04,20,1.0,1.0,1.0,1.0,1.0,1.0,,,
E013,S015,SP04,21,2.0,2.0,2.0,2.0,2.0,2.0,,,
E013,S015,SP04,22,1.0,1.0,1.0,1.0,1.0,1.0,,,
E013,S015,SP04,23,1.0,1.0,1.0,1.0,1.0,1.0,,,
E013,S015,SP04,24,1.0,1.0,1.0,1.0,1.0,1.0,,,
E013,S015,SP04,25,1.0,1.0,1.0,1.0,1.0,1.0,,,
E013,S015,SP04,26,1.0,1.0,1.0,1.0,1.0,1.0,,,
E013,S015,SP04,27,1.0,1.0,1.0,1.0,1.0,1.0,,,
E013,S015,SP04,28,1.0,1.0,1.0,1.0,1.0,1.0,,,
E013,S015,SP04,29,1.0,1.0,1.0,1.0,1.0,1.0,,,
E013,S015,SP04,30,2.0,2.0,2.0,2.0,2.0,2.0,,,
E013,S015,SP04,31,1.0,1.0,1.0,1.0,1.0,1.0,,,
E013,S015,SP04,32,1.0,1.0,1.0,1.0,1.0,1.0,,,
E013,S015,SP04,33,1.0,1.0,1.0,1.0,1.0,1.0,,,
E013,S015,SP04,34,1.0,1.0,1.0,1.0,1.0,1.0,,,
E013,S015,SP04,35,1.0,1.0,0.0,0.0,0.0,0.0,0.0,0.0,0.0
E013,S015,SP04,36,2.0,2.0,2.0,2.0,2.0,2.0,,,
E013,S015,SP04,37,1.0,1.0,1.0,1.0,1.0,1.0,,,
E013,S015,SP04,38,1.0,1.0,1.0,1.0,1.0,1.0,,,
E013,S015,SP04,39,2.0,1.0,2.0,2.0,2.0,2.0,2.0,2.0,2.0
E193,S015,SP05,1,2.0,2.0,2.0,2.0,2.0,2.0,,,
E193,S015,SP05,2,3.0,3.0,3.0,3.0,3.0,3.0,,,
E193,S015,SP05,3,3.0,3.0,3.0,3.0,3.0,3.0,,,
E193,S015,SP05,4,2.0,1.0,2.0,2.0,2.0,2.0,2.0,2.0,2.0
E193,S015,SP05,5,1.0,1.0,1.0,1.0,1.0,1.0,,,
E193,S015,SP05,6,1.0,0.0,1.0,1.0,1.0,1.0,0.0,0.0,0.0
E193,S015,SP05,7,1.0,0.0,0.0,0.0,0.0,0.0,,,
E193,S015,SP05,8,1.0,1.0,1.0,1.0,1.0,1.0,,,
E193,S015,SP05,9,1.0,1.0,1.0,1.0,1.0,1.0,,,
E193,S015,SP05,10,1.0,1.0,1.0,1.0,1.0,1.0,,,
E193,S015,SP05,11,1.0,1.0,1.0,1.0,1.0,1.0,,,
E193,S015,SP05,12,1.0,1.0,1.0,1.0,1.0,1.0,,,
E193,S015,SP05,13,1.0,1.0,1.0,1.0,1.0,1.0,,,
E193,S015,SP05,14,1.0,1.0,0.0,0.0,0.0,1.0,0.0,0.0,0.0
E193,S015,SP05,15,1.0,1.0,1.0,1.0,0.0,1.0,,,
E193,S015,SP05,16,1.0,1.0,1.0,1.0,1.0,1.0,,,
E193,S015,SP05,17,1.0,1.0,1.0,1.0,1.0,1.0,,,
E193,S015,SP05,18,1.0,1.0,1.0,1.0,1.0,1.0,,,
E193,S015,SP05,19,1.0,1.0,1.0,1.0,1.0,1.0,,,
E193,S015,SP05,20,1.0,0.0,0.0,0.0,0.0,0.0,,,
E193,S015,SP05,21,1.0,1.0,1.0,1.0,1.0,1.0,,,
E193,S015,SP05,22,1.0,0.0,0.0,0.0,0.0,0.0,,,
E193,S015,SP05,23,1.0,0.0,0.0,0.0,0.0,0.0,,,
E193,S015,SP05,24,1.0,1.0,1.0,1.0,1.0,1.0,,,
E193,S015,SP05,25,1.0,1.0,1.0,1.0,1.0,1.0,,,
E193,S015,SP05,26,1.0,1.0,1.0,1.0,1.0,1.0,,,
E193,S015,SP05,27,1.0,1.0,1.0,1.0,1.0,1.0,,,
E193,S015,SP05,28,1.0,1.0,1.0,1.0,1.0,1.0,,,
E193,S015,SP05,29,1.0,1.0,1.0,1.0,1.0,1.0,,,
E193,S015,SP05,30,1.0,1.0,1.0,1.0,1.0,1.0,,,
E193,S015,SP05,31,1.0,1.0,1.0,1.0,1.0,1.0,,,
E193,S015,SP05,32,1.0,1.0,1.0,1.0,1.0,1.0,,,
E193,S015,SP05,33,2.0,2.0,2.0,2.0,2.0,2.0,,,
E193,S015,SP05,34,1.0,1.0,1.0,1.0,1.0,1.0,,,
E193,S015,SP05,35,1.0,1.0,1.0,1.0,1.0,1.0,,,
E193,S015,SP05,36,1.0,1.0,1.0,1.0,1.0,1.0,,,
E193,S015,SP05,37,1.0,1.0,0.0,0.0,0.0,0.0,0.0,0.0,0.0
E193,S015,SP05,38,2.0,2.0,2.0,2.0,2.0,2.0,,,
E193,S015,SP05,39,2.0,2.0,2.0,2.0,2.0,2.0,,,
E193,S015,SP05,40,2.0,2.0,2.0,2.0,2.0,2.0,,,
E158,S015,SP06,1,2.0,2.0,2.0,2.0,2.0,2.0,,,
E158,S015,SP06,2,4.0,4.0,4.0,4.0,4.0,4.0,,,
E158,S015,SP06,3,3.0,3.0,3.0,3.0,3.0,3.0,,,
E158,S015,SP06,4,2.0,2.0,2.0,2.0,2.0,2.0,,,
E158,S015,SP06,5,2.0,1.0,2.0,2.0,2.0,2.0,1.0,2.0,2.0
E158,S015,SP06,6,2.0,2.0,2.0,2.0,2.0,2.0,,,
E158,S015,SP06,7,1.0,0.0,1.0,1.0,1.0,1.0,0.0,1.0,1.0
E158,S015,SP06,8,1.0,1.0,1.0,1.0,1.0,1.0,,,
E158,S015,SP06,9,2.0,2.0,2.0,2.0,2.0,2.0,,,
E158,S015,SP06,10,2.0,2.0,2.0,2.0,2.0,2.0,,,
E158,S015,SP06,11,2.0,0.0,2.0,2.0,2.0,2.0,0.0,2.0,2.0
E158,S015,SP06,12,1.0,1.0,1.0,1.0,1.0,1.0,,,
E158,S015,SP06,13,1.0,0.0,1.0,1.0,1.0,1.0,1.0,1.0,1.0
E158,S015,SP06,14,1.0,0.0,1.0,1.0,1.0,1.0,1.0,1.0,1.0
E158,S015,SP06,15,1.0,0.0,0.0,0.0,1.0,0.0,,,
E158,S015,SP06,16,1.0,1.0,1.0,1.0,1.0,1.0,,,
E158,S015,SP06,17,1.0,1.0,1.0,1.0,1.0,1.0,,,
E158,S015,SP06,18,1.0,0.0,1.0,1.0,1.0,1.0,0.0,0.0,0.0
E158,S015,SP06,19,1.0,0.0,0.0,0.0,0.0,0.0,,,
E158,S015,SP06,20,1.0,0.0,1.0,1.0,1.0,1.0,1.0,1.0,1.0
E158,S015,SP06,21,1.0,0.0,1.0,1.0,1.0,1.0,1.0,1.0,1.0
E158,S015,SP06,22,1.0,1.0,0.0,0.0,1.0,1.0,0.0,0.0,0.0
E158,S015,SP06,23,1.0,1.0,0.0,0.0,0.0,0.0,0.0,0.0,0.0
E158,S015,SP06,24,1.0,1.0,0.0,0.0,0.0,1.0,0.0,0.0,0.0
E158,S015,SP06,25,1.0,1.0,0.0,0.0,0.0,1.0,0.0,0.0,0.0
E158,S015,SP06,26,1.0,1.0,0.0,0.0,0.0,0.0,0.0,0.0,0.0
E158,S015,SP06,27,1.0,1.0,0.0,0.0,0.0,0.0,0.0,0.0,0.0
E158,S015,SP06,28,1.0,1.0,0.0,0.0,0.0,0.0,0.0,0.0,0.0
E158,S015,SP06,29,1.0,1.0,0.0,0.0,0.0,0.0,0.0,0.0,0.0
E158,S015,SP06,30,1.0,0.0,0.0,0.0,0.0,0.0,,,
E158,S015,SP06,31,1.0,1.0,1.0,1.0,1.0,1.0,,,
E158,S015,SP06,32,1.0,1.0,0.0,0.0,0.0,0.0,0.0,0.0,0.0
E158,S015,SP06,33,1.0,1.0,0.0,0.0,0.0,0.0,0.0,0.0,0.0
E158,S015,SP06,34,2.0,2.0,2.0,2.0,2.0,2.0,,,
E158,S015,SP06,35,1.0,1.0,1.0,1.0,1.0,1.0,,,
E158,S015,SP06,36,2.0,2.0,2.0,2.0,2.0,2.0,,,
E116,S016,SP05,1,2.0,2.0,2.0,2.0,2.0,2.0,,,
E116,S016,SP05,2,3.0,3.0,3.0,3.0,3.0,3.0,,,
E116,S016,SP05,3,3.0,3.0,3.0,3.0,3.0,3.0,,,
E116,S016,SP05,4,2.0,2.0,2.0,2.0,2.0,2.0,,,
E116,S016,SP05,5,1.0,1.0,1.0,1.0,1.0,1.0,,,
E116,S016,SP05,6,1.0,1.0,1.0,1.0,1.0,1.0,,,
E116,S016,SP05,7,1.0,1.0,1.0,1.0,1.0,1.0,,,
E116,S016,SP05,8,1.0,1.0,1.0,1.0,1.0,1.0,,,
E116,S016,SP05,9,1.0,1.0,1.0,1.0,1.0,1.0,,,
E116,S016,SP05,10,1.0,1.0,1.0,1.0,1.0,1.0,,,
E116,S016,SP05,11,1.0,1.0,1.0,1.0,1.0,1.0,,,
E116,S016,SP05,12,1.0,1.0,1.0,1.0,1.0,1.0,,,
E116,S016,SP05,13,1.0,1.0,1.0,1.0,1.0,1.0,,,
E116,S016,SP05,14,1.0,1.0,1.0,1.0,1.0,1.0,,,
E116,S016,SP05,15,1.0,1.0,1.0,1.0,1.0,1.0,,,
E116,S016,SP05,16,1.0,0.0,0.0,0.0,0.0,0.0,,,
E116,S016,SP05,17,1.0,1.0,1.0,1.0,1.0,1.0,,,
E116,S016,SP05,18,1.0,1.0,1.0,1.0,1.0,1.0,,,
E116,S016,SP05,19,1.0,1.0,0.0,0.0,0.0,0.0,0.0,0.0,0.0
E116,S016,SP05,20,1.0,0.5,0.0,0.0,0.0,1.0,0.5,1.0,0.0
E116,S016,SP05,21,1.0,1.0,1.0,1.0,1.0,1.0,,,
E116,S016,SP05,22,1.0,1.0,1.0,1.0,1.0,1.0,,,
E116,S016,SP05,23,1.0,0.5,0.0,0.0,0.0,0.0,0.0,0.0,0.0
E116,S016,SP05,24,1.0,1.0,1.0,1.0,1.0,1.0,,,
E116,S016,SP05,25,1.0,1.0,1.0,1.0,1.0,1.0,,,
E116,S016,SP05,26,1.0,1.0,1.0,1.0,1.0,1.0,,,
E116,S016,SP05,27,1.0,1.0,1.0,1.0,1.0,1.0,,,
E116,S016,SP05,28,1.0,1.0,1.0,1.0,1.0,1.0,,,
E116,S016,SP05,29,1.0,1.0,1.0,1.0,1.0,1.0,,,
E116,S016,SP05,30,1.0,0.0,0.0,0.0,0.0,0.0,,,
E116,S016,SP05,31,1.0,0.0,0.0,0.0,0.0,0.0,,,
E116,S016,SP05,32,1.0,1.0,1.0,1.0,1.0,1.0,,,
E116,S016,SP05,33,2.0,2.0,2.0,2.0,2.0,2.0,,,
E116,S016,SP05,34,1.0,1.0,1.0,1.0,1.0,1.0,,,
E116,S016,SP05,35,1.0,1.0,1.0,1.0,1.0,1.0,,,
E116,S016,SP05,36,1.0,1.0,1.0,1.0,1.0,1.0,,,
E116,S016,SP05,37,1.0,1.0,1.0,1.0,1.0,1.0,,,
E116,S016,SP05,38,2.0,2.0,2.0,2.0,2.0,2.0,,,
E116,S016,SP05,39,2.0,2.0,2.0,2.0,2.0,2.0,,,
E116,S016,SP05,40,2.0,2.0,2.0,2.0,2.0,2.0,,,
E163,S016,SP06,1,2.0,2.0,2.0,2.0,2.0,2.0,,,
E163,S016,SP06,2,4.0,4.0,4.0,4.0,4.0,4.0,,,
E163,S016,SP06,3,3.0,3.0,3.0,3.0,3.0,3.0,,,
E163,S016,SP06,4,2.0,1.0,2.0,2.0,2.0,2.0,0.0,0.0,1.0
E163,S016,SP06,5,2.0,2.0,2.0,2.0,2.0,2.0,,,
E163,S016,SP06,6,2.0,2.0,2.0,2.0,2.0,2.0,,,
E163,S016,SP06,7,1.0,1.0,1.0,1.0,1.0,1.0,,,
E163,S016,SP06,8,1.0,1.0,1.0,1.0,1.0,1.0,,,
E163,S016,SP06,9,2.0,0.0,0.0,0.0,0.0,0.0,,,
E163,S016,SP06,10,2.0,2.0,2.0,2.0,2.0,2.0,,,
E163,S016,SP06,11,2.0,1.0,2.0,2.0,2.0,2.0,2.0,1.0,2.0
E163,S016,SP06,12,1.0,1.0,1.0,1.0,1.0,1.0,,,
E163,S016,SP06,13,1.0,0.0,0.0,0.0,0.0,1.0,,,
E163,S016,SP06,14,1.0,0.0,0.0,0.0,0.0,1.0,,,
E163,S016,SP06,15,1.0,0.0,0.0,0.0,0.0,1.0,,,
E163,S016,SP06,16,1.0,1.0,1.0,1.0,1.0,1.0,,,
E163,S016,SP06,17,1.0,1.0,1.0,1.0,1.0,1.0,,,
E163,S016,SP06,18,1.0,1.0,1.0,1.0,1.0,1.0,,,
E163,S016,SP06,19,1.0,1.0,1.0,1.0,1.0,1.0,,,
E163,S016,SP06,20,1.0,1.0,1.0,1.0,1.0,1.0,,,
E163,S016,SP06,21,1.0,1.0,1.0,1.0,1.0,1.0,,,
E163,S016,SP06,22,1.0,1.0,1.0,1.0,1.0,1.0,,,
E163,S016,SP06,23,1.0,1.0,1.0,1.0,1.0,1.0,,,
E163,S016,SP06,24,1.0,1.0,1.0,1.0,1.0,1.0,,,
E163,S016,SP06,25,1.0,1.0,1.0,1.0,1.0,1.0,,,
E163,S016,SP06,26,1.0,1.0,1.0,1.0,1.0,1.0,,,
E163,S016,SP06,27,1.0,1.0,1.0,1.0,1.0,1.0,,,
E163,S016,SP06,28,1.0,1.0,1.0,1.0,1.0,1.0,,,
E163,S016,SP06,29,1.0,1.0,1.0,1.0,1.0,1.0,,,
E163,S016,SP06,30,1.0,1.0,1.0,1.0,1.0,1.0,,,
E163,S016,SP06,31,1.0,1.0,1.0,1.0,1.0,1.0,,,
E163,S016,SP06,32,1.0,1.0,1.0,1.0,1.0,1.0,,,
E163,S016,SP06,33,1.0,1.0,1.0,1.0,1.0,1.0,,,
E163,S016,SP06,34,2.0,2.0,2.0,2.0,2.0,2.0,,,
E163,S016,SP06,35,1.0,1.0,1.0,1.0,1.0,1.0,,,
E163,S016,SP06,36,2.0,2.0,2.0,2.0,2.0,2.0,,,
E170,S017,SP01,1,2.0,2.0,2.0,2.0,2.0,2.0,,,
E170,S017,SP01,2,3.0,3.0,3.0,3.0,3.0,3.0,,,
E170,S017,SP01,3,2.0,2.0,2.0,2.0,2.0,2.0,,,
E170,S017,SP01,4,2.0,2.0,2.0,2.0,2.0,2.0,,,
E170,S017,SP01,5,2.0,2.0,2.0,2.0,2.0,2.0,,,
E170,S017,SP01,6,2.0,2.0,2.0,2.0,2.0,2.0,,,
E170,S017,SP01,7,2.0,2.0,2.0,2.0,2.0,2.0,,,
E170,S017,SP01,8,2.0,2.0,2.0,2.0,2.0,2.0,,,
E170,S017,SP01,9,2.0,1.0,2.0,2.0,2.0,2.0,0.5,2.0,1.0
E170,S017,SP01,10,2.0,2.0,2.0,2.0,2.0,2.0,,,
E170,S017,SP01,11,2.0,1.0,2.0,2.0,2.0,2.0,1.5,2.0,1.5
E170,S017,SP01,12,1.0,1.0,1.0,1.0,1.0,1.0,,,
E170,S017,SP01,13,1.0,1.0,1.0,1.0,1.0,1.0,,,
E170,S017,SP01,14,1.0,1.0,1.0,1.0,1.0,1.0,,,
E170,S017,SP01,15,1.0,1.0,1.0,1.0,1.0,1.0,,,
E170,S017,SP01,16,1.0,1.0,1.0,1.0,1.0,1.0,,,
E170,S017,SP01,17,1.0,1.0,1.0,1.0,1.0,1.0,,,
E170,S017,SP01,18,1.0,1.0,0.0,0.0,1.0,1.0,0.0,0.0,0.0
E170,S017,SP01,19,1.0,1.0,1.0,1.0,1.0,1.0,,,
E170,S017,SP01,20,1.0,1.0,1.0,1.0,1.0,1.0,,,
E170,S017,SP01,21,1.0,1.0,1.0,1.0,1.0,1.0,,,
E170,S017,SP01,22,1.0,1.0,1.0,1.0,1.0,1.0,,,
E170,S017,SP01,23,1.0,1.0,1.0,1.0,1.0,1.0,,,
E170,S017,SP01,24,1.0,1.0,1.0,1.0,1.0,1.0,,,
E170,S017,SP01,25,2.0,2.0,2.0,2.0,2.0,2.0,,,
E170,S017,SP01,26,1.0,1.0,1.0,1.0,1.0,1.0,,,
E170,S017,SP01,27,1.0,1.0,1.0,1.0,1.0,1.0,,,
E170,S017,SP01,28,1.0,1.0,1.0,1.0,1.0,1.0,,,
E170,S017,SP01,29,2.0,1.5,2.0,2.0,2.0,2.0,2.0,2.0,2.0
E170,S017,SP01,30,2.0,2.0,2.0,2.0,2.0,2.0,,,
E170,S017,SP01,31,2.0,2.0,2.0,2.0,2.0,2.0,,,
E170,S017,SP01,32,1.0,1.0,1.0,1.0,1.0,1.0,,,
E170,S017,SP01,33,2.0,2.0,2.0,2.0,2.0,2.0,,,
E207,S017,SP02,1,2.0,2.0,2.0,2.0,2.0,2.0,,,
E207,S017,SP02,2,3.0,3.0,3.0,3.0,3.0,3.0,,,
E207,S017,SP02,3,2.0,2.0,2.0,2.0,2.0,2.0,,,
E207,S017,SP02,4,2.0,2.0,2.0,2.0,2.0,2.0,,,
E207,S017,SP02,5,1.0,1.0,1.0,1.0,1.0,1.0,,,
E207,S017,SP02,6,1.0,1.0,1.0,1.0,1.0,1.0,,,
E207,S017,SP02,7,2.0,2.0,2.0,2.0,2.0,2.0,,,
E207,S017,SP02,8,2.0,2.0,2.0,2.0,2.0,2.0,,,
E207,S017,SP02,9,2.0,1.0,2.0,2.0,2.0,2.0,0.0,1.0,1.0
E207,S017,SP02,10,1.0,0.0,0.0,0.0,0.0,1.0,,,
E207,S017,SP02,11,2.0,2.0,2.0,2.0,2.0,2.0,,,
E207,S017,SP02,12,2.0,0.0,1.0,1.0,1.0,2.0,0.0,1.0,1.0
E207,S017,SP02,13,2.0,2.0,1.0,1.0,2.0,2.0,0.0,2.0,1.0
E207,S017,SP02,14,1.0,0.0,0.0,0.0,0.0,1.0,,,
E207,S017,SP02,15,1.0,1.0,1.0,1.0,1.0,1.0,,,
E207,S017,SP02,16,2.0,2.0,2.0,2.0,2.0,2.0,,,
E207,S017,SP02,17,1.0,1.0,1.0,1.0,1.0,1.0,,,
E207,S017,SP02,18,1.0,1.0,1.0,1.0,1.0,1.0,,,
E207,S017,SP02,19,1.0,1.0,1.0,1.0,1.0,1.0,,,
E207,S017,SP02,20,1.0,1.0,1.0,1.0,1.0,1.0,,,
E207,S017,SP02,21,1.0,1.0,1.0,1.0,1.0,1.0,,,
E207,S017,SP02,22,1.0,1.0,1.0,1.0,1.0,1.0,,,
E207,S017,SP02,23,1.0,1.0,1.0,1.0,1.0,1.0,,,
E207,S017,SP02,24,1.0,1.0,1.0,1.0,1.0,1.0,,,
E207,S017,SP02,25,1.0,1.0,1.0,1.0,1.0,1.0,,,
E207,S017,SP02,26,1.0,1.0,1.0,1.0,1.0,1.0,,,
E207,S017,SP02,27,1.0,1.0,1.0,1.0,1.0,1.0,,,
E207,S017,SP02,28,1.0,1.0,1.0,1.0,1.0,1.0,,,
E207,S017,SP02,29,1.0,1.0,1.0,1.0,1.0,1.0,,,
E207,S017,SP02,30,2.0,2.0,2.0,2.0,2.0,2.0,,,
E207,S017,SP02,31,2.0,2.0,2.0,2.0,2.0,2.0,,,
E207,S017,SP02,32,2.0,2.0,2.0,2.0,2.0,2.0,,,
E207,S017,SP02,33,1.0,1.0,1.0,1.0,1.0,1.0,,,
E207,S017,SP02,34,2.0,2.0,2.0,2.0,2.0,2.0,,,
E086,S017,SP03,1,2.0,1.0,2.0,2.0,2.0,2.0,2.0,2.0,2.0
E086,S017,SP03,2,3.0,3.0,3.0,3.0,3.0,3.0,,,
E086,S017,SP03,3,3.0,3.0,3.0,3.0,3.0,3.0,,,
E086,S017,SP03,4,2.0,0.0,2.0,2.0,2.0,2.0,0.0,1.0,0.0
E086,S017,SP03,5,1.0,1.0,1.0,1.0,1.0,1.0,,,
E086,S017,SP03,6,2.0,2.0,2.0,2.0,2.0,2.0,,,
E086,S017,SP03,7,2.0,2.0,2.0,2.0,2.0,2.0,,,
E086,S017,SP03,8,1.0,1.0,1.0,1.0,1.0,1.0,,,
E086,S017,SP03,9,1.0,0.0,1.0,1.0,1.0,1.0,1.0,1.0,1.0
E086,S017,SP03,10,1.0,1.0,1.0,1.0,1.0,1.0,,,
E086,S017,SP03,11,2.0,2.0,2.0,2.0,2.0,2.0,,,
E086,S017,SP03,12,2.0,2.0,2.0,2.0,2.0,2.0,,,
E086,S017,SP03,13,2.0,1.0,1.0,1.0,2.0,2.0,,,
E086,S017,SP03,14,2.0,2.0,1.0,1.0,2.0,2.0,2.0,2.0,1.0
E086,S017,SP03,15,2.0,1.0,1.0,1.0,2.0,1.0,,,
E086,S017,SP03,16,2.0,1.0,1.0,1.0,2.0,2.0,,,
E086,S017,SP03,17,2.0,2.0,2.0,2.0,2.0,2.0,,,
E086,S017,SP03,18,1.0,1.0,1.0,1.0,1.0,1.0,,,
E086,S017,SP03,19,1.0,1.0,1.0,1.0,1.0,1.0,,,
E086,S017,SP03,20,1.0,1.0,1.0,1.0,1.0,1.0,,,
E086,S017,SP03,21,1.0,1.0,1.0,1.0,1.0,1.0,,,
E086,S017,SP03,22,1.0,0.0,1.0,1.0,1.0,1.0,1.0,1.0,1.0
E086,S017,SP03,23,1.0,1.0,1.0,1.0,1.0,1.0,,,
E086,S017,SP03,24,1.0,1.0,1.0,1.0,1.0,1.0,,,
E086,S017,SP03,25,1.0,1.0,1.0,1.0,1.0,1.0,,,
E086,S017,SP03,26,1.0,1.0,1.0,1.0,1.0,1.0,,,
E086,S017,SP03,27,1.0,1.0,1.0,1.0,1.0,1.0,,,
E086,S017,SP03,28,1.0,1.0,1.0,1.0,1.0,1.0,,,
E086,S017,SP03,29,1.0,1.0,1.0,1.0,1.0,1.0,,,
E086,S017,SP03,30,1.0,1.0,1.0,1.0,1.0,1.0,,,
E086,S017,SP03,31,1.0,1.0,1.0,1.0,1.0,1.0,,,
E086,S017,SP03,32,1.0,1.0,1.0,1.0,1.0,1.0,,,
E086,S017,SP03,33,3.0,3.0,3.0,3.0,3.0,3.0,,,
E104,S018,SP02,1,2.0,2.0,2.0,2.0,2.0,2.0,,,
E104,S018,SP02,2,3.0,3.0,2.0,2.0,3.0,3.0,0.0,3.0,1.0
E104,S018,SP02,3,2.0,2.0,2.0,2.0,2.0,2.0,,,
E104,S018,SP02,4,2.0,2.0,2.0,2.0,2.0,2.0,,,
E104,S018,SP02,5,1.0,1.0,1.0,1.0,1.0,1.0,,,
E104,S018,SP02,6,1.0,1.0,1.0,1.0,1.0,1.0,,,
E104,S018,SP02,7,2.0,2.0,2.0,2.0,2.0,2.0,,,
E104,S018,SP02,8,2.0,2.0,0.0,0.0,0.0,2.0,0.0,0.0,2.0
E104,S018,SP02,9,2.0,2.0,2.0,2.0,2.0,2.0,,,
E104,S018,SP02,10,1.0,1.0,1.0,1.0,1.0,1.0,,,
E104,S018,SP02,11,2.0,1.0,2.0,2.0,2.0,2.0,1.5,2.0,2.0
E104,S018,SP02,12,2.0,1.0,1.0,1.0,1.0,2.0,,,
E104,S018,SP02,13,2.0,0.0,0.0,0.0,0.0,2.0,,,
E104,S018,SP02,14,1.0,0.5,1.0,1.0,0.5,1.0,0.5,1.0,1.0
E104,S018,SP02,15,1.0,1.0,1.0,1.0,1.0,1.0,,,
E104,S018,SP02,16,2.0,2.0,2.0,2.0,2.0,2.0,,,
E104,S018,SP02,17,1.0,1.0,1.0,1.0,1.0,1.0,,,
E104,S018,SP02,18,1.0,1.0,1.0,1.0,1.0,1.0,,,
E104,S018,SP02,19,1.0,1.0,1.0,1.0,1.0,1.0,,,
E104,S018,SP02,20,1.0,0.0,0.0,0.0,1.0,1.0,,,
E104,S018,SP02,21,1.0,1.0,1.0,1.0,1.0,1.0,,,
E104,S018,SP02,22,1.0,1.0,1.0,1.0,1.0,1.0,,,
E104,S018,SP02,23,1.0,1.0,1.0,1.0,1.0,1.0,,,
E104,S018,SP02,24,1.0,1.0,1.0,1.0,1.0,1.0,,,
E104,S018,SP02,25,1.0,1.0,1.0,1.0,1.0,1.0,,,
E104,S018,SP02,26,1.0,1.0,1.0,1.0,1.0,1.0,,,
E104,S018,SP02,27,1.0,1.0,1.0,1.0,1.0,1.0,,,
E104,S018,SP02,28,1.0,1.0,1.0,1.0,1.0,1.0,,,
E104,S018,SP02,29,1.0,1.0,1.0,1.0,1.0,1.0,,,
E104,S018,SP02,30,2.0,2.0,2.0,2.0,2.0,2.0,,,
E104,S018,SP02,31,2.0,2.0,2.0,2.0,2.0,2.0,,,
E104,S018,SP02,32,2.0,2.0,2.0,2.0,2.0,2.0,,,
E104,S018,SP02,33,1.0,1.0,1.0,1.0,1.0,1.0,,,
E104,S018,SP02,34,2.0,2.0,2.0,2.0,2.0,2.0,,,
E121,S018,SP03,1,2.0,2.0,2.0,2.0,2.0,2.0,,,
E121,S018,SP03,2,3.0,3.0,3.0,3.0,3.0,3.0,,,
E121,S018,SP03,3,3.0,3.0,3.0,3.0,3.0,3.0,,,
E121,S018,SP03,4,2.0,2.0,2.0,2.0,2.0,2.0,,,
E121,S018,SP03,5,1.0,1.0,1.0,1.0,1.0,1.0,,,
E121,S018,SP03,6,2.0,2.0,2.0,2.0,2.0,2.0,,,
E121,S018,SP03,7,2.0,2.0,2.0,2.0,2.0,2.0,,,
E121,S018,SP03,8,1.0,1.0,1.0,1.0,1.0,1.0,,,
E121,S018,SP03,9,1.0,1.0,1.0,1.0,1.0,1.0,,,
E121,S018,SP03,10,1.0,1.0,1.0,1.0,1.0,1.0,,,
E121,S018,SP03,11,2.0,2.0,2.0,2.0,2.0,2.0,,,
E121,S018,SP03,12,2.0,2.0,2.0,2.0,2.0,2.0,,,
E121,S018,SP03,13,2.0,1.0,0.0,0.0,2.0,2.0,1.0,1.0,1.0
E121,S018,SP03,14,2.0,0.0,0.0,0.0,0.0,0.0,,,
E121,S018,SP03,15,2.0,1.0,0.0,0.0,1.0,0.0,0.0,0.0,0.0
E121,S018,SP03,16,2.0,2.0,2.0,2.0,2.0,2.0,,,
E121,S018,SP03,17,2.0,2.0,2.0,2.0,2.0,2.0,,,
E121,S018,SP03,18,1.0,1.0,0.0,0.0,1.0,1.0,0.0,0.0,0.0
E121,S018,SP03,19,1.0,1.0,1.0,1.0,1.0,1.0,,,
E121,S018,SP03,20,1.0,1.0,1.0,1.0,1.0,1.0,,,
E121,S018,SP03,21,1.0,1.0,1.0,1.0,1.0,1.0,,,
E121,S018,SP03,22,1.0,1.0,1.0,1.0,1.0,1.0,,,
E121,S018,SP03,23,1.0,1.0,1.0,1.0,1.0,1.0,,,
E121,S018,SP03,24,1.0,1.0,1.0,1.0,1.0,1.0,,,
E121,S018,SP03,25,1.0,1.0,1.0,1.0,1.0,1.0,,,
E121,S018,SP03,26,1.0,1.0,1.0,1.0,1.0,1.0,,,
E121,S018,SP03,27,1.0,1.0,1.0,1.0,1.0,1.0,,,
E121,S018,SP03,28,1.0,1.0,1.0,1.0,1.0,1.0,,,
E121,S018,SP03,29,1.0,1.0,1.0,1.0,1.0,1.0,,,
E121,S018,SP03,30,1.0,1.0,1.0,1.0,1.0,1.0,,,
E121,S018,SP03,31,1.0,1.0,1.0,1.0,1.0,1.0,,,
E121,S018,SP03,32,1.0,1.0,1.0,1.0,1.0,1.0,,,
E121,S018,SP03,33,3.0,3.0,3.0,3.0,3.0,3.0,,,
E019,S019,SP01,1,2.0,2.0,2.0,2.0,2.0,2.0,,,
E019,S019,SP01,2,3.0,3.0,3.0,3.0,3.0,3.0,,,
E019,S019,SP01,3,2.0,2.0,2.0,2.0,2.0,2.0,,,
E019,S019,SP01,4,2.0,2.0,2.0,2.0,2.0,2.0,,,
E019,S019,SP01,5,2.0,2.0,2.0,2.0,2.0,2.0,,,
E019,S019,SP01,6,2.0,2.0,2.0,2.0,2.0,2.0,,,
E019,S019,SP01,7,2.0,2.0,2.0,2.0,2.0,2.0,,,
E019,S019,SP01,8,2.0,2.0,2.0,2.0,2.0,2.0,,,
E019,S019,SP01,9,2.0,0.0,0.0,0.0,1.0,2.0,,,
E019,S019,SP01,10,2.0,1.0,2.0,2.0,2.0,2.0,1.5,2.0,2.0
E019,S019,SP01,11,2.0,0.0,0.0,0.0,1.0,2.0,,,
E019,S019,SP01,12,1.0,1.0,1.0,1.0,1.0,1.0,,,
E019,S019,SP01,13,1.0,1.0,1.0,1.0,1.0,1.0,,,
E019,S019,SP01,14,1.0,1.0,1.0,1.0,1.0,1.0,,,
E019,S019,SP01,15,1.0,1.0,1.0,1.0,1.0,1.0,,,
E019,S019,SP01,16,1.0,1.0,1.0,1.0,1.0,1.0,,,
E019,S019,SP01,17,1.0,1.0,1.0,1.0,1.0,1.0,,,
E019,S019,SP01,18,1.0,1.0,0.0,0.0,0.5,0.0,0.0,0.0,0.0
E019,S019,SP01,19,1.0,1.0,1.0,1.0,1.0,1.0,,,
E019,S019,SP01,20,1.0,1.0,1.0,1.0,1.0,1.0,,,
E019,S019,SP01,21,1.0,1.0,1.0,1.0,1.0,1.0,,,
E019,S019,SP01,22,1.0,1.0,1.0,1.0,1.0,1.0,,,
E019,S019,SP01,23,1.0,1.0,1.0,1.0,1.0,1.0,,,
E019,S019,SP01,24,1.0,1.0,1.0,1.0,1.0,1.0,,,
E019,S019,SP01,25,2.0,2.0,2.0,2.0,2.0,2.0,,,
E019,S019,SP01,26,1.0,1.0,1.0,1.0,1.0,1.0,,,
E019,S019,SP01,27,1.0,1.0,1.0,1.0,1.0,1.0,,,
E019,S019,SP01,28,1.0,1.0,1.0,1.0,1.0,1.0,,,
E019,S019,SP01,29,2.0,2.0,2.0,2.0,2.0,2.0,,,
E019,S019,SP01,30,2.0,2.0,2.0,2.0,2.0,2.0,,,
E019,S019,SP01,31,2.0,2.0,2.0,2.0,2.0,2.0,,,
E019,S019,SP01,32,1.0,1.0,1.0,1.0,1.0,1.0,,,
E019,S019,SP01,33,2.0,2.0,2.0,2.0,2.0,2.0,,,
E071,S019,SP02,1,2.0,2.0,2.0,2.0,2.0,2.0,,,
E071,S019,SP02,2,3.0,3.0,3.0,3.0,3.0,3.0,,,
E071,S019,SP02,3,2.0,2.0,2.0,2.0,2.0,2.0,,,
E071,S019,SP02,4,2.0,2.0,2.0,2.0,2.0,2.0,,,
E071,S019,SP02,5,1.0,1.0,1.0,1.0,1.0,1.0,,,
E071,S019,SP02,6,1.0,1.0,1.0,1.0,1.0,1.0,,,
E071,S019,SP02,7,2.0,1.0,2.0,2.0,2.0,2.0,0.0,2.0,2.0
E071,S019,SP02,8,2.0,2.0,2.0,2.0,2.0,2.0,,,
E071,S019,SP02,9,2.0,2.0,2.0,2.0,2.0,2.0,,,
E071,S019,SP02,10,1.0,0.0,1.0,1.0,1.0,1.0,0.0,0.0,0.5
E071,S019,SP02,11,2.0,2.0,2.0,2.0,2.0,2.0,,,
E071,S019,SP02,12,2.0,1.0,1.0,1.0,2.0,2.0,,,
E071,S019,SP02,13,2.0,1.0,1.0,1.0,2.0,2.0,,,
E071,S019,SP02,14,1.0,1.0,1.0,1.0,1.0,1.0,,,
E071,S019,SP02,15,1.0,1.0,1.0,1.0,1.0,1.0,,,
E071,S019,SP02,16,2.0,2.0,2.0,2.0,2.0,2.0,,,
E071,S019,SP02,17,1.0,1.0,1.0,1.0,1.0,1.0,,,
E071,S019,SP02,18,1.0,1.0,1.0,1.0,1.0,1.0,,,
E071,S019,SP02,19,1.0,1.0,0.0,0.0,1.0,1.0,0.0,0.0,0.0
E071,S019,SP02,20,1.0,1.0,1.0,1.0,1.0,1.0,,,
E071,S019,SP02,21,1.0,1.0,0.0,0.0,0.0,0.0,0.0,0.0,0.0
E071,S019,SP02,22,1.0,1.0,1.0,1.0,1.0,1.0,,,
E071,S019,SP02,23,1.0,1.0,1.0,1.0,1.0,1.0,,,
E071,S019,SP02,24,1.0,1.0,1.0,1.0,1.0,1.0,,,
E071,S019,SP02,25,1.0,1.0,1.0,1.0,1.0,1.0,,,
E071,S019,SP02,26,1.0,1.0,1.0,1.0,1.0,1.0,,,
E071,S019,SP02,27,1.0,1.0,1.0,1.0,1.0,1.0,,,
E071,S019,SP02,28,1.0,1.0,1.0,1.0,1.0,1.0,,,
E071,S019,SP02,29,1.0,1.0,1.0,1.0,1.0,1.0,,,
E071,S019,SP02,30,2.0,2.0,2.0,2.0,2.0,2.0,,,
E071,S019,SP02,31,2.0,2.0,2.0,2.0,2.0,2.0,,,
E071,S019,SP02,32,2.0,1.0,2.0,2.0,2.0,2.0,2.0,2.0,2.0
E071,S019,SP02,33,1.0,1.0,1.0,1.0,1.0,1.0,,,
E071,S019,SP02,34,2.0,2.0,2.0,2.0,2.0,2.0,,,
E132,S019,SP03,1,2.0,2.0,2.0,2.0,2.0,2.0,,,
E132,S019,SP03,2,3.0,3.0,3.0,3.0,3.0,3.0,,,
E132,S019,SP03,3,3.0,3.0,3.0,3.0,3.0,3.0,,,
E132,S019,SP03,4,2.0,2.0,2.0,2.0,2.0,2.0,,,
E132,S019,SP03,5,1.0,1.0,1.0,1.0,1.0,1.0,,,
E132,S019,SP03,6,2.0,1.0,2.0,2.0,2.0,2.0,2.0,2.0,2.0
E132,S019,SP03,7,2.0,2.0,2.0,2.0,2.0,2.0,,,
E132,S019,SP03,8,1.0,1.0,1.0,1.0,1.0,1.0,,,
E132,S019,SP03,9,1.0,1.0,1.0,1.0,1.0,1.0,,,
E132,S019,SP03,10,1.0,1.0,1.0,1.0,1.0,1.0,,,
E132,S019,SP03,11,2.0,2.0,2.0,2.0,2.0,2.0,,,
E132,S019,SP03,12,2.0,2.0,2.0,2.0,2.0,2.0,,,
E132,S019,SP03,13,2.0,1.0,2.0,2.0,2.0,2.0,1.0,2.0,2.0
E132,S019,SP03,14,2.0,1.0,1.0,1.0,1.0,2.0,,,
E132,S019,SP03,15,2.0,1.0,1.0,1.0,2.0,2.0,,,
E132,S019,SP03,16,2.0,2.0,2.0,2.0,2.0,2.0,,,
E132,S019,SP03,17,2.0,2.0,2.0,2.0,2.0,2.0,,,
E132,S019,SP03,18,1.0,1.0,0.0,0.0,1.0,1.0,0.0,0.0,0.0
E132,S019,SP03,19,1.0,1.0,1.0,1.0,1.0,1.0,,,
E132,S019,SP03,20,1.0,1.0,1.0,1.0,1.0,1.0,,,
E132,S019,SP03,21,1.0,1.0,1.0,1.0,1.0,1.0,,,
E132,S019,SP03,22,1.0,1.0,1.0,1.0,1.0,1.0,,,
E132,S019,SP03,23,1.0,1.0,1.0,1.0,1.0,1.0,,,
E132,S019,SP03,24,1.0,1.0,1.0,1.0,1.0,1.0,,,
E132,S019,SP03,25,1.0,1.0,1.0,1.0,1.0,1.0,,,
E132,S019,SP03,26,1.0,1.0,1.0,1.0,1.0,1.0,,,
E132,S019,SP03,27,1.0,1.0,1.0,1.0,1.0,0.0,,,
E132,S019,SP03,28,1.0,1.0,1.0,1.0,1.0,1.0,,,
E132,S019,SP03,29,1.0,1.0,1.0,1.0,1.0,1.0,,,
E132,S019,SP03,30,1.0,1.0,1.0,1.0,1.0,1.0,,,
E132,S019,SP03,31,1.0,1.0,1.0,1.0,1.0,1.0,,,
E132,S019,SP03,32,1.0,1.0,1.0,1.0,1.0,1.0,,,
E132,S019,SP03,33,3.0,3.0,3.0,3.0,3.0,3.0,,,
E161,S020,SP01,1,2.0,2.0,2.0,2.0,2.0,2.0,,,
E161,S020,SP01,2,3.0,3.0,3.0,3.0,3.0,3.0,,,
E161,S020,SP01,3,2.0,2.0,2.0,2.0,2.0,2.0,,,
E161,S020,SP01,4,2.0,2.0,2.0,2.0,2.0,2.0,,,
E161,S020,SP01,5,2.0,2.0,2.0,2.0,2.0,2.0,,,
E161,S020,SP01,6,2.0,2.0,2.0,2.0,2.0,2.0,,,
E161,S020,SP01,7,2.0,0.0,2.0,2.0,2.0,2.0,0.0,0.0,2.0
E161,S020,SP01,8,2.0,2.0,2.0,2.0,2.0,2.0,,,
E161,S020,SP01,9,2.0,1.0,0.0,0.0,0.0,2.0,0.0,0.0,0.0
E161,S020,SP01,10,2.0,2.0,2.0,2.0,2.0,2.0,,,
E161,S020,SP01,11,2.0,0.0,0.0,0.0,0.0,2.0,,,
E161,S020,SP01,12,1.0,1.0,1.0,1.0,1.0,1.0,,,
E161,S020,SP01,13,1.0,1.0,1.0,1.0,1.0,1.0,,,
E161,S020,SP01,14,1.0,1.0,1.0,1.0,1.0,1.0,,,
E161,S020,SP01,15,1.0,1.0,1.0,1.0,1.0,1.0,,,
E161,S020,SP01,16,1.0,1.0,1.0,1.0,1.0,1.0,,,
E161,S020,SP01,17,1.0,1.0,1.0,1.0,1.0,1.0,,,
E161,S020,SP01,18,1.0,1.0,0.0,0.0,0.0,1.0,0.0,0.0,0.0
E161,S020,SP01,19,1.0,1.0,1.0,1.0,1.0,1.0,,,
E161,S020,SP01,20,1.0,1.0,1.0,1.0,1.0,1.0,,,
E161,S020,SP01,21,1.0,1.0,1.0,1.0,1.0,1.0,,,
E161,S020,SP01,22,1.0,1.0,1.0,1.0,1.0,1.0,,,
E161,S020,SP01,23,1.0,1.0,1.0,1.0,1.0,1.0,,,
E161,S020,SP01,24,1.0,1.0,1.0,1.0,1.0,1.0,,,
E161,S020,SP01,25,2.0,2.0,2.0,2.0,2.0,2.0,,,
E161,S020,SP01,26,1.0,1.0,1.0,1.0,1.0,1.0,,,
E161,S020,SP01,27,1.0,1.0,1.0,1.0,1.0,1.0,,,
E161,S020,SP01,28,1.0,1.0,1.0,1.0,1.0,1.0,,,
E161,S020,SP01,29,2.0,2.0,2.0,2.0,0.0,2.0,,,
E161,S020,SP01,30,2.0,2.0,2.0,2.0,2.0,2.0,,,
E161,S020,SP01,31,2.0,2.0,2.0,2.0,2.0,2.0,,,
E161,S020,SP01,32,1.0,1.0,1.0,1.0,1.0,1.0,,,
E161,S020,SP01,33,2.0,2.0,2.0,2.0,2.0,2.0,,,
E042,S020,SP02,1,2.0,2.0,2.0,2.0,2.0,2.0,,,
E042,S020,SP02,2,3.0,3.0,3.0,3.0,3.0,3.0,,,
E042,S020,SP02,3,2.0,2.0,2.0,2.0,2.0,2.0,,,
E042,S020,SP02,4,2.0,2.0,2.0,2.0,2.0,2.0,,,
E042,S020,SP02,5,1.0,1.0,1.0,1.0,1.0,1.0,,,
E042,S020,SP02,6,1.0,1.0,1.0,1.0,1.0,1.0,,,
E042,S020,SP02,7,2.0,1.0,2.0,2.0,2.0,2.0,2.0,2.0,2.0
E042,S020,SP02,8,2.0,2.0,2.0,2.0,2.0,2.0,,,
E042,S020,SP02,9,2.0,2.0,2.0,2.0,2.0,2.0,,,
E042,S020,SP02,10,1.0,0.0,0.0,0.0,0.0,1.0,,,
E042,S020,SP02,11,2.0,2.0,2.0,2.0,2.0,2.0,,,
E042,S020,SP02,12,2.0,1.0,1.0,1.0,2.0,2.0,,,
E042,S020,SP02,13,2.0,1.0,0.0,0.0,0.0,2.0,0.0,0.0,0.0
E042,S020,SP02,14,1.0,1.0,0.0,0.0,1.0,1.0,0.0,0.0,0.5
E042,S020,SP02,15,1.0,1.0,1.0,1.0,1.0,1.0,,,
E042,S020,SP02,16,2.0,2.0,2.0,2.0,2.0,2.0,,,
E042,S020,SP02,17,1.0,1.0,1.0,1.0,1.0,1.0,,,
E042,S020,SP02,18,1.0,1.0,1.0,1.0,1.0,1.0,,,
E042,S020,SP02,19,1.0,1.0,0.0,0.0,0.0,1.0,0.0,0.0,0.0
E042,S020,SP02,20,1.0,1.0,1.0,1.0,1.0,1.0,,,
E042,S020,SP02,21,1.0,1.0,1.0,1.0,1.0,1.0,,,
E042,S020,SP02,22,1.0,1.0,1.0,1.0,1.0,1.0,,,
E042,S020,SP02,23,1.0,1.0,1.0,1.0,1.0,1.0,,,
E042,S020,SP02,24,1.0,1.0,1.0,1.0,1.0,1.0,,,
E042,S020,SP02,25,1.0,1.0,1.0,1.0,1.0,1.0,,,
E042,S020,SP02,26,1.0,1.0,1.0,1.0,1.0,1.0,,,
E042,S020,SP02,27,1.0,1.0,1.0,1.0,1.0,1.0,,,
E042,S020,SP02,28,1.0,1.0,1.0,1.0,1.0,1.0,,,
E042,S020,SP02,29,1.0,1.0,1.0,1.0,1.0,1.0,,,
E042,S020,SP02,30,2.0,2.0,0.0,0.0,0.0,2.0,0.0,0.0,0.0
E042,S020,SP02,31,2.0,2.0,2.0,2.0,2.0,2.0,,,
E042,S020,SP02,32,2.0,2.0,2.0,2.0,2.0,2.0,,,
E042,S020,SP02,33,1.0,1.0,1.0,1.0,1.0,1.0,,,
E042,S020,SP02,34,2.0,2.0,2.0,2.0,2.0,2.0,,,
E045,S020,SP03,1,2.0,2.0,2.0,2.0,2.0,2.0,,,
E045,S020,SP03,2,3.0,3.0,3.0,3.0,3.0,3.0,,,
E045,S020,SP03,3,3.0,3.0,3.0,3.0,3.0,3.0,,,
E045,S020,SP03,4,2.0,1.0,2.0,2.0,2.0,2.0,1.0,2.0,2.0
E045,S020,SP03,5,1.0,1.0,1.0,1.0,1.0,1.0,,,
E045,S020,SP03,6,2.0,2.0,2.0,2.0,2.0,2.0,,,
E045,S020,SP03,7,2.0,2.0,2.0,2.0,2.0,2.0,,,
E045,S020,SP03,8,1.0,1.0,1.0,1.0,1.0,1.0,,,
E045,S020,SP03,9,1.0,1.0,1.0,1.0,1.0,1.0,,,
E045,S020,SP03,10,1.0,1.0,1.0,1.0,1.0,1.0,,,
E045,S020,SP03,11,2.0,2.0,2.0,2.0,2.0,2.0,,,
E045,S020,SP03,12,2.0,2.0,2.0,2.0,2.0,2.0,,,
E045,S020,SP03,13,2.0,1.0,1.0,1.0,2.0,1.0,,,
E045,S020,SP03,14,2.0,2.0,1.0,1.0,2.0,0.0,0.0,1.0,1.0
E045,S020,SP03,15,2.0,1.0,0.0,0.0,2.0,0.0,0.0,0.0,0.0
E045,S020,SP03,16,2.0,2.0,1.0,1.0,2.0,2.0,1.0,2.0,1.0
E045,S020,SP03,17,2.0,2.0,2.0,2.0,2.0,2.0,,,
E045,S020,SP03,18,1.0,0.0,0.0,0.0,1.0,1.0,,,
E045,S020,SP03,19,1.0,1.0,0.0,0.0,1.0,1.0,0.0,0.0,0.0
E045,S020,SP03,20,1.0,0.0,0.0,0.0,1.0,0.0,,,
E045,S020,SP03,21,1.0,0.0,1.0,1.0,1.0,1.0,0.0,0.0,1.0
E045,S020,SP03,22,1.0,0.0,0.0,0.0,1.0,0.0,,,
E045,S020,SP03,23,1.0,0.0,0.0,0.0,1.0,0.0,,,
E045,S020,SP03,24,1.0,1.0,1.0,1.0,1.0,1.0,,,
E045,S020,SP03,25,1.0,1.0,1.0,1.0,1.0,1.0,,,
E045,S020,SP03,26,1.0,1.0,1.0,1.0,1.0,1.0,,,
E045,S020,SP03,27,1.0,1.0,1.0,1.0,1.0,0.0,,,
E045,S020,SP03,28,1.0,1.0,1.0,1.0,1.0,1.0,,,
E045,S020,SP03,29,1.0,1.0,1.0,1.0,1.0,1.0,,,
E045,S020,SP03,30,1.0,1.0,1.0,1.0,1.0,1.0,,,
E045,S020,SP03,31,1.0,1.0,1.0,1.0,1.0,1.0,,,
E045,S020,SP03,32,1.0,1.0,1.0,1.0,1.0,1.0,,,
E045,S020,SP03,33,3.0,3.0,3.0,3.0,3.0,3.0,,,
E131,S021,SP04,1,2.0,2.0,2.0,2.0,2.0,2.0,,,
E131,S021,SP04,2,3.0,3.0,3.0,3.0,3.0,3.0,,,
E131,S021,SP04,3,3.0,3.0,3.0,3.0,3.0,3.0,,,
E131,S021,SP04,4,2.0,2.0,2.0,2.0,2.0,2.0,,,
E131,S021,SP04,5,1.0,1.0,1.0,1.0,1.0,1.0,,,
E131,S021,SP04,6,1.0,1.0,1.0,1.0,1.0,1.0,,,
E131,S021,SP04,7,2.0,2.0,2.0,2.0,2.0,2.0,,,
E131,S021,SP04,8,1.0,1.0,0.0,0.0,1.0,1.0,1.0,1.0,1.0
E131,S021,SP04,9,1.0,1.0,1.0,1.0,1.0,1.0,,,
E131,S021,SP04,10,1.0,1.0,1.0,1.0,1.0,1.0,,,
E131,S021,SP04,11,1.0,1.0,1.0,1.0,1.0,1.0,,,
E131,S021,SP04,12,1.0,1.0,1.0,1.0,1.0,1.0,,,
E131,S021,SP04,13,1.0,1.0,1.0,1.0,1.0,1.0,,,
E131,S021,SP04,14,1.0,1.0,1.0,1.0,1.0,1.0,,,
E131,S021,SP04,15,1.0,0.0,0.0,0.0,1.0,1.0,,,
E131,S021,SP04,16,1.0,1.0,1.0,1.0,1.0,1.0,,,
E131,S021,SP04,17,1.0,0.5,1.0,1.0,1.0,1.0,0.5,1.0,1.0
E131,S021,SP04,18,1.0,1.0,1.0,1.0,1.0,1.0,,,
E131,S021,SP04,19,1.0,0.5,1.0,1.0,1.0,1.0,0.0,1.0,1.0
E131,S021,SP04,20,1.0,1.0,1.0,1.0,1.0,1.0,,,
E131,S021,SP04,21,2.0,2.0,2.0,2.0,2.0,2.0,,,
E131,S021,SP04,22,1.0,1.0,1.0,1.0,1.0,1.0,,,
E131,S021,SP04,23,1.0,1.0,1.0,1.0,1.0,1.0,,,
E131,S021,SP04,24,1.0,1.0,1.0,1.0,1.0,1.0,,,
E131,S021,SP04,25,1.0,1.0,1.0,1.0,1.0,1.0,,,
E131,S021,SP04,26,1.0,1.0,1.0,1.0,1.0,1.0,,,
E131,S021,SP04,27,1.0,1.0,1.0,1.0,1.0,1.0,,,
E131,S021,SP04,28,1.0,1.0,1.0,1.0,1.0,1.0,,,
E131,S021,SP04,29,1.0,1.0,1.0,1.0,1.0,1.0,,,
E131,S021,SP04,30,2.0,2.0,2.0,2.0,2.0,2.0,,,
E131,S021,SP04,31,1.0,1.0,1.0,1.0,1.0,1.0,,,
E131,S021,SP04,32,1.0,1.0,1.0,1.0,1.0,1.0,,,
E131,S021,SP04,33,1.0,1.0,1.0,1.0,1.0,1.0,,,
E131,S021,SP04,34,1.0,1.0,1.0,1.0,1.0,1.0,,,
E131,S021,SP04,35,1.0,1.0,1.0,1.0,1.0,1.0,,,
E131,S021,SP04,36,2.0,2.0,2.0,2.0,2.0,2.0,,,
E131,S021,SP04,37,1.0,1.0,1.0,1.0,1.0,1.0,,,
E131,S021,SP04,38,1.0,1.0,1.0,1.0,1.0,1.0,,,
E131,S021,SP04,39,2.0,2.0,2.0,2.0,2.0,2.0,,,
E068,S021,SP05,1,2.0,2.0,2.0,2.0,2.0,2.0,,,
E068,S021,SP05,2,3.0,3.0,2.0,2.0,3.0,3.0,2.0,3.0,3.0
E068,S021,SP05,3,3.0,3.0,3.0,3.0,3.0,3.0,,,
E068,S021,SP05,4,2.0,2.0,2.0,2.0,2.0,2.0,,,
E068,S021,SP05,5,1.0,1.0,1.0,1.0,1.0,1.0,,,
E068,S021,SP05,6,1.0,1.0,0.0,0.0,1.0,1.0,0.0,0.0,0.0
E068,S021,SP05,7,1.0,1.0,1.0,1.0,1.0,1.0,,,
E068,S021,SP05,8,1.0,0.0,0.0,0.0,1.0,0.0,,,
E068,S021,SP05,9,1.0,1.0,1.0,1.0,1.0,1.0,,,
E068,S021,SP05,10,1.0,1.0,1.0,1.0,1.0,1.0,,,
E068,S021,SP05,11,1.0,1.0,1.0,1.0,1.0,1.0,,,
E068,S021,SP05,12,1.0,1.0,1.0,1.0,1.0,1.0,,,
E068,S021,SP05,13,1.0,1.0,1.0,1.0,1.0,1.0,,,
E068,S021,SP05,14,1.0,1.0,0.0,0.0,1.0,1.0,0.0,0.0,0.0
E068,S021,SP05,15,1.0,1.0,1.0,1.0,1.0,1.0,,,
E068,S021,SP05,16,1.0,0.0,0.0,0.0,0.0,0.0,,,
E068,S021,SP05,17,1.0,1.0,1.0,1.0,1.0,1.0,,,
E068,S021,SP05,18,1.0,1.0,1.0,1.0,1.0,1.0,,,
E068,S021,SP05,19,1.0,1.0,1.0,1.0,1.0,1.0,,,
E068,S021,SP05,20,1.0,1.0,0.0,0.0,1.0,1.0,0.0,1.0,0.5
E068,S021,SP05,21,1.0,1.0,1.0,1.0,1.0,1.0,,,
E068,S021,SP05,22,1.0,1.0,1.0,1.0,1.0,1.0,,,
E068,S021,SP05,23,1.0,1.0,1.0,1.0,1.0,1.0,,,
E068,S021,SP05,24,1.0,1.0,1.0,1.0,1.0,1.0,,,
E068,S021,SP05,25,1.0,1.0,1.0,1.0,1.0,1.0,,,
E068,S021,SP05,26,1.0,1.0,1.0,1.0,1.0,1.0,,,
E068,S021,SP05,27,1.0,1.0,1.0,1.0,1.0,1.0,,,
E068,S021,SP05,28,1.0,1.0,1.0,1.0,1.0,1.0,,,
E068,S021,SP05,29,1.0,1.0,1.0,1.0,1.0,1.0,,,
E068,S021,SP05,30,1.0,1.0,1.0,1.0,1.0,1.0,,,
E068,S021,SP05,31,1.0,0.0,1.0,1.0,1.0,1.0,1.0,1.0,1.0
E068,S021,SP05,32,1.0,1.0,1.0,1.0,1.0,1.0,,,
E068,S021,SP05,33,2.0,2.0,2.0,2.0,2.0,2.0,,,
E068,S021,SP05,34,1.0,1.0,1.0,1.0,1.0,1.0,,,
E068,S021,SP05,35,1.0,1.0,1.0,1.0,1.0,1.0,,,
E068,S021,SP05,36,1.0,1.0,1.0,1.0,1.0,1.0,,,
E068,S021,SP05,37,1.0,1.0,1.0,1.0,1.0,0.0,,,
E068,S021,SP05,38,2.0,2.0,2.0,2.0,2.0,1.0,,,
E068,S021,SP05,39,2.0,2.0,0.0,0.0,2.0,1.0,2.0,2.0,2.0
E068,S021,SP05,40,2.0,1.0,2.0,2.0,2.0,2.0,1.0,2.0,2.0
E160,S022,SP01,1,2.0,2.0,2.0,2.0,2.0,2.0,,,
E160,S022,SP01,2,3.0,3.0,3.0,3.0,3.0,3.0,,,
E160,S022,SP01,3,2.0,2.0,2.0,2.0,2.0,2.0,,,
E160,S022,SP01,4,2.0,0.0,0.0,0.0,0.0,2.0,,,
E160,S022,SP01,5,2.0,2.0,2.0,2.0,2.0,2.0,,,
E160,S022,SP01,6,2.0,2.0,2.0,2.0,2.0,2.0,,,
E160,S022,SP01,7,2.0,2.0,2.0,2.0,2.0,2.0,,,
E160,S022,SP01,8,2.0,2.0,2.0,2.0,2.0,2.0,,,
E160,S022,SP01,9,2.0,0.0,0.0,0.0,2.0,2.0,,,
E160,S022,SP01,10,2.0,2.0,2.0,2.0,2.0,2.0,,,
E160,S022,SP01,11,2.0,1.0,1.0,1.0,2.0,2.0,,,
E160,S022,SP01,12,1.0,1.0,1.0,1.0,1.0,1.0,,,
E160,S022,SP01,13,1.0,1.0,1.0,1.0,1.0,1.0,,,
E160,S022,SP01,14,1.0,1.0,1.0,1.0,1.0,1.0,,,
E160,S022,SP01,15,1.0,1.0,1.0,1.0,1.0,1.0,,,
E160,S022,SP01,16,1.0,1.0,1.0,1.0,1.0,1.0,,,
E160,S022,SP01,17,1.0,1.0,1.0,1.0,1.0,1.0,,,
E160,S022,SP01,18,1.0,1.0,0.0,0.0,0.0,0.0,0.0,0.0,0.0
E160,S022,SP01,19,1.0,1.0,1.0,1.0,1.0,1.0,,,
E160,S022,SP01,20,1.0,1.0,1.0,1.0,1.0,1.0,,,
E160,S022,SP01,21,1.0,1.0,1.0,1.0,1.0,1.0,,,
E160,S022,SP01,22,1.0,1.0,1.0,1.0,1.0,1.0,,,
E160,S022,SP01,23,1.0,1.0,1.0,1.0,1.0,1.0,,,
E160,S022,SP01,24,1.0,1.0,0.0,0.0,1.0,1.0,1.0,1.0,1.0
E160,S022,SP01,25,2.0,2.0,2.0,2.0,2.0,2.0,,,
E160,S022,SP01,26,1.0,1.0,1.0,1.0,1.0,1.0,,,
E160,S022,SP01,27,1.0,1.0,1.0,1.0,1.0,1.0,,,
E160,S022,SP01,28,1.0,1.0,1.0,1.0,1.0,1.0,,,
E160,S022,SP01,29,2.0,2.0,2.0,2.0,0.0,2.0,,,
E160,S022,SP01,30,2.0,2.0,2.0,2.0,2.0,2.0,,,
E160,S022,SP01,31,2.0,2.0,2.0,2.0,2.0,2.0,,,
E160,S022,SP01,32,1.0,1.0,1.0,1.0,1.0,1.0,,,
E160,S022,SP01,33,2.0,2.0,2.0,2.0,2.0,2.0,,,
E020,S022,SP03,1,2.0,2.0,2.0,2.0,2.0,2.0,,,
E020,S022,SP03,2,3.0,3.0,3.0,3.0,3.0,3.0,,,
E020,S022,SP03,3,3.0,3.0,3.0,3.0,3.0,3.0,,,
E020,S022,SP03,4,2.0,2.0,2.0,2.0,2.0,2.0,,,
E020,S022,SP03,5,1.0,1.0,1.0,1.0,1.0,1.0,,,
E020,S022,SP03,6,2.0,2.0,2.0,2.0,2.0,2.0,,,
E020,S022,SP03,7,2.0,2.0,2.0,2.0,2.0,2.0,,,
E020,S022,SP03,8,1.0,0.0,1.0,1.0,1.0,1.0,0.0,1.0,1.0
E020,S022,SP03,9,1.0,1.0,1.0,1.0,1.0,1.0,,,
E020,S022,SP03,10,1.0,1.0,1.0,1.0,1.0,1.0,,,
E020,S022,SP03,11,2.0,2.0,2.0,2.0,2.0,2.0,,,
E020,S022,SP03,12,2.0,2.0,2.0,2.0,2.0,2.0,,,
E020,S022,SP03,13,2.0,1.0,1.0,1.0,2.0,2.0,,,
E020,S022,SP03,14,2.0,0.0,1.0,1.0,2.0,2.0,0.0,1.0,1.0
E020,S022,SP03,15,2.0,2.0,1.0,1.0,2.0,2.0,1.0,1.0,1.0
E020,S022,SP03,16,2.0,2.0,1.0,1.0,2.0,2.0,2.0,2.0,2.0
E020,S022,SP03,17,2.0,2.0,2.0,2.0,2.0,2.0,,,
E020,S022,SP03,18,1.0,1.0,0.0,0.0,1.0,1.0,0.0,0.0,0.0
E020,S022,SP03,19,1.0,1.0,1.0,1.0,1.0,1.0,,,
E020,S022,SP03,20,1.0,1.0,1.0,1.0,1.0,1.0,,,
E020,S022,SP03,21,1.0,1.0,1.0,1.0,1.0,1.0,,,
E020,S022,SP03,22,1.0,1.0,1.0,1.0,1.0,1.0,,,
E020,S022,SP03,23,1.0,1.0,1.0,1.0,1.0,1.0,,,
E020,S022,SP03,24,1.0,1.0,1.0,1.0,1.0,1.0,,,
E020,S022,SP03,25,1.0,1.0,1.0,1.0,1.0,1.0,,,
E020,S022,SP03,26,1.0,1.0,1.0,1.0,1.0,1.0,,,
E020,S022,SP03,27,1.0,1.0,1.0,1.0,1.0,1.0,,,
E020,S022,SP03,28,1.0,1.0,1.0,1.0,1.0,1.0,,,
E020,S022,SP03,29,1.0,1.0,1.0,1.0,1.0,1.0,,,
E020,S022,SP03,30,1.0,1.0,1.0,1.0,1.0,1.0,,,
E020,S022,SP03,31,1.0,1.0,1.0,1.0,1.0,1.0,,,
E020,S022,SP03,32,1.0,1.0,1.0,1.0,1.0,1.0,,,
E020,S022,SP03,33,3.0,3.0,2.0,2.0,3.0,3.0,0.0,1.0,3.0
E098,S023,SP02,1,2.0,2.0,2.0,2.0,2.0,2.0,,,
E098,S023,SP02,2,3.0,3.0,3.0,3.0,3.0,3.0,,,
E098,S023,SP02,3,2.0,2.0,2.0,2.0,2.0,2.0,,,
E098,S023,SP02,4,2.0,2.0,2.0,2.0,2.0,2.0,,,
E098,S023,SP02,5,1.0,1.0,1.0,1.0,1.0,1.0,,,
E098,S023,SP02,6,1.0,1.0,1.0,1.0,1.0,1.0,,,
E098,S023,SP02,7,2.0,2.0,2.0,2.0,2.0,2.0,,,
E098,S023,SP02,8,2.0,2.0,2.0,2.0,2.0,2.0,,,
E098,S023,SP02,9,2.0,2.0,2.0,2.0,2.0,2.0,,,
E098,S023,SP02,10,1.0,1.0,1.0,1.0,1.0,1.0,,,
E098,S023,SP02,11,2.0,2.0,2.0,2.0,2.0,2.0,,,
E098,S023,SP02,12,2.0,1.0,2.0,2.0,2.0,2.0,1.0,2.0,1.0
E098,S023,SP02,13,2.0,0.0,0.0,0.0,0.0,2.0,,,
E098,S023,SP02,14,1.0,1.0,1.0,1.0,1.0,1.0,,,
E098,S023,SP02,15,1.0,1.0,1.0,1.0,1.0,1.0,,,
E098,S023,SP02,16,2.0,2.0,2.0,2.0,2.0,2.0,,,
E098,S023,SP02,17,1.0,1.0,1.0,1.0,1.0,1.0,,,
E098,S023,SP02,18,1.0,1.0,1.0,1.0,1.0,1.0,,,
E098,S023,SP02,19,1.0,1.0,1.0,1.0,1.0,1.0,,,
E098,S023,SP02,20,1.0,1.0,1.0,1.0,1.0,1.0,,,
E098,S023,SP02,21,1.0,1.0,1.0,1.0,1.0,1.0,,,
E098,S023,SP02,22,1.0,1.0,1.0,1.0,1.0,1.0,,,
E098,S023,SP02,23,1.0,1.0,0.0,0.0,1.0,0.0,1.0,1.0,1.0
E098,S023,SP02,24,1.0,1.0,1.0,1.0,1.0,1.0,,,
E098,S023,SP02,25,1.0,1.0,1.0,1.0,1.0,1.0,,,
E098,S023,SP02,26,1.0,1.0,1.0,1.0,1.0,1.0,,,
E098,S023,SP02,27,1.0,1.0,1.0,1.0,1.0,1.0,,,
E098,S023,SP02,28,1.0,1.0,0.0,0.0,1.0,0.0,0.0,0.0,0.0
E098,S023,SP02,29,1.0,1.0,1.0,1.0,1.0,1.0,,,
E098,S023,SP02,30,2.0,2.0,2.0,2.0,2.0,2.0,,,
E098,S023,SP02,31,2.0,2.0,2.0,2.0,2.0,2.0,,,
E098,S023,SP02,32,2.0,2.0,2.0,2.0,2.0,2.0,,,
E098,S023,SP02,33,1.0,1.0,1.0,1.0,1.0,1.0,,,
E098,S023,SP02,34,2.0,2.0,2.0,2.0,2.0,2.0,,,
E058,S023,SP03,1,2.0,2.0,2.0,2.0,2.0,2.0,,,
E058,S023,SP03,2,3.0,3.0,3.0,3.0,3.0,3.0,,,
E058,S023,SP03,3,3.0,3.0,3.0,3.0,3.0,3.0,,,
E058,S023,SP03,4,2.0,2.0,2.0,2.0,2.0,2.0,,,
E058,S023,SP03,5,1.0,1.0,1.0,1.0,1.0,1.0,,,
E058,S023,SP03,6,2.0,1.0,2.0,2.0,2.0,2.0,2.0,2.0,2.0
E058,S023,SP03,7,2.0,2.0,2.0,2.0,2.0,2.0,,,
E058,S023,SP03,8,1.0,1.0,1.0,1.0,1.0,1.0,,,
E058,S023,SP03,9,1.0,1.0,1.0,1.0,1.0,1.0,,,
E058,S023,SP03,10,1.0,1.0,1.0,1.0,1.0,1.0,,,
E058,S023,SP03,11,2.0,2.0,2.0,2.0,2.0,2.0,,,
E058,S023,SP03,12,2.0,2.0,2.0,2.0,2.0,2.0,,,
E058,S023,SP03,13,2.0,1.0,2.0,2.0,2.0,2.0,1.0,2.0,2.0
E058,S023,SP03,14,2.0,0.0,0.0,0.0,2.0,0.0,,,
E058,S023,SP03,15,2.0,0.0,0.0,0.0,2.0,2.0,,,
E058,S023,SP03,16,2.0,2.0,2.0,2.0,2.0,2.0,,,
E058,S023,SP03,17,2.0,2.0,2.0,2.0,2.0,2.0,,,
E058,S023,SP03,18,1.0,0.0,0.0,0.0,1.0,1.0,,,
E058,S023,SP03,19,1.0,1.0,1.0,1.0,1.0,1.0,,,
E058,S023,SP03,20,1.0,1.0,1.0,1.0,1.0,1.0,,,
E058,S023,SP03,21,1.0,1.0,1.0,1.0,1.0,1.0,,,
E058,S023,SP03,22,1.0,1.0,1.0,1.0,1.0,1.0,,,
E058,S023,SP03,23,1.0,1.0,1.0,1.0,1.0,1.0,,,
E058,S023,SP03,24,1.0,1.0,1.0,1.0,1.0,1.0,,,
E058,S023,SP03,25,1.0,1.0,1.0,1.0,1.0,1.0,,,
E058,S023,SP03,26,1.0,1.0,1.0,1.0,1.0,1.0,,,
E058,S023,SP03,27,1.0,1.0,1.0,1.0,1.0,1.0,,,
E058,S023,SP03,28,1.0,1.0,1.0,1.0,1.0,1.0,,,
E058,S023,SP03,29,1.0,1.0,1.0,1.0,1.0,1.0,,,
E058,S023,SP03,30,1.0,1.0,1.0,1.0,1.0,1.0,,,
E058,S023,SP03,31,1.0,0.0,0.0,0.0,0.0,0.0,,,
E058,S023,SP03,32,1.0,1.0,1.0,1.0,1.0,1.0,,,
E058,S023,SP03,33,3.0,3.0,3.0,3.0,3.0,3.0,,,
E200,S024,SP05,1,2.0,2.0,2.0,2.0,2.0,2.0,,,
E200,S024,SP05,2,3.0,3.0,3.0,3.0,3.0,3.0,,,
E200,S024,SP05,3,3.0,3.0,3.0,3.0,3.0,3.0,,,
E200,S024,SP05,4,2.0,2.0,2.0,2.0,2.0,2.0,,,
E200,S024,SP05,5,1.0,1.0,0.0,0.0,1.0,0.0,0.0,0.0,1.0
E200,S024,SP05,6,1.0,1.0,1.0,1.0,1.0,1.0,,,
E200,S024,SP05,7,1.0,0.0,0.0,0.0,0.0,0.0,,,
E200,S024,SP05,8,1.0,1.0,1.0,1.0,1.0,1.0,,,
E200,S024,SP05,9,1.0,0.0,0.0,0.0,0.0,0.0,,,
E200,S024,SP05,10,1.0,1.0,1.0,1.0,1.0,1.0,,,
E200,S024,SP05,11,1.0,1.0,1.0,1.0,1.0,1.0,,,
E200,S024,SP05,12,1.0,1.0,1.0,1.0,1.0,1.0,,,
E200,S024,SP05,13,1.0,1.0,1.0,1.0,1.0,1.0,,,
E200,S024,SP05,14,1.0,1.0,0.0,0.0,1.0,1.0,0.0,1.0,1.0
E200,S024,SP05,15,1.0,1.0,0.0,0.0,1.0,0.0,0.0,0.0,1.0
E200,S024,SP05,16,1.0,0.0,0.0,0.0,0.0,0.0,,,
E200,S024,SP05,17,1.0,1.0,1.0,1.0,1.0,1.0,,,
E200,S024,SP05,18,1.0,1.0,1.0,1.0,1.0,1.0,,,
E200,S024,SP05,19,1.0,0.0,0.0,0.0,1.0,0.0,,,
E200,S024,SP05,20,1.0,0.0,0.5,0.5,1.0,1.0,0.0,1.0,0.5
E200,S024,SP05,21,1.0,1.0,0.0,0.0,1.0,1.0,0.0,1.0,0.0
E200,S024,SP05,22,1.0,0.0,0.0,0.0,1.0,1.0,,,
E200,S024,SP05,23,1.0,0.0,0.0,0.0,0.0,1.0,,,
E200,S024,SP05,24,1.0,1.0,1.0,1.0,1.0,1.0,,,
E200,S024,SP05,25,1.0,1.0,1.0,1.0,1.0,1.0,,,
E200,S024,SP05,26,1.0,1.0,1.0,1.0,1.0,1.0,,,
E200,S024,SP05,27,1.0,1.0,1.0,1.0,1.0,1.0,,,
E200,S024,SP05,28,1.0,1.0,1.0,1.0,1.0,1.0,,,
E200,S024,SP05,29,1.0,1.0,1.0,1.0,1.0,1.0,,,
E200,S024,SP05,30,1.0,1.0,1.0,1.0,1.0,1.0,,,
E200,S024,SP05,31,1.0,1.0,0.0,0.0,0.0,0.0,0.0,0.0,0.0
E200,S024,SP05,32,1.0,1.0,1.0,1.0,1.0,1.0,,,
E200,S024,SP05,33,2.0,2.0,2.0,2.0,2.0,2.0,,,
E200,S024,SP05,34,1.0,1.0,1.0,1.0,1.0,1.0,,,
E200,S024,SP05,35,1.0,1.0,1.0,1.0,1.0,1.0,,,
E200,S024,SP05,36,1.0,1.0,1.0,1.0,1.0,1.0,,,
E200,S024,SP05,37,1.0,1.0,1.0,1.0,1.0,1.0,,,
E200,S024,SP05,38,2.0,2.0,1.0,1.0,2.0,2.0,2.0,2.0,2.0
E200,S024,SP05,39,2.0,2.0,2.0,2.0,2.0,2.0,,,
E200,S024,SP05,40,2.0,2.0,2.0,2.0,2.0,2.0,,,
E041,S024,SP06,1,2.0,2.0,2.0,2.0,2.0,2.0,,,
E041,S024,SP06,2,4.0,4.0,3.0,3.0,4.0,4.0,3.0,2.0,3.0
E041,S024,SP06,3,3.0,3.0,3.0,3.0,3.0,3.0,,,
E041,S024,SP06,4,2.0,0.0,0.0,0.0,0.0,2.0,,,
E041,S024,SP06,5,2.0,1.0,2.0,2.0,2.0,2.0,2.0,2.0,2.0
E041,S024,SP06,6,2.0,2.0,2.0,2.0,2.0,2.0,,,
E041,S024,SP06,7,1.0,0.0,1.0,1.0,1.0,1.0,0.0,0.0,1.0
E041,S024,SP06,8,1.0,1.0,1.0,1.0,1.0,1.0,,,
E041,S024,SP06,9,2.0,2.0,2.0,2.0,2.0,2.0,,,
E041,S024,SP06,10,2.0,2.0,2.0,2.0,2.0,2.0,,,
E041,S024,SP06,11,2.0,1.0,2.0,2.0,2.0,2.0,0.0,2.0,2.0
E041,S024,SP06,12,1.0,1.0,1.0,1.0,1.0,1.0,,,
E041,S024,SP06,13,1.0,1.0,1.0,1.0,1.0,1.0,,,
E041,S024,SP06,14,1.0,1.0,1.0,1.0,1.0,1.0,,,
E041,S024,SP06,15,1.0,0.0,0.0,0.0,0.0,0.0,,,
E041,S024,SP06,16,1.0,1.0,1.0,1.0,1.0,1.0,,,
E041,S024,SP06,17,1.0,1.0,1.0,1.0,1.0,1.0,,,
E041,S024,SP06,18,1.0,1.0,1.0,1.0,1.0,1.0,,,
E041,S024,SP06,19,1.0,1.0,1.0,1.0,1.0,1.0,,,
E041,S024,SP06,20,1.0,1.0,1.0,1.0,1.0,1.0,,,
E041,S024,SP06,21,1.0,1.0,1.0,1.0,1.0,1.0,,,
E041,S024,SP06,22,1.0,1.0,1.0,1.0,1.0,1.0,,,
E041,S024,SP06,23,1.0,1.0,1.0,1.0,1.0,1.0,,,
E041,S024,SP06,24,1.0,1.0,1.0,1.0,1.0,1.0,,,
E041,S024,SP06,25,1.0,1.0,1.0,1.0,1.0,1.0,,,
E041,S024,SP06,26,1.0,0.0,1.0,1.0,1.0,0.0,1.0,1.0,1.0
E041,S024,SP06,27,1.0,1.0,0.0,0.0,0.0,0.0,0.0,0.0,0.0
E041,S024,SP06,28,1.0,1.0,1.0,1.0,1.0,1.0,,,
E041,S024,SP06,29,1.0,1.0,0.0,0.0,0.5,1.0,0.5,1.0,0.0
E041,S024,SP06,30,1.0,1.0,1.0,1.0,1.0,1.0,,,
E041,S024,SP06,31,1.0,1.0,0.0,0.0,0.0,1.0,0.0,0.0,0.0
E041,S024,SP06,32,1.0,1.0,1.0,1.0,1.0,1.0,,,
E041,S024,SP06,33,1.0,1.0,1.0,1.0,1.0,1.0,,,
E041,S024,SP06,34,2.0,2.0,2.0,2.0,2.0,2.0,,,
E041,S024,SP06,35,1.0,1.0,1.0,1.0,1.0,1.0,,,
E041,S024,SP06,36,2.0,2.0,2.0,2.0,2.0,2.0,,,
E157,S025,SP01,1,2.0,2.0,2.0,2.0,2.0,2.0,,,
E157,S025,SP01,2,3.0,3.0,3.0,3.0,3.0,3.0,,,
E157,S025,SP01,3,2.0,2.0,2.0,2.0,2.0,2.0,,,
E157,S025,SP01,4,2.0,2.0,2.0,2.0,2.0,2.0,,,
E157,S025,SP01,5,2.0,2.0,2.0,2.0,2.0,2.0,,,
E157,S025,SP01,6,2.0,2.0,2.0,2.0,2.0,2.0,,,
E157,S025,SP01,7,2.0,2.0,2.0,2.0,2.0,2.0,,,
E157,S025,SP01,8,2.0,2.0,2.0,2.0,2.0,2.0,,,
E157,S025,SP01,9,2.0,2.0,2.0,2.0,2.0,2.0,,,
E157,S025,SP01,10,2.0,1.0,2.0,2.0,2.0,2.0,1.0,2.0,1.0
E157,S025,SP01,11,2.0,1.0,2.0,2.0,2.0,2.0,0.5,1.0,1.0
E157,S025,SP01,12,1.0,1.0,1.0,1.0,1.0,1.0,,,
E157,S025,SP01,13,1.0,1.0,1.0,1.0,1.0,1.0,,,
E157,S025,SP01,14,1.0,1.0,1.0,1.0,1.0,1.0,,,
E157,S025,SP01,15,1.0,1.0,1.0,1.0,1.0,1.0,,,
E157,S025,SP01,16,1.0,1.0,1.0,1.0,1.0,1.0,,,
E157,S025,SP01,17,1.0,1.0,1.0,1.0,1.0,1.0,,,
E157,S025,SP01,18,1.0,0.0,1.0,1.0,1.0,1.0,1.0,0.0,1.0
E157,S025,SP01,19,1.0,1.0,1.0,1.0,1.0,1.0,,,
E157,S025,SP01,20,1.0,1.0,1.0,1.0,1.0,1.0,,,
E157,S025,SP01,21,1.0,1.0,1.0,1.0,1.0,1.0,,,
E157,S025,SP01,22,1.0,1.0,1.0,1.0,1.0,1.0,,,
E157,S025,SP01,23,1.0,1.0,1.0,1.0,1.0,1.0,,,
E157,S025,SP01,24,1.0,1.0,1.0,1.0,1.0,1.0,,,
E157,S025,SP01,25,2.0,2.0,2.0,2.0,2.0,2.0,,,
E157,S025,SP01,26,1.0,1.0,1.0,1.0,1.0,1.0,,,
E157,S025,SP01,27,1.0,1.0,1.0,1.0,1.0,1.0,,,
E157,S025,SP01,28,1.0,1.0,1.0,1.0,1.0,1.0,,,
E157,S025,SP01,29,2.0,2.0,2.0,2.0,2.0,2.0,,,
E157,S025,SP01,30,2.0,2.0,2.0,2.0,2.0,2.0,,,
E157,S025,SP01,31,2.0,1.0,2.0,2.0,2.0,2.0,1.0,2.0,2.0
E157,S025,SP01,32,1.0,1.0,1.0,1.0,1.0,1.0,,,
E157,S025,SP01,33,2.0,2.0,2.0,2.0,2.0,2.0,,,
E025,S025,SP03,1,2.0,2.0,2.0,2.0,2.0,2.0,,,
E025,S025,SP03,2,3.0,3.0,3.0,3.0,3.0,3.0,,,
E025,S025,SP03,3,3.0,3.0,3.0,3.0,3.0,3.0,,,
E025,S025,SP03,4,2.0,2.0,2.0,2.0,2.0,2.0,,,
E025,S025,SP03,5,1.0,1.0,1.0,1.0,1.0,1.0,,,
E025,S025,SP03,6,2.0,2.0,2.0,2.0,2.0,2.0,,,
E025,S025,SP03,7,2.0,2.0,2.0,2.0,2.0,2.0,,,
E025,S025,SP03,8,1.0,1.0,1.0,1.0,1.0,1.0,,,
E025,S025,SP03,9,1.0,1.0,1.0,1.0,1.0,1.0,,,
E025,S025,SP03,10,1.0,1.0,1.0,1.0,1.0,1.0,,,
E025,S025,SP03,11,2.0,2.0,2.0,2.0,2.0,2.0,,,
E025,S025,SP03,12,2.0,2.0,2.0,2.0,2.0,2.0,,,
E025,S025,SP03,13,2.0,0.0,2.0,2.0,2.0,2.0,1.0,1.0,1.0
E025,S025,SP03,14,2.0,2.0,2.0,2.0,2.0,2.0,,,
E025,S025,SP03,15,2.0,1.0,2.0,2.0,2.0,2.0,0.0,0.0,0.0
E025,S025,SP03,16,2.0,1.0,2.0,2.0,2.0,2.0,1.0,1.0,2.0
E025,S025,SP03,17,2.0,2.0,2.0,2.0,2.0,2.0,,,
E025,S025,SP03,18,1.0,1.0,1.0,1.0,1.0,1.0,,,
E025,S025,SP03,19,1.0,1.0,1.0,1.0,1.0,1.0,,,
E025,S025,SP03,20,1.0,1.0,1.0,1.0,1.0,1.0,,,
E025,S025,SP03,21,1.0,1.0,1.0,1.0,1.0,1.0,,,
E025,S025,SP03,22,1.0,1.0,1.0,1.0,1.0,1.0,,,
E025,S025,SP03,23,1.0,1.0,1.0,1.0,1.0,1.0,,,
E025,S025,SP03,24,1.0,1.0,1.0,1.0,1.0,1.0,,,
E025,S025,SP03,25,1.0,1.0,1.0,1.0,1.0,1.0,,,
E025,S025,SP03,26,1.0,1.0,1.0,1.0,1.0,1.0,,,
E025,S025,SP03,27,1.0,1.0,1.0,1.0,1.0,1.0,,,
E025,S025,SP03,28,1.0,1.0,1.0,1.0,1.0,1.0,,,
E025,S025,SP03,29,1.0,1.0,1.0,1.0,1.0,1.0,,,
E025,S025,SP03,30,1.0,1.0,1.0,1.0,1.0,0.0,,,
E025,S025,SP03,31,1.0,1.0,1.0,1.0,1.0,1.0,,,
E025,S025,SP03,32,1.0,1.0,1.0,1.0,1.0,1.0,,,
E025,S025,SP03,33,3.0,3.0,3.0,3.0,3.0,3.0,,,
E084,S026,SP04,1,2.0,2.0,2.0,2.0,2.0,2.0,,,
E084,S026,SP04,2,3.0,3.0,3.0,3.0,3.0,3.0,,,
E084,S026,SP04,3,3.0,3.0,3.0,3.0,3.0,3.0,,,
E084,S026,SP04,4,2.0,2.0,2.0,2.0,2.0,2.0,,,
E084,S026,SP04,5,1.0,1.0,1.0,1.0,1.0,1.0,,,
E084,S026,SP04,6,1.0,1.0,1.0,1.0,1.0,1.0,,,
E084,S026,SP04,7,2.0,2.0,2.0,2.0,2.0,2.0,,,
E084,S026,SP04,8,1.0,1.0,1.0,1.0,1.0,1.0,,,
E084,S026,SP04,9,1.0,1.0,1.0,1.0,1.0,1.0,,,
E084,S026,SP04,10,1.0,1.0,1.0,1.0,1.0,1.0,,,
E084,S026,SP04,11,1.0,1.0,1.0,1.0,1.0,1.0,,,
E084,S026,SP04,12,1.0,1.0,1.0,1.0,1.0,0.0,,,
E084,S026,SP04,13,1.0,1.0,1.0,1.0,1.0,1.0,,,
E084,S026,SP04,14,1.0,1.0,1.0,1.0,1.0,1.0,,,
E084,S026,SP04,15,1.0,0.0,0.0,0.0,0.0,0.0,,,
E084,S026,SP04,16,1.0,1.0,1.0,1.0,1.0,1.0,,,
E084,S026,SP04,17,1.0,0.5,1.0,1.0,1.0,1.0,0.5,1.0,1.0
E084,S026,SP04,18,1.0,1.0,1.0,1.0,1.0,1.0,,,
E084,S026,SP04,19,1.0,1.0,1.0,1.0,1.0,1.0,,,
E084,S026,SP04,20,1.0,1.0,1.0,1.0,1.0,1.0,,,
E084,S026,SP04,21,2.0,2.0,2.0,2.0,2.0,2.0,,,
E084,S026,SP04,22,1.0,1.0,1.0,1.0,1.0,1.0,,,
E084,S026,SP04,23,1.0,1.0,1.0,1.0,1.0,1.0,,,
E084,S026,SP04,24,1.0,1.0,1.0,1.0,1.0,1.0,,,
E084,S026,SP04,25,1.0,1.0,1.0,1.0,1.0,1.0,,,
E084,S026,SP04,26,1.0,1.0,1.0,1.0,1.0,1.0,,,
E084,S026,SP04,27,1.0,1.0,1.0,1.0,1.0,1.0,,,
E084,S026,SP04,28,1.0,1.0,1.0,1.0,1.0,1.0,,,
E084,S026,SP04,29,1.0,1.0,1.0,1.0,1.0,1.0,,,
E084,S026,SP04,30,2.0,2.0,2.0,2.0,2.0,2.0,,,
E084,S026,SP04,31,1.0,1.0,1.0,1.0,1.0,1.0,,,
E084,S026,SP04,32,1.0,1.0,1.0,1.0,1.0,1.0,,,
E084,S026,SP04,33,1.0,0.0,1.0,1.0,1.0,1.0,1.0,1.0,1.0
E084,S026,SP04,34,1.0,1.0,1.0,1.0,1.0,1.0,,,
E084,S026,SP04,35,1.0,1.0,1.0,1.0,1.0,1.0,,,
E084,S026,SP04,36,2.0,2.0,2.0,2.0,2.0,2.0,,,
E084,S026,SP04,37,1.0,1.0,1.0,1.0,1.0,1.0,,,
E084,S026,SP04,38,1.0,1.0,1.0,1.0,1.0,1.0,,,
E084,S026,SP04,39,2.0,2.0,2.0,2.0,2.0,2.0,,,
E188,S026,SP05,1,2.0,2.0,2.0,2.0,2.0,2.0,,,
E188,S026,SP05,2,3.0,3.0,3.0,3.0,3.0,3.0,,,
E188,S026,SP05,3,3.0,3.0,3.0,3.0,3.0,3.0,,,
E188,S026,SP05,4,2.0,2.0,2.0,2.0,2.0,2.0,,,
E188,S026,SP05,5,1.0,1.0,1.0,1.0,1.0,1.0,,,
E188,S026,SP05,6,1.0,1.0,1.0,1.0,1.0,1.0,,,
E188,S026,SP05,7,1.0,1.0,1.0,1.0,1.0,1.0,,,
E188,S026,SP05,8,1.0,0.0,0.0,0.0,1.0,1.0,,,
E188,S026,SP05,9,1.0,1.0,1.0,1.0,1.0,1.0,,,
E188,S026,SP05,10,1.0,1.0,1.0,1.0,1.0,1.0,,,
E188,S026,SP05,11,1.0,1.0,1.0,1.0,1.0,1.0,,,
E188,S026,SP05,12,1.0,1.0,1.0,1.0,1.0,1.0,,,
E188,S026,SP05,13,1.0,1.0,1.0,1.0,1.0,1.0,,,
E188,S026,SP05,14,1.0,0.0,1.0,1.0,1.0,1.0,0.0,0.0,0.0
E188,S026,SP05,15,1.0,1.0,1.0,1.0,1.0,1.0,,,
E188,S026,SP05,16,1.0,0.0,0.0,0.0,0.0,0.0,,,
E188,S026,SP05,17,1.0,1.0,1.0,1.0,1.0,1.0,,,
E188,S026,SP05,18,1.0,1.0,1.0,1.0,1.0,1.0,,,
E188,S026,SP05,19,1.0,1.0,1.0,1.0,1.0,1.0,,,
E188,S026,SP05,20,1.0,1.0,1.0,1.0,1.0,1.0,,,
E188,S026,SP05,21,1.0,1.0,1.0,1.0,1.0,1.0,,,
E188,S026,SP05,22,1.0,1.0,1.0,1.0,1.0,1.0,,,
E188,S026,SP05,23,1.0,1.0,1.0,1.0,1.0,1.0,,,
E188,S026,SP05,24,1.0,1.0,1.0,1.0,1.0,1.0,,,
E188,S026,SP05,25,1.0,1.0,1.0,1.0,1.0,1.0,,,
E188,S026,SP05,26,1.0,1.0,1.0,1.0,1.0,1.0,,,
E188,S026,SP05,27,1.0,1.0,1.0,1.0,1.0,1.0,,,
E188,S026,SP05,28,1.0,1.0,1.0,1.0,1.0,1.0,,,
E188,S026,SP05,29,1.0,0.0,1.0,1.0,1.0,1.0,0.0,0.0,0.5
E188,S026,SP05,30,1.0,1.0,1.0,1.0,1.0,1.0,,,
E188,S026,SP05,31,1.0,1.0,1.0,1.0,1.0,1.0,,,
E188,S026,SP05,32,1.0,1.0,1.0,1.0,1.0,1.0,,,
E188,S026,SP05,33,2.0,2.0,2.0,2.0,2.0,2.0,,,
E188,S026,SP05,34,1.0,1.0,1.0,1.0,1.0,1.0,,,
E188,S026,SP05,35,1.0,1.0,1.0,1.0,1.0,1.0,,,
E188,S026,SP05,36,1.0,1.0,1.0,1.0,1.0,1.0,,,
E188,S026,SP05,37,1.0,1.0,1.0,1.0,1.0,1.0,,,
E188,S026,SP05,38,2.0,2.0,2.0,2.0,2.0,2.0,,,
E188,S026,SP05,39,2.0,2.0,2.0,2.0,2.0,2.0,,,
E188,S026,SP05,40,2.0,2.0,2.0,2.0,2.0,2.0,,,
E173,S026,SP06,1,2.0,2.0,2.0,2.0,2.0,2.0,,,
E173,S026,SP06,2,4.0,4.0,4.0,4.0,4.0,4.0,,,
E173,S026,SP06,3,3.0,3.0,3.0,3.0,3.0,3.0,,,
E173,S026,SP06,4,2.0,2.0,2.0,2.0,2.0,2.0,,,
E173,S026,SP06,5,2.0,2.0,2.0,2.0,2.0,2.0,,,
E173,S026,SP06,6,2.0,2.0,2.0,2.0,2.0,2.0,,,
E173,S026,SP06,7,1.0,1.0,1.0,1.0,1.0,1.0,,,
E173,S026,SP06,8,1.0,1.0,1.0,1.0,1.0,1.0,,,
E173,S026,SP06,9,2.0,2.0,2.0,2.0,2.0,2.0,,,
E173,S026,SP06,10,2.0,2.0,2.0,2.0,2.0,2.0,,,
E173,S026,SP06,11,2.0,0.0,2.0,2.0,2.0,2.0,0.0,2.0,2.0
E173,S026,SP06,12,1.0,0.0,0.0,0.0,1.0,1.0,,,
E173,S026,SP06,13,1.0,0.0,1.0,1.0,1.0,1.0,0.0,0.0,1.0
E173,S026,SP06,14,1.0,1.0,1.0,1.0,1.0,1.0,,,
E173,S026,SP06,15,1.0,0.0,0.0,0.0,1.0,1.0,,,
E173,S026,SP06,16,1.0,1.0,1.0,1.0,1.0,1.0,,,
E173,S026,SP06,17,1.0,1.0,1.0,1.0,1.0,1.0,,,
E173,S026,SP06,18,1.0,1.0,1.0,1.0,1.0,1.0,,,
E173,S026,SP06,19,1.0,1.0,1.0,1.0,1.0,1.0,,,
E173,S026,SP06,20,1.0,1.0,1.0,1.0,1.0,1.0,,,
E173,S026,SP06,21,1.0,1.0,1.0,1.0,1.0,1.0,,,
E173,S026,SP06,22,1.0,1.0,1.0,1.0,1.0,1.0,,,
E173,S026,SP06,23,1.0,1.0,1.0,1.0,1.0,1.0,,,
E173,S026,SP06,24,1.0,1.0,1.0,1.0,1.0,1.0,,,
E173,S026,SP06,25,1.0,1.0,1.0,1.0,1.0,1.0,,,
E173,S026,SP06,26,1.0,1.0,1.0,1.0,1.0,1.0,,,
E173,S026,SP06,27,1.0,1.0,1.0,1.0,1.0,1.0,,,
E173,S026,SP06,28,1.0,1.0,1.0,1.0,1.0,1.0,,,
E173,S026,SP06,29,1.0,1.0,1.0,1.0,1.0,1.0,,,
E173,S026,SP06,30,1.0,1.0,1.0,1.0,1.0,1.0,,,
E173,S026,SP06,31,1.0,1.0,1.0,1.0,1.0,1.0,,,
E173,S026,SP06,32,1.0,1.0,1.0,1.0,1.0,1.0,,,
E173,S026,SP06,33,1.0,1.0,1.0,1.0,1.0,1.0,,,
E173,S026,SP06,34,2.0,2.0,2.0,2.0,2.0,2.0,,,
E173,S026,SP06,35,1.0,1.0,1.0,1.0,1.0,1.0,,,
E173,S026,SP06,36,2.0,2.0,2.0,2.0,2.0,2.0,,,
E141,S027,SP01,1,2.0,1.5,2.0,2.0,2.0,2.0,2.0,2.0,2.0
E141,S027,SP01,2,3.0,3.0,3.0,3.0,3.0,3.0,,,
E141,S027,SP01,3,2.0,2.0,2.0,2.0,2.0,2.0,,,
E141,S027,SP01,4,2.0,2.0,2.0,2.0,2.0,2.0,,,
E141,S027,SP01,5,2.0,2.0,2.0,2.0,2.0,2.0,,,
E141,S027,SP01,6,2.0,1.0,2.0,2.0,2.0,2.0,2.0,2.0,2.0
E141,S027,SP01,7,2.0,2.0,2.0,2.0,2.0,2.0,,,
E141,S027,SP01,8,2.0,2.0,2.0,2.0,2.0,2.0,,,
E141,S027,SP01,9,2.0,1.0,0.0,0.0,2.0,2.0,1.0,1.0,0.5
E141,S027,SP01,10,2.0,0.0,2.0,2.0,2.0,2.0,1.5,2.0,1.0
E141,S027,SP01,11,2.0,0.0,0.0,0.0,2.0,2.0,,,
E141,S027,SP01,12,1.0,1.0,1.0,1.0,1.0,1.0,,,
E141,S027,SP01,13,1.0,1.0,1.0,1.0,1.0,1.0,,,
E141,S027,SP01,14,1.0,1.0,1.0,1.0,1.0,1.0,,,
E141,S027,SP01,15,1.0,1.0,1.0,1.0,1.0,1.0,,,
E141,S027,SP01,16,1.0,1.0,1.0,1.0,1.0,1.0,,,
E141,S027,SP01,17,1.0,1.0,1.0,1.0,1.0,1.0,,,
E141,S027,SP01,18,1.0,1.0,0.0,0.0,1.0,1.0,0.0,0.0,0.0
E141,S027,SP01,19,1.0,1.0,1.0,1.0,1.0,1.0,,,
E141,S027,SP01,20,1.0,1.0,1.0,1.0,1.0,1.0,,,
E141,S027,SP01,21,1.0,1.0,1.0,1.0,1.0,1.0,,,
E141,S027,SP01,22,1.0,1.0,1.0,1.0,1.0,1.0,,,
E141,S027,SP01,23,1.0,1.0,1.0,1.0,1.0,1.0,,,
E141,S027,SP01,24,1.0,1.0,1.0,1.0,1.0,1.0,,,
E141,S027,SP01,25,2.0,2.0,2.0,2.0,2.0,2.0,,,
E141,S027,SP01,26,1.0,1.0,1.0,1.0,1.0,1.0,,,
E141,S027,SP01,27,1.0,1.0,1.0,1.0,1.0,1.0,,,
E141,S027,SP01,28,1.0,1.0,1.0,1.0,1.0,1.0,,,
E141,S027,SP01,29,2.0,2.0,2.0,2.0,2.0,2.0,,,
E141,S027,SP01,30,2.0,2.0,2.0,2.0,2.0,2.0,,,
E141,S027,SP01,31,2.0,2.0,2.0,2.0,2.0,2.0,,,
E141,S027,SP01,32,1.0,1.0,1.0,1.0,1.0,1.0,,,
E141,S027,SP01,33,2.0,2.0,0.0,0.0,2.0,2.0,0.0,0.0,1.0
E017,S027,SP02,1,2.0,2.0,2.0,2.0,2.0,2.0,,,
E017,S027,SP02,2,3.0,3.0,2.0,2.0,3.0,3.0,3.0,3.0,3.0
E017,S027,SP02,3,2.0,2.0,2.0,2.0,2.0,2.0,,,
E017,S027,SP02,4,2.0,2.0,2.0,2.0,2.0,2.0,,,
E017,S027,SP02,5,1.0,1.0,1.0,1.0,1.0,1.0,,,
E017,S027,SP02,6,1.0,1.0,1.0,1.0,1.0,1.0,,,
E017,S027,SP02,7,2.0,2.0,2.0,2.0,2.0,2.0,,,
E017,S027,SP02,8,2.0,2.0,2.0,2.0,2.0,2.0,,,
E017,S027,SP02,9,2.0,2.0,2.0,2.0,2.0,2.0,,,
E017,S027,SP02,10,1.0,0.0,1.0,1.0,1.0,1.0,0.0,0.0,0.0
E017,S027,SP02,11,2.0,2.0,2.0,2.0,2.0,2.0,,,
E017,S027,SP02,12,2.0,0.0,1.0,1.0,2.0,2.0,0.0,0.0,1.0
E017,S027,SP02,13,2.0,0.0,0.0,0.0,0.0,2.0,,,
E017,S027,SP02,14,1.0,0.0,0.0,0.0,0.0,1.0,,,
E017,S027,SP02,15,1.0,1.0,1.0,1.0,1.0,1.0,,,
E017,S027,SP02,16,2.0,2.0,2.0,2.0,2.0,2.0,,,
E017,S027,SP02,17,1.0,1.0,1.0,1.0,1.0,1.0,,,
E017,S027,SP02,18,1.0,1.0,1.0,1.0,0.0,1.0,,,
E017,S027,SP02,19,1.0,1.0,1.0,1.0,1.0,1.0,,,
E017,S027,SP02,20,1.0,1.0,1.0,1.0,1.0,1.0,,,
E017,S027,SP02,21,1.0,1.0,1.0,1.0,1.0,1.0,,,
E017,S027,SP02,22,1.0,1.0,1.0,1.0,1.0,1.0,,,
E017,S027,SP02,23,1.0,1.0,1.0,1.0,1.0,1.0,,,
E017,S027,SP02,24,1.0,1.0,1.0,1.0,1.0,1.0,,,
E017,S027,SP02,25,1.0,1.0,1.0,1.0,1.0,1.0,,,
E017,S027,SP02,26,1.0,1.0,1.0,1.0,1.0,1.0,,,
E017,S027,SP02,27,1.0,1.0,1.0,1.0,1.0,1.0,,,
E017,S027,SP02,28,1.0,1.0,1.0,1.0,1.0,1.0,,,
E017,S027,SP02,29,1.0,1.0,1.0,1.0,1.0,1.0,,,
E017,S027,SP02,30,2.0,2.0,2.0,2.0,2.0,2.0,,,
E017,S027,SP02,31,2.0,2.0,2.0,2.0,2.0,2.0,,,
E017,S027,SP02,32,2.0,2.0,2.0,2.0,2.0,2.0,,,
E017,S027,SP02,33,1.0,1.0,1.0,1.0,1.0,1.0,,,
E017,S027,SP02,34,2.0,2.0,2.0,2.0,2.0,2.0,,,
E043,S027,SP03,1,2.0,2.0,2.0,2.0,2.0,2.0,,,
E043,S027,SP03,2,3.0,3.0,3.0,3.0,3.0,3.0,,,
E043,S027,SP03,3,3.0,3.0,3.0,3.0,3.0,3.0,,,
E043,S027,SP03,4,2.0,2.0,2.0,2.0,2.0,2.0,,,
E043,S027,SP03,5,1.0,1.0,1.0,1.0,1.0,1.0,,,
E043,S027,SP03,6,2.0,0.0,2.0,2.0,2.0,2.0,2.0,2.0,2.0
E043,S027,SP03,7,2.0,2.0,2.0,2.0,2.0,2.0,,,
E043,S027,SP03,8,1.0,1.0,1.0,1.0,1.0,1.0,,,
E043,S027,SP03,9,1.0,1.0,1.0,1.0,1.0,1.0,,,
E043,S027,SP03,10,1.0,1.0,1.0,1.0,1.0,1.0,,,
E043,S027,SP03,11,2.0,2.0,2.0,2.0,2.0,2.0,,,
E043,S027,SP03,12,2.0,2.0,2.0,2.0,2.0,2.0,,,
E043,S027,SP03,13,2.0,1.0,1.0,1.0,2.0,2.0,,,
E043,S027,SP03,14,2.0,0.0,1.0,1.0,2.0,2.0,0.0,1.0,1.0
E043,S027,SP03,15,2.0,0.0,1.0,1.0,2.0,2.0,0.0,0.0,1.0
E043,S027,SP03,16,2.0,2.0,1.0,1.0,2.0,2.0,1.0,2.0,2.0
E043,S027,SP03,17,2.0,2.0,2.0,2.0,2.0,2.0,,,
E043,S027,SP03,18,1.0,1.0,1.0,1.0,1.0,1.0,,,
E043,S027,SP03,19,1.0,1.0,1.0,1.0,1.0,1.0,,,
E043,S027,SP03,20,1.0,1.0,1.0,1.0,1.0,1.0,,,
E043,S027,SP03,21,1.0,1.0,1.0,1.0,1.0,1.0,,,
E043,S027,SP03,22,1.0,1.0,1.0,1.0,1.0,1.0,,,
E043,S027,SP03,23,1.0,1.0,1.0,1.0,1.0,1.0,,,
E043,S027,SP03,24,1.0,1.0,1.0,1.0,1.0,1.0,,,
E043,S027,SP03,25,1.0,1.0,1.0,1.0,1.0,1.0,,,
E043,S027,SP03,26,1.0,1.0,1.0,1.0,1.0,1.0,,,
E043,S027,SP03,27,1.0,1.0,1.0,1.0,1.0,1.0,,,
E043,S027,SP03,28,1.0,1.0,1.0,1.0,1.0,1.0,,,
E043,S027,SP03,29,1.0,1.0,1.0,1.0,1.0,1.0,,,
E043,S027,SP03,30,1.0,1.0,1.0,1.0,1.0,1.0,,,
E043,S027,SP03,31,1.0,1.0,1.0,1.0,1.0,1.0,,,
E043,S027,SP03,32,1.0,1.0,1.0,1.0,1.0,1.0,,,
E043,S027,SP03,33,3.0,2.0,3.0,3.0,3.0,3.0,2.0,3.0,3.0
E054,S028,SP01,1,2.0,2.0,2.0,2.0,2.0,2.0,,,
E054,S028,SP01,2,3.0,3.0,3.0,3.0,3.0,3.0,,,
E054,S028,SP01,3,2.0,2.0,2.0,2.0,2.0,2.0,,,
E054,S028,SP01,4,2.0,0.0,0.0,0.0,2.0,2.0,,,
E054,S028,SP01,5,2.0,2.0,2.0,2.0,2.0,2.0,,,
E054,S028,SP01,6,2.0,0.0,2.0,2.0,2.0,2.0,0.0,0.0,2.0
E054,S028,SP01,7,2.0,2.0,2.0,2.0,2.0,2.0,,,
E054,S028,SP01,8,2.0,2.0,2.0,2.0,2.0,2.0,,,
E054,S028,SP01,9,2.0,1.0,2.0,2.0,2.0,2.0,1.0,2.0,1.0
E054,S028,SP01,10,2.0,1.0,2.0,2.0,2.0,2.0,1.0,2.0,1.0
E054,S028,SP01,11,2.0,1.0,2.0,2.0,2.0,2.0,1.0,2.0,1.0
E054,S028,SP01,12,1.0,0.0,0.0,0.0,1.0,1.0,,,
E054,S028,SP01,13,1.0,0.0,0.0,0.0,1.0,1.0,,,
E054,S028,SP01,14,1.0,0.0,0.0,0.0,1.0,1.0,,,
E054,S028,SP01,15,1.0,0.0,0.0,0.0,1.0,0.0,,,
E054,S028,SP01,16,1.0,0.0,0.0,0.0,1.0,0.0,,,
E054,S028,SP01,17,1.0,1.0,1.0,1.0,1.0,1.0,,,
E054,S028,SP01,18,1.0,1.0,0.0,0.0,1.0,1.0,0.0,0.0,0.0
E054,S028,SP01,19,1.0,1.0,1.0,1.0,1.0,1.0,,,
E054,S028,SP01,20,1.0,1.0,1.0,1.0,1.0,1.0,,,
E054,S028,SP01,21,1.0,1.0,1.0,1.0,1.0,1.0,,,
E054,S028,SP01,22,1.0,1.0,1.0,1.0,1.0,1.0,,,
E054,S028,SP01,23,1.0,1.0,1.0,1.0,1.0,1.0,,,
E054,S028,SP01,24,1.0,1.0,0.0,0.0,1.0,1.0,0.0,1.0,0.0
E054,S028,SP01,25,2.0,2.0,2.0,2.0,2.0,2.0,,,
E054,S028,SP01,26,1.0,1.0,1.0,1.0,1.0,1.0,,,
E054,S028,SP01,27,1.0,1.0,1.0,1.0,1.0,1.0,,,
E054,S028,SP01,28,1.0,1.0,1.0,1.0,1.0,1.0,,,
E054,S028,SP01,29,2.0,2.0,0.0,0.0,2.0,2.0,0.0,2.0,0.0
E054,S028,SP01,30,2.0,2.0,2.0,2.0,2.0,2.0,,,
E054,S028,SP01,31,2.0,2.0,2.0,2.0,2.0,2.0,,,
E054,S028,SP01,32,1.0,1.0,1.0,1.0,1.0,1.0,,,
E054,S028,SP01,33,2.0,2.0,2.0,2.0,2.0,2.0,,,
E101,S028,SP02,1,2.0,2.0,2.0,2.0,2.0,2.0,,,
E101,S028,SP02,2,3.0,3.0,3.0,3.0,3.0,3.0,,,
E101,S028,SP02,3,2.0,2.0,2.0,2.0,2.0,2.0,,,
E101,S028,SP02,4,2.0,1.0,2.0,2.0,2.0,2.0,1.0,0.0,1.0
E101,S028,SP02,5,1.0,1.0,1.0,1.0,1.0,1.0,,,
E101,S028,SP02,6,1.0,1.0,1.0,1.0,1.0,1.0,,,
E101,S028,SP02,7,2.0,2.0,2.0,2.0,2.0,2.0,,,
E101,S028,SP02,8,2.0,2.0,2.0,2.0,2.0,2.0,,,
E101,S028,SP02,9,2.0,2.0,2.0,2.0,2.0,2.0,,,
E101,S028,SP02,10,1.0,0.0,1.0,1.0,1.0,1.0,0.0,0.0,0.5
E101,S028,SP02,11,2.0,2.0,2.0,2.0,2.0,2.0,,,
E101,S028,SP02,12,2.0,1.0,2.0,2.0,2.0,1.0,1.0,1.0,1.0
E101,S028,SP02,13,2.0,2.0,2.0,2.0,2.0,2.0,,,
E101,S028,SP02,14,1.0,1.0,1.0,1.0,1.0,1.0,,,
E101,S028,SP02,15,1.0,1.0,1.0,1.0,1.0,1.0,,,
E101,S028,SP02,16,2.0,2.0,2.0,2.0,2.0,2.0,,,
E101,S028,SP02,17,1.0,1.0,1.0,1.0,1.0,1.0,,,
E101,S028,SP02,18,1.0,1.0,1.0,1.0,1.0,1.0,,,
E101,S028,SP02,19,1.0,1.0,0.0,0.0,1.0,0.0,0.0,0.0,0.0
E101,S028,SP02,20,1.0,1.0,1.0,1.0,1.0,1.0,,,
E101,S028,SP02,21,1.0,1.0,1.0,1.0,1.0,1.0,,,
E101,S028,SP02,22,1.0,1.0,1.0,1.0,1.0,1.0,,,
E101,S028,SP02,23,1.0,1.0,1.0,1.0,1.0,1.0,,,
E101,S028,SP02,24,1.0,1.0,1.0,1.0,1.0,1.0,,,
E101,S028,SP02,25,1.0,1.0,1.0,1.0,1.0,1.0,,,
E101,S028,SP02,26,1.0,1.0,1.0,1.0,1.0,1.0,,,
E101,S028,SP02,27,1.0,1.0,1.0,1.0,1.0,1.0,,,
E101,S028,SP02,28,1.0,1.0,1.0,1.0,1.0,1.0,,,
E101,S028,SP02,29,1.0,1.0,1.0,1.0,1.0,1.0,,,
E101,S028,SP02,30,2.0,2.0,0.0,0.0,2.0,0.0,0.0,0.0,0.0
E101,S028,SP02,31,2.0,2.0,2.0,2.0,2.0,2.0,,,
E101,S028,SP02,32,2.0,2.0,2.0,2.0,1.0,2.0,,,
E101,S028,SP02,33,1.0,1.0,1.0,1.0,1.0,1.0,,,
E101,S028,SP02,34,2.0,2.0,2.0,2.0,2.0,2.0,,,
E219,S028,SP03,1,2.0,2.0,2.0,2.0,2.0,2.0,,,
E219,S028,SP03,2,3.0,3.0,3.0,3.0,3.0,3.0,,,
E219,S028,SP03,3,3.0,3.0,3.0,3.0,3.0,3.0,,,
E219,S028,SP03,4,2.0,2.0,2.0,2.0,2.0,2.0,,,
E219,S028,SP03,5,1.0,1.0,1.0,1.0,1.0,1.0,,,
E219,S028,SP03,6,2.0,2.0,2.0,2.0,2.0,2.0,,,
E219,S028,SP03,7,2.0,2.0,2.0,2.0,2.0,2.0,,,
E219,S028,SP03,8,1.0,1.0,1.0,1.0,1.0,1.0,,,
E219,S028,SP03,9,1.0,1.0,1.0,1.0,1.0,1.0,,,
E219,S028,SP03,10,1.0,1.0,1.0,1.0,1.0,1.0,,,
E219,S028,SP03,11,2.0,2.0,2.0,2.0,2.0,2.0,,,
E219,S028,SP03,12,2.0,2.0,2.0,2.0,2.0,2.0,,,
E219,S028,SP03,13,2.0,2.0,1.0,1.0,2.0,2.0,1.0,2.0,2.0
E219,S028,SP03,14,2.0,2.0,1.0,1.0,2.0,2.0,1.0,1.0,2.0
E219,S028,SP03,15,2.0,1.0,0.0,0.0,2.0,2.0,0.0,0.0,0.0
E219,S028,SP03,16,2.0,2.0,2.0,2.0,2.0,2.0,,,
E219,S028,SP03,17,2.0,2.0,2.0,2.0,2.0,2.0,,,
E219,S028,SP03,18,1.0,1.0,0.0,0.0,1.0,1.0,0.0,0.0,0.0
E219,S028,SP03,19,1.0,1.0,1.0,1.0,1.0,1.0,,,
E219,S028,SP03,20,1.0,1.0,1.0,1.0,1.0,1.0,,,
E219,S028,SP03,21,1.0,1.0,1.0,1.0,1.0,1.0,,,
E219,S028,SP03,22,1.0,1.0,1.0,1.0,1.0,1.0,,,
E219,S028,SP03,23,1.0,1.0,1.0,1.0,1.0,1.0,,,
E219,S028,SP03,24,1.0,1.0,1.0,1.0,1.0,1.0,,,
E219,S028,SP03,25,1.0,1.0,1.0,1.0,1.0,1.0,,,
E219,S028,SP03,26,1.0,1.0,1.0,1.0,1.0,1.0,,,
E219,S028,SP03,27,1.0,1.0,1.0,1.0,1.0,1.0,,,
E219,S028,SP03,28,1.0,1.0,1.0,1.0,1.0,1.0,,,
E219,S028,SP03,29,1.0,1.0,1.0,1.0,1.0,1.0,,,
E219,S028,SP03,30,1.0,1.0,1.0,1.0,1.0,1.0,,,
E219,S028,SP03,31,1.0,1.0,1.0,1.0,1.0,1.0,,,
E219,S028,SP03,32,1.0,1.0,1.0,1.0,1.0,1.0,,,
E219,S028,SP03,33,3.0,3.0,3.0,3.0,3.0,3.0,,,
E114,S029,SP04,1,2.0,2.0,2.0,2.0,2.0,2.0,,,
E114,S029,SP04,2,3.0,3.0,3.0,3.0,3.0,3.0,,,
E114,S029,SP04,3,3.0,3.0,3.0,3.0,3.0,3.0,,,
E114,S029,SP04,4,2.0,2.0,2.0,2.0,2.0,2.0,,,
E114,S029,SP04,5,1.0,1.0,1.0,1.0,1.0,1.0,,,
E114,S029,SP04,6,1.0,1.0,1.0,1.0,1.0,1.0,,,
E114,S029,SP04,7,2.0,2.0,2.0,2.0,2.0,2.0,,,
E114,S029,SP04,8,1.0,1.0,1.0,1.0,1.0,1.0,,,
E114,S029,SP04,9,1.0,0.0,0.0,0.0,0.0,1.0,,,
E114,S029,SP04,10,1.0,1.0,1.0,1.0,1.0,1.0,,,
E114,S029,SP04,11,1.0,1.0,1.0,1.0,1.0,1.0,,,
E114,S029,SP04,12,1.0,0.0,0.0,0.0,0.0,0.0,,,
E114,S029,SP04,13,1.0,1.0,1.0,1.0,1.0,1.0,,,
E114,S029,SP04,14,1.0,1.0,1.0,1.0,1.0,1.0,,,
E114,S029,SP04,15,1.0,0.0,0.0,0.0,0.0,0.0,,,
E114,S029,SP04,16,1.0,0.0,0.0,0.0,1.0,1.0,,,
E114,S029,SP04,17,1.0,0.0,0.0,0.0,0.5,1.0,,,
E114,S029,SP04,18,1.0,0.0,0.0,0.0,1.0,1.0,,,
E114,S029,SP04,19,1.0,1.0,1.0,1.0,1.0,1.0,,,
E114,S029,SP04,20,1.0,1.0,1.0,1.0,1.0,1.0,,,
E114,S029,SP04,21,2.0,2.0,2.0,2.0,2.0,2.0,,,
E114,S029,SP04,22,1.0,1.0,1.0,1.0,1.0,1.0,,,
E114,S029,SP04,23,1.0,1.0,1.0,1.0,1.0,1.0,,,
E114,S029,SP04,24,1.0,1.0,1.0,1.0,1.0,1.0,,,
E114,S029,SP04,25,1.0,1.0,1.0,1.0,1.0,1.0,,,
E114,S029,SP04,26,1.0,1.0,1.0,1.0,1.0,1.0,,,
E114,S029,SP04,27,1.0,1.0,1.0,1.0,1.0,1.0,,,
E114,S029,SP04,28,1.0,1.0,1.0,1.0,1.0,1.0,,,
E114,S029,SP04,29,1.0,1.0,1.0,1.0,1.0,1.0,,,
E114,S029,SP04,30,2.0,2.0,2.0,2.0,2.0,2.0,,,
E114,S029,SP04,31,1.0,1.0,1.0,1.0,1.0,1.0,,,
E114,S029,SP04,32,1.0,1.0,1.0,1.0,1.0,1.0,,,
E114,S029,SP04,33,1.0,1.0,1.0,1.0,1.0,1.0,,,
E114,S029,SP04,34,1.0,1.0,1.0,1.0,1.0,1.0,,,
E114,S029,SP04,35,1.0,0.0,0.0,0.0,0.0,0.0,,,
E114,S029,SP04,36,2.0,2.0,2.0,2.0,2.0,2.0,,,
E114,S029,SP04,37,1.0,1.0,1.0,1.0,1.0,1.0,,,
E114,S029,SP04,38,1.0,1.0,1.0,1.0,1.0,1.0,,,
E114,S029,SP04,39,2.0,1.0,2.0,2.0,2.0,2.0,2.0,2.0,2.0
E214,S029,SP05,1,2.0,2.0,2.0,2.0,2.0,2.0,,,
E214,S029,SP05,2,3.0,3.0,3.0,3.0,3.0,3.0,,,
E214,S029,SP05,3,3.0,3.0,3.0,3.0,3.0,3.0,,,
E214,S029,SP05,4,2.0,2.0,2.0,2.0,2.0,2.0,,,
E214,S029,SP05,5,1.0,1.0,1.0,1.0,1.0,1.0,,,
E214,S029,SP05,6,1.0,1.0,1.0,1.0,1.0,1.0,,,
E214,S029,SP05,7,1.0,1.0,1.0,1.0,1.0,1.0,,,
E214,S029,SP05,8,1.0,0.0,0.0,0.0,1.0,0.0,,,
E214,S029,SP05,9,1.0,1.0,0.0,0.0,1.0,1.0,0.0,0.0,0.5
E214,S029,SP05,10,1.0,0.0,1.0,1.0,1.0,1.0,0.0,0.0,0.0
E214,S029,SP05,11,1.0,0.0,1.0,1.0,1.0,1.0,0.0,1.0,0.0
E214,S029,SP05,12,1.0,0.0,1.0,1.0,1.0,1.0,0.0,0.0,0.0
E214,S029,SP05,13,1.0,1.0,1.0,1.0,1.0,1.0,,,
E214,S029,SP05,14,1.0,1.0,0.0,0.0,1.0,0.0,0.0,0.0,0.0
E214,S029,SP05,15,1.0,1.0,1.0,1.0,1.0,1.0,,,
E214,S029,SP05,16,1.0,0.0,0.0,0.0,0.0,0.0,,,
E214,S029,SP05,17,1.0,1.0,1.0,1.0,1.0,1.0,,,
E214,S029,SP05,18,1.0,1.0,1.0,1.0,1.0,1.0,,,
E214,S029,SP05,19,1.0,1.0,1.0,1.0,1.0,1.0,,,
E214,S029,SP05,20,1.0,1.0,1.0,1.0,1.0,1.0,,,
E214,S029,SP05,21,1.0,1.0,1.0,1.0,1.0,1.0,,,
E214,S029,SP05,22,1.0,0.0,0.0,0.0,0.0,1.0,,,
E214,S029,SP05,23,1.0,1.0,1.0,1.0,1.0,1.0,,,
E214,S029,SP05,24,1.0,1.0,1.0,1.0,1.0,1.0,,,
E214,S029,SP05,25,1.0,1.0,1.0,1.0,1.0,1.0,,,
E214,S029,SP05,26,1.0,1.0,1.0,1.0,1.0,1.0,,,
E214,S029,SP05,27,1.0,1.0,1.0,1.0,1.0,1.0,,,
E214,S029,SP05,28,1.0,1.0,1.0,1.0,1.0,1.0,,,
E214,S029,SP05,29,1.0,1.0,1.0,1.0,1.0,1.0,,,
E214,S029,SP05,30,1.0,1.0,1.0,1.0,1.0,1.0,,,
E214,S029,SP05,31,1.0,0.0,0.0,0.0,0.0,0.0,,,
E214,S029,SP05,32,1.0,1.0,1.0,1.0,1.0,1.0,,,
E214,S029,SP05,33,2.0,2.0,2.0,2.0,2.0,2.0,,,
E214,S029,SP05,34,1.0,1.0,1.0,1.0,1.0,1.0,,,
E214,S029,SP05,35,1.0,1.0,1.0,1.0,1.0,1.0,,,
E214,S029,SP05,36,1.0,1.0,1.0,1.0,1.0,1.0,,,
E214,S029,SP05,37,1.0,1.0,1.0,1.0,1.0,1.0,,,
E214,S029,SP05,38,2.0,2.0,2.0,2.0,2.0,2.0,,,
E214,S029,SP05,39,2.0,2.0,2.0,2.0,2.0,2.0,,,
E214,S029,SP05,40,2.0,2.0,2.0,2.0,2.0,2.0,,,
E211,S029,SP06,1,2.0,2.0,2.0,2.0,2.0,2.0,,,
E211,S029,SP06,2,4.0,4.0,4.0,4.0,4.0,4.0,,,
E211,S029,SP06,3,3.0,3.0,3.0,3.0,3.0,3.0,,,
E211,S029,SP06,4,2.0,2.0,2.0,2.0,2.0,2.0,,,
E211,S029,SP06,5,2.0,2.0,2.0,2.0,2.0,2.0,,,
E211,S029,SP06,6,2.0,2.0,2.0,2.0,2.0,2.0,,,
E211,S029,SP06,7,1.0,0.0,1.0,1.0,1.0,1.0,0.0,1.0,1.0
E211,S029,SP06,8,1.0,0.0,1.0,1.0,1.0,1.0,0.5,1.0,0.0
E211,S029,SP06,9,2.0,1.0,2.0,2.0,2.0,2.0,2.0,2.0,2.0
E211,S029,SP06,10,2.0,2.0,2.0,2.0,2.0,2.0,,,
E211,S029,SP06,11,2.0,2.0,2.0,2.0,2.0,2.0,,,
E211,S029,SP06,12,1.0,1.0,0.0,0.0,1.0,1.0,0.0,1.0,0.0
E211,S029,SP06,13,1.0,0.0,0.0,0.0,1.0,1.0,,,
E211,S029,SP06,14,1.0,1.0,1.0,1.0,1.0,1.0,,,
E211,S029,SP06,15,1.0,0.0,0.0,0.0,0.0,0.0,,,
E211,S029,SP06,16,1.0,1.0,1.0,1.0,1.0,1.0,,,
E211,S029,SP06,17,1.0,1.0,1.0,1.0,1.0,1.0,,,
E211,S029,SP06,18,1.0,1.0,1.0,1.0,1.0,1.0,,,
E211,S029,SP06,19,1.0,1.0,1.0,1.0,1.0,1.0,,,
E211,S029,SP06,20,1.0,1.0,1.0,1.0,1.0,1.0,,,
E211,S029,SP06,21,1.0,1.0,1.0,1.0,1.0,1.0,,,
E211,S029,SP06,22,1.0,1.0,1.0,1.0,1.0,1.0,,,
E211,S029,SP06,23,1.0,1.0,1.0,1.0,1.0,1.0,,,
E211,S029,SP06,24,1.0,1.0,1.0,1.0,1.0,1.0,,,
E211,S029,SP06,25,1.0,1.0,1.0,1.0,1.0,1.0,,,
E211,S029,SP06,26,1.0,1.0,1.0,1.0,1.0,1.0,,,
E211,S029,SP06,27,1.0,0.0,0.0,0.0,0.0,0.0,,,
E211,S029,SP06,28,1.0,1.0,1.0,1.0,1.0,1.0,,,
E211,S029,SP06,29,1.0,1.0,1.0,1.0,1.0,0.0,,,
E211,S029,SP06,30,1.0,1.0,1.0,1.0,1.0,1.0,,,
E211,S029,SP06,31,1.0,1.0,1.0,1.0,1.0,1.0,,,
E211,S029,SP06,32,1.0,0.0,0.0,0.0,0.0,0.0,,,
E211,S029,SP06,33,1.0,1.0,1.0,1.0,1.0,1.0,,,
E211,S029,SP06,34,2.0,2.0,2.0,2.0,2.0,2.0,,,
E211,S029,SP06,35,1.0,1.0,1.0,1.0,1.0,1.0,,,
E211,S029,SP06,36,2.0,1.0,2.0,2.0,2.0,2.0,1.0,2.0,2.0
E006,S030,SP04,1,2.0,2.0,2.0,2.0,2.0,2.0,,,
E006,S030,SP04,2,3.0,3.0,3.0,3.0,3.0,3.0,,,
E006,S030,SP04,3,3.0,3.0,3.0,3.0,3.0,3.0,,,
E006,S030,SP04,4,2.0,2.0,2.0,2.0,2.0,2.0,,,
E006,S030,SP04,5,1.0,1.0,1.0,1.0,1.0,1.0,,,
E006,S030,SP04,6,1.0,1.0,1.0,1.0,1.0,1.0,,,
E006,S030,SP04,7,2.0,2.0,2.0,2.0,2.0,2.0,,,
E006,S030,SP04,8,1.0,1.0,1.0,1.0,1.0,1.0,,,
E006,S030,SP04,9,1.0,1.0,1.0,1.0,1.0,1.0,,,
E006,S030,SP04,10,1.0,1.0,1.0,1.0,1.0,1.0,,,
E006,S030,SP04,11,1.0,1.0,1.0,1.0,1.0,1.0,,,
E006,S030,SP04,12,1.0,0.0,1.0,1.0,1.0,0.0,0.0,0.0,0.0
E006,S030,SP04,13,1.0,1.0,1.0,1.0,1.0,1.0,,,
E006,S030,SP04,14,1.0,1.0,1.0,1.0,1.0,1.0,,,
E006,S030,SP04,15,1.0,0.0,0.0,0.0,0.0,1.0,,,
E006,S030,SP04,16,1.0,0.0,0.0,0.0,1.0,0.0,,,
E006,S030,SP04,17,1.0,0.0,0.0,0.0,0.0,1.0,,,
E006,S030,SP04,18,1.0,1.0,0.0,0.0,0.0,1.0,0.0,0.0,0.0
E006,S030,SP04,19,1.0,1.0,1.0,1.0,1.0,1.0,,,
E006,S030,SP04,20,1.0,1.0,1.0,1.0,1.0,1.0,,,
E006,S030,SP04,21,2.0,2.0,2.0,2.0,2.0,2.0,,,
E006,S030,SP04,22,1.0,1.0,1.0,1.0,1.0,1.0,,,
E006,S030,SP04,23,1.0,1.0,1.0,1.0,1.0,1.0,,,
E006,S030,SP04,24,1.0,1.0,1.0,1.0,1.0,1.0,,,
E006,S030,SP04,25,1.0,1.0,1.0,1.0,1.0,1.0,,,
E006,S030,SP04,26,1.0,1.0,1.0,1.0,1.0,1.0,,,
E006,S030,SP04,27,1.0,1.0,1.0,1.0,1.0,1.0,,,
E006,S030,SP04,28,1.0,1.0,1.0,1.0,1.0,1.0,,,
E006,S030,SP04,29,1.0,1.0,1.0,1.0,1.0,1.0,,,
E006,S030,SP04,30,2.0,2.0,2.0,2.0,2.0,2.0,,,
E006,S030,SP04,31,1.0,1.0,1.0,1.0,1.0,1.0,,,
E006,S030,SP04,32,1.0,1.0,1.0,1.0,1.0,1.0,,,
E006,S030,SP04,33,1.0,1.0,1.0,1.0,1.0,1.0,,,
E006,S030,SP04,34,1.0,1.0,1.0,1.0,1.0,1.0,,,
E006,S030,SP04,35,1.0,0.0,0.0,0.0,0.0,0.0,,,
E006,S030,SP04,36,2.0,2.0,2.0,2.0,2.0,2.0,,,
E006,S030,SP04,37,1.0,1.0,1.0,1.0,1.0,1.0,,,
E006,S030,SP04,38,1.0,1.0,1.0,1.0,1.0,1.0,,,
E006,S030,SP04,39,2.0,2.0,2.0,2.0,2.0,2.0,,,
E105,S030,SP06,1,2.0,2.0,2.0,2.0,2.0,2.0,,,
E105,S030,SP06,2,4.0,3.0,4.0,4.0,4.0,4.0,3.0,4.0,3.0
E105,S030,SP06,3,3.0,3.0,3.0,3.0,3.0,3.0,,,
E105,S030,SP06,4,2.0,2.0,2.0,2.0,2.0,2.0,,,
E105,S030,SP06,5,2.0,2.0,2.0,2.0,2.0,2.0,,,
E105,S030,SP06,6,2.0,2.0,2.0,2.0,2.0,2.0,,,
E105,S030,SP06,7,1.0,1.0,1.0,1.0,1.0,1.0,,,
E105,S030,SP06,8,1.0,1.0,1.0,1.0,1.0,1.0,,,
E105,S030,SP06,9,2.0,2.0,2.0,2.0,2.0,2.0,,,
E105,S030,SP06,10,2.0,2.0,2.0,2.0,2.0,2.0,,,
E105,S030,SP06,11,2.0,1.0,2.0,2.0,2.0,2.0,0.0,2.0,2.0
E105,S030,SP06,12,1.0,1.0,1.0,1.0,1.0,1.0,,,
E105,S030,SP06,13,1.0,1.0,1.0,1.0,1.0,1.0,,,
E105,S030,SP06,14,1.0,0.0,1.0,1.0,0.0,1.0,0.0,0.0,0.0
E105,S030,SP06,15,1.0,0.0,1.0,1.0,0.0,0.0,0.0,0.0,0.0
E105,S030,SP06,16,1.0,1.0,1.0,1.0,1.0,1.0,,,
E105,S030,SP06,17,1.0,1.0,1.0,1.0,1.0,1.0,,,
E105,S030,SP06,18,1.0,1.0,1.0,1.0,1.0,1.0,,,
E105,S030,SP06,19,1.0,1.0,1.0,1.0,1.0,1.0,,,
E105,S030,SP06,20,1.0,1.0,1.0,1.0,1.0,1.0,,,
E105,S030,SP06,21,1.0,1.0,1.0,1.0,1.0,1.0,,,
E105,S030,SP06,22,1.0,1.0,1.0,1.0,1.0,1.0,,,
E105,S030,SP06,23,1.0,1.0,1.0,1.0,1.0,1.0,,,
E105,S030,SP06,24,1.0,1.0,1.0,1.0,1.0,1.0,,,
E105,S030,SP06,25,1.0,1.0,1.0,1.0,1.0,1.0,,,
E105,S030,SP06,26,1.0,1.0,1.0,1.0,1.0,1.0,,,
E105,S030,SP06,27,1.0,1.0,1.0,1.0,0.0,0.0,,,
E105,S030,SP06,28,1.0,1.0,1.0,1.0,1.0,1.0,,,
E105,S030,SP06,29,1.0,1.0,1.0,1.0,1.0,0.0,,,
E105,S030,SP06,30,1.0,1.0,1.0,1.0,1.0,1.0,,,
E105,S030,SP06,31,1.0,1.0,1.0,1.0,1.0,1.0,,,
E105,S030,SP06,32,1.0,1.0,1.0,1.0,1.0,1.0,,,
E105,S030,SP06,33,1.0,1.0,1.0,1.0,1.0,1.0,,,
E105,S030,SP06,34,2.0,2.0,2.0,2.0,2.0,2.0,,,
E105,S030,SP06,35,1.0,1.0,1.0,1.0,1.0,1.0,,,
E105,S030,SP06,36,2.0,2.0,2.0,2.0,2.0,2.0,,,
E222,S031,SP01,1,2.0,2.0,2.0,2.0,2.0,2.0,,,
E222,S031,SP01,2,3.0,3.0,3.0,3.0,3.0,3.0,,,
E222,S031,SP01,3,2.0,2.0,2.0,2.0,2.0,2.0,,,
E222,S031,SP01,4,2.0,0.0,0.0,0.0,2.0,2.0,,,
E222,S031,SP01,5,2.0,2.0,2.0,2.0,2.0,2.0,,,
E222,S031,SP01,6,2.0,2.0,2.0,2.0,2.0,2.0,,,
E222,S031,SP01,7,2.0,2.0,2.0,2.0,2.0,2.0,,,
E222,S031,SP01,8,2.0,2.0,2.0,2.0,2.0,2.0,,,
E222,S031,SP01,9,2.0,1.0,2.0,2.0,2.0,2.0,1.0,1.0,1.0
E222,S031,SP01,10,2.0,1.0,2.0,2.0,2.0,2.0,1.5,2.0,2.0
E222,S031,SP01,11,2.0,1.0,1.0,1.0,2.0,0.5,,,
E222,S031,SP01,12,1.0,1.0,1.0,1.0,1.0,1.0,,,
E222,S031,SP01,13,1.0,1.0,1.0,1.0,1.0,1.0,,,
E222,S031,SP01,14,1.0,1.0,1.0,1.0,1.0,1.0,,,
E222,S031,SP01,15,1.0,1.0,1.0,1.0,1.0,1.0,,,
E222,S031,SP01,16,1.0,1.0,1.0,1.0,1.0,1.0,,,
E222,S031,SP01,17,1.0,1.0,1.0,1.0,1.0,1.0,,,
E222,S031,SP01,18,1.0,0.0,0.0,0.0,1.0,1.0,,,
E222,S031,SP01,19,1.0,1.0,1.0,1.0,1.0,1.0,,,
E222,S031,SP01,20,1.0,1.0,1.0,1.0,1.0,1.0,,,
E222,S031,SP01,21,1.0,1.0,1.0,1.0,1.0,1.0,,,
E222,S031,SP01,22,1.0,1.0,1.0,1.0,1.0,1.0,,,
E222,S031,SP01,23,1.0,1.0,1.0,1.0,1.0,1.0,,,
E222,S031,SP01,24,1.0,1.0,1.0,1.0,1.0,1.0,,,
E222,S031,SP01,25,2.0,2.0,2.0,2.0,2.0,2.0,,,
E222,S031,SP01,26,1.0,1.0,1.0,1.0,1.0,1.0,,,
E222,S031,SP01,27,1.0,1.0,1.0,1.0,1.0,1.0,,,
E222,S031,SP01,28,1.0,1.0,1.0,1.0,1.0,1.0,,,
E222,S031,SP01,29,2.0,2.0,2.0,2.0,2.0,2.0,,,
E222,S031,SP01,30,2.0,2.0,1.0,1.0,2.0,2.0,1.0,2.0,2.0
E222,S031,SP01,31,2.0,2.0,2.0,2.0,2.0,2.0,,,
E222,S031,SP01,32,1.0,1.0,2.0,1.0,1.0,1.0,1.0,1.0,1.0
E222,S031,SP01,33,2.0,2.0,2.0,2.0,2.0,2.0,,,
E022,S031,SP02,1,2.0,2.0,2.0,2.0,2.0,2.0,,,
E022,S031,SP02,2,3.0,3.0,3.0,3.0,3.0,3.0,,,
E022,S031,SP02,3,2.0,2.0,2.0,2.0,2.0,2.0,,,
E022,S031,SP02,4,2.0,2.0,2.0,2.0,2.0,2.0,,,
E022,S031,SP02,5,1.0,1.0,1.0,1.0,1.0,1.0,,,
E022,S031,SP02,6,1.0,1.0,0.0,0.0,0.0,0.0,0.0,0.0,1.0
E022,S031,SP02,7,2.0,2.0,2.0,2.0,2.0,2.0,,,
E022,S031,SP02,8,2.0,0.0,0.0,0.0,2.0,0.0,,,
E022,S031,SP02,9,2.0,1.0,2.0,2.0,2.0,2.0,2.0,2.0,1.0
E022,S031,SP02,10,1.0,0.0,1.0,1.0,0.0,1.0,0.0,0.0,1.0
E022,S031,SP02,11,2.0,2.0,2.0,2.0,2.0,2.0,,,
E022,S031,SP02,12,2.0,1.0,1.0,1.0,1.0,1.0,,,
E022,S031,SP02,13,2.0,2.0,2.0,2.0,2.0,2.0,,,
E022,S031,SP02,14,1.0,0.5,1.0,1.0,1.0,1.0,0.0,0.0,1.0
E022,S031,SP02,15,1.0,1.0,1.0,1.0,1.0,1.0,,,
E022,S031,SP02,16,2.0,2.0,2.0,2.0,2.0,2.0,,,
E022,S031,SP02,17,1.0,1.0,1.0,1.0,1.0,1.0,,,
E022,S031,SP02,18,1.0,1.0,1.0,1.0,1.0,1.0,,,
E022,S031,SP02,19,1.0,1.0,1.0,1.0,1.0,1.0,,,
E022,S031,SP02,20,1.0,1.0,1.0,1.0,1.0,1.0,,,
E022,S031,SP02,21,1.0,1.0,1.0,1.0,1.0,1.0,,,
E022,S031,SP02,22,1.0,1.0,1.0,1.0,1.0,1.0,,,
E022,S031,SP02,23,1.0,1.0,1.0,1.0,1.0,1.0,,,
E022,S031,SP02,24,1.0,1.0,1.0,1.0,1.0,1.0,,,
E022,S031,SP02,25,1.0,1.0,1.0,1.0,1.0,1.0,,,
E022,S031,SP02,26,1.0,1.0,1.0,1.0,1.0,1.0,,,
E022,S031,SP02,27,1.0,1.0,1.0,1.0,1.0,1.0,,,
E022,S031,SP02,28,1.0,1.0,1.0,1.0,1.0,1.0,,,
E022,S031,SP02,29,1.0,1.0,1.0,1.0,1.0,1.0,,,
E022,S031,SP02,30,2.0,2.0,2.0,2.0,2.0,2.0,,,
E022,S031,SP02,31,2.0,2.0,2.0,2.0,2.0,2.0,,,
E022,S031,SP02,32,2.0,2.0,2.0,2.0,2.0,2.0,,,
E022,S031,SP02,33,1.0,1.0,1.0,1.0,1.0,1.0,,,
E022,S031,SP02,34,2.0,2.0,2.0,2.0,2.0,2.0,,,
E136,S031,SP03,1,2.0,2.0,2.0,2.0,2.0,2.0,,,
E136,S031,SP03,2,3.0,3.0,3.0,3.0,3.0,3.0,,,
E136,S031,SP03,3,3.0,3.0,3.0,3.0,3.0,3.0,,,
E136,S031,SP03,4,2.0,2.0,2.0,2.0,2.0,2.0,,,
E136,S031,SP03,5,1.0,1.0,1.0,1.0,1.0,1.0,,,
E136,S031,SP03,6,2.0,2.0,2.0,2.0,2.0,2.0,,,
E136,S031,SP03,7,2.0,2.0,2.0,2.0,2.0,2.0,,,
E136,S031,SP03,8,1.0,1.0,1.0,1.0,1.0,1.0,,,
E136,S031,SP03,9,1.0,1.0,1.0,1.0,1.0,1.0,,,
E136,S031,SP03,10,1.0,1.0,1.0,1.0,1.0,1.0,,,
E136,S031,SP03,11,2.0,2.0,2.0,2.0,2.0,2.0,,,
E136,S031,SP03,12,2.0,2.0,2.0,2.0,2.0,2.0,,,
E136,S031,SP03,13,2.0,1.0,1.0,1.0,2.0,2.0,,,
E136,S031,SP03,14,2.0,2.0,2.0,2.0,2.0,2.0,,,
E136,S031,SP03,15,2.0,2.0,1.0,1.0,2.0,2.0,1.0,2.0,1.0
E136,S031,SP03,16,2.0,2.0,2.0,2.0,2.0,2.0,,,
E136,S031,SP03,17,2.0,2.0,2.0,2.0,2.0,2.0,,,
E136,S031,SP03,18,1.0,0.0,1.0,1.0,1.0,1.0,0.0,0.0,0.0
E136,S031,SP03,19,1.0,1.0,1.0,1.0,1.0,1.0,,,
E136,S031,SP03,20,1.0,1.0,1.0,1.0,1.0,1.0,,,
E136,S031,SP03,21,1.0,1.0,1.0,1.0,1.0,1.0,,,
E136,S031,SP03,22,1.0,1.0,1.0,1.0,1.0,1.0,,,
E136,S031,SP03,23,1.0,1.0,1.0,1.0,1.0,1.0,,,
E136,S031,SP03,24,1.0,1.0,1.0,1.0,1.0,1.0,,,
E136,S031,SP03,25,1.0,1.0,1.0,1.0,1.0,1.0,,,
E136,S031,SP03,26,1.0,1.0,1.0,1.0,1.0,1.0,,,
E136,S031,SP03,27,1.0,1.0,1.0,1.0,1.0,1.0,,,
E136,S031,SP03,28,1.0,1.0,1.0,1.0,1.0,1.0,,,
E136,S031,SP03,29,1.0,1.0,1.0,1.0,1.0,1.0,,,
E136,S031,SP03,30,1.0,1.0,1.0,1.0,1.0,1.0,,,
E136,S031,SP03,31,1.0,1.0,1.0,1.0,1.0,1.0,,,
E136,S031,SP03,32,1.0,1.0,1.0,1.0,1.0,1.0,,,
E136,S031,SP03,33,3.0,2.0,3.0,3.0,3.0,3.0,1.0,2.0,1.0
E225,S032,SP01,1,2.0,2.0,2.0,2.0,2.0,2.0,,,
E225,S032,SP01,2,3.0,3.0,3.0,3.0,3.0,3.0,,,
E225,S032,SP01,3,2.0,2.0,2.0,2.0,2.0,2.0,,,
E225,S032,SP01,4,2.0,2.0,2.0,2.0,2.0,2.0,,,
E225,S032,SP01,5,2.0,2.0,2.0,2.0,2.0,2.0,,,
E225,S032,SP01,6,2.0,0.0,2.0,2.0,2.0,2.0,0.0,2.0,0.0
E225,S032,SP01,7,2.0,2.0,2.0,2.0,2.0,2.0,,,
E225,S032,SP01,8,2.0,2.0,2.0,2.0,2.0,2.0,,,
E225,S032,SP01,9,2.0,1.0,2.0,2.0,2.0,2.0,0.5,1.0,0.5
E225,S032,SP01,10,2.0,1.0,2.0,2.0,2.0,2.0,2.0,2.0,1.0
E225,S032,SP01,11,2.0,0.0,2.0,2.0,2.0,0.0,0.0,0.0,0.0
E225,S032,SP01,12,1.0,1.0,1.0,1.0,1.0,1.0,,,
E225,S032,SP01,13,1.0,1.0,1.0,1.0,1.0,1.0,,,
E225,S032,SP01,14,1.0,1.0,1.0,1.0,1.0,1.0,,,
E225,S032,SP01,15,1.0,1.0,1.0,1.0,1.0,1.0,,,
E225,S032,SP01,16,1.0,1.0,1.0,1.0,1.0,1.0,,,
E225,S032,SP01,17,1.0,1.0,1.0,1.0,1.0,1.0,,,
E225,S032,SP01,18,1.0,1.0,0.0,0.0,1.0,0.0,0.0,0.0,0.0
E225,S032,SP01,19,1.0,1.0,1.0,1.0,1.0,1.0,,,
E225,S032,SP01,20,1.0,1.0,1.0,1.0,1.0,1.0,,,
E225,S032,SP01,21,1.0,1.0,1.0,1.0,1.0,1.0,,,
E225,S032,SP01,22,1.0,1.0,1.0,1.0,1.0,1.0,,,
E225,S032,SP01,23,1.0,1.0,1.0,1.0,1.0,1.0,,,
E225,S032,SP01,24,1.0,1.0,1.0,1.0,1.0,1.0,,,
E225,S032,SP01,25,2.0,2.0,2.0,2.0,2.0,2.0,,,
E225,S032,SP01,26,1.0,1.0,1.0,1.0,1.0,1.0,,,
E225,S032,SP01,27,1.0,1.0,1.0,1.0,1.0,1.0,,,
E225,S032,SP01,28,1.0,1.0,1.0,1.0,1.0,1.0,,,
E225,S032,SP01,29,2.0,2.0,2.0,2.0,2.0,2.0,,,
E225,S032,SP01,30,2.0,2.0,2.0,2.0,2.0,2.0,,,
E225,S032,SP01,31,2.0,2.0,2.0,2.0,2.0,2.0,,,
E225,S032,SP01,32,1.0,1.0,1.0,1.0,1.0,1.0,,,
E225,S032,SP01,33,2.0,2.0,2.0,2.0,2.0,2.0,,,
E191,S032,SP02,1,2.0,2.0,2.0,2.0,2.0,2.0,,,
E191,S032,SP02,2,3.0,3.0,3.0,3.0,3.0,3.0,,,
E191,S032,SP02,3,2.0,2.0,2.0,2.0,2.0,2.0,,,
E191,S032,SP02,4,2.0,1.0,2.0,2.0,2.0,2.0,2.0,2.0,1.5
E191,S032,SP02,5,1.0,1.0,1.0,1.0,1.0,1.0,,,
E191,S032,SP02,6,1.0,1.0,1.0,1.0,1.0,1.0,,,
E191,S032,SP02,7,2.0,2.0,2.0,2.0,2.0,2.0,,,
E191,S032,SP02,8,2.0,2.0,2.0,2.0,2.0,2.0,,,
E191,S032,SP02,9,2.0,1.0,2.0,2.0,2.0,2.0,0.0,1.0,1.0
E191,S032,SP02,10,1.0,1.0,0.0,0.0,1.0,1.0,0.0,0.0,0.0
E191,S032,SP02,11,2.0,2.0,2.0,2.0,2.0,2.0,,,
E191,S032,SP02,12,2.0,1.0,1.0,1.0,2.0,2.0,,,
E191,S032,SP02,13,2.0,2.0,1.0,1.0,2.0,2.0,1.0,2.0,1.0
E191,S032,SP02,14,1.0,1.0,1.0,1.0,1.0,1.0,,,
E191,S032,SP02,15,1.0,1.0,1.0,1.0,1.0,1.0,,,
E191,S032,SP02,16,2.0,2.0,2.0,2.0,2.0,2.0,,,
E191,S032,SP02,17,1.0,1.0,1.0,1.0,1.0,1.0,,,
E191,S032,SP02,18,1.0,1.0,1.0,1.0,1.0,1.0,,,
E191,S032,SP02,19,1.0,1.0,0.0,0.0,1.0,0.0,0.0,1.0,0.0
E191,S032,SP02,20,1.0,1.0,1.0,1.0,1.0,1.0,,,
E191,S032,SP02,21,1.0,1.0,1.0,1.0,1.0,1.0,,,
E191,S032,SP02,22,1.0,1.0,1.0,1.0,1.0,1.0,,,
E191,S032,SP02,23,1.0,1.0,1.0,1.0,1.0,1.0,,,
E191,S032,SP02,24,1.0,1.0,1.0,1.0,1.0,1.0,,,
E191,S032,SP02,25,1.0,1.0,1.0,1.0,1.0,1.0,,,
E191,S032,SP02,26,1.0,1.0,1.0,1.0,1.0,1.0,,,
E191,S032,SP02,27,1.0,1.0,1.0,1.0,1.0,1.0,,,
E191,S032,SP02,28,1.0,1.0,1.0,1.0,1.0,1.0,,,
E191,S032,SP02,29,1.0,1.0,1.0,1.0,1.0,1.0,,,
E191,S032,SP02,30,2.0,2.0,2.0,2.0,2.0,2.0,,,
E191,S032,SP02,31,2.0,2.0,2.0,2.0,2.0,2.0,,,
E191,S032,SP02,32,2.0,1.0,2.0,2.0,1.0,2.0,2.0,2.0,2.0
E191,S032,SP02,33,1.0,1.0,1.0,1.0,1.0,1.0,,,
E191,S032,SP02,34,2.0,2.0,2.0,2.0,2.0,2.0,,,
E189,S032,SP03,1,2.0,2.0,2.0,2.0,2.0,2.0,,,
E189,S032,SP03,2,3.0,3.0,3.0,3.0,3.0,3.0,,,
E189,S032,SP03,3,3.0,3.0,3.0,3.0,3.0,3.0,,,
E189,S032,SP03,4,2.0,2.0,2.0,2.0,2.0,2.0,,,
E189,S032,SP03,5,1.0,1.0,1.0,1.0,1.0,1.0,,,
E189,S032,SP03,6,2.0,2.0,2.0,2.0,2.0,2.0,,,
E189,S032,SP03,7,2.0,2.0,2.0,2.0,2.0,2.0,,,
E189,S032,SP03,8,1.0,1.0,1.0,1.0,1.0,1.0,,,
E189,S032,SP03,9,1.0,1.0,1.0,1.0,1.0,1.0,,,
E189,S032,SP03,10,1.0,1.0,1.0,1.0,1.0,1.0,,,
E189,S032,SP03,11,2.0,2.0,2.0,2.0,2.0,2.0,,,
E189,S032,SP03,12,2.0,2.0,2.0,2.0,2.0,2.0,,,
E189,S032,SP03,13,2.0,1.0,2.0,2.0,2.0,2.0,2.0,2.0,2.0
E189,S032,SP03,14,2.0,2.0,2.0,2.0,2.0,2.0,,,
E189,S032,SP03,15,2.0,2.0,2.0,2.0,2.0,1.0,,,
E189,S032,SP03,16,2.0,2.0,2.0,2.0,2.0,2.0,,,
E189,S032,SP03,17,2.0,2.0,2.0,2.0,2.0,2.0,,,
E189,S032,SP03,18,1.0,1.0,1.0,1.0,1.0,0.0,,,
E189,S032,SP03,19,1.0,1.0,1.0,1.0,1.0,1.0,,,
E189,S032,SP03,20,1.0,1.0,1.0,1.0,1.0,1.0,,,
E189,S032,SP03,21,1.0,1.0,1.0,1.0,1.0,1.0,,,
E189,S032,SP03,22,1.0,1.0,1.0,1.0,1.0,1.0,,,
E189,S032,SP03,23,1.0,1.0,1.0,1.0,1.0,1.0,,,
E189,S032,SP03,24,1.0,1.0,1.0,1.0,1.0,1.0,,,
E189,S032,SP03,25,1.0,1.0,1.0,1.0,1.0,1.0,,,
E189,S032,SP03,26,1.0,1.0,1.0,1.0,1.0,1.0,,,
E189,S032,SP03,27,1.0,1.0,1.0,1.0,1.0,1.0,,,
E189,S032,SP03,28,1.0,1.0,1.0,1.0,1.0,1.0,,,
E189,S032,SP03,29,1.0,1.0,1.0,1.0,1.0,1.0,,,
E189,S032,SP03,30,1.0,1.0,1.0,1.0,1.0,1.0,,,
E189,S032,SP03,31,1.0,1.0,1.0,1.0,1.0,1.0,,,
E189,S032,SP03,32,1.0,1.0,1.0,1.0,1.0,1.0,,,
E189,S032,SP03,33,3.0,3.0,3.0,3.0,3.0,3.0,,,
E052,S033,SP01,1,2.0,2.0,2.0,2.0,2.0,2.0,,,
E052,S033,SP01,2,3.0,3.0,3.0,3.0,3.0,3.0,,,
E052,S033,SP01,3,2.0,2.0,2.0,2.0,2.0,2.0,,,
E052,S033,SP01,4,2.0,2.0,2.0,2.0,2.0,2.0,,,
E052,S033,SP01,5,2.0,2.0,2.0,2.0,2.0,2.0,,,
E052,S033,SP01,6,2.0,2.0,2.0,2.0,2.0,2.0,,,
E052,S033,SP01,7,2.0,2.0,2.0,2.0,2.0,2.0,,,
E052,S033,SP01,8,2.0,2.0,2.0,2.0,2.0,2.0,,,
E052,S033,SP01,9,2.0,0.0,1.0,1.0,1.0,2.0,0.5,1.0,1.5
E052,S033,SP01,10,2.0,2.0,1.0,1.0,2.0,2.0,1.5,2.0,1.5
E052,S033,SP01,11,2.0,2.0,1.0,1.0,2.0,2.0,1.5,2.0,2.0
E052,S033,SP01,12,1.0,1.0,1.0,1.0,1.0,1.0,,,
E052,S033,SP01,13,1.0,1.0,1.0,1.0,1.0,1.0,,,
E052,S033,SP01,14,1.0,1.0,1.0,1.0,1.0,1.0,,,
E052,S033,SP01,15,1.0,1.0,1.0,1.0,1.0,1.0,,,
E052,S033,SP01,16,1.0,1.0,1.0,1.0,1.0,1.0,,,
E052,S033,SP01,17,1.0,1.0,1.0,1.0,1.0,1.0,,,
E052,S033,SP01,18,1.0,1.0,0.0,0.0,0.0,0.0,0.0,0.0,0.0
E052,S033,SP01,19,1.0,1.0,1.0,1.0,1.0,1.0,,,
E052,S033,SP01,20,1.0,1.0,1.0,1.0,1.0,1.0,,,
E052,S033,SP01,21,1.0,1.0,1.0,1.0,1.0,1.0,,,
E052,S033,SP01,22,1.0,1.0,1.0,1.0,1.0,1.0,,,
E052,S033,SP01,23,1.0,1.0,1.0,1.0,1.0,1.0,,,
E052,S033,SP01,24,1.0,1.0,1.0,1.0,1.0,1.0,,,
E052,S033,SP01,25,2.0,2.0,2.0,2.0,2.0,2.0,,,
E052,S033,SP01,26,1.0,0.0,1.0,1.0,1.0,1.0,1.0,1.0,1.0
E052,S033,SP01,27,1.0,1.0,1.0,1.0,1.0,1.0,,,
E052,S033,SP01,28,1.0,1.0,1.0,1.0,1.0,1.0,,,
E052,S033,SP01,29,2.0,2.0,2.0,2.0,2.0,2.0,,,
E052,S033,SP01,30,2.0,2.0,2.0,2.0,2.0,2.0,,,
E052,S033,SP01,31,2.0,2.0,2.0,2.0,2.0,2.0,,,
E052,S033,SP01,32,1.0,1.0,1.0,1.0,1.0,1.0,,,
E052,S033,SP01,33,2.0,2.0,2.0,2.0,2.0,2.0,,,
E040,S033,SP02,1,2.0,2.0,2.0,2.0,2.0,2.0,,,
E040,S033,SP02,2,3.0,3.0,3.0,3.0,3.0,3.0,,,
E040,S033,SP02,3,2.0,2.0,2.0,2.0,2.0,2.0,,,
E040,S033,SP02,4,2.0,2.0,2.0,2.0,2.0,2.0,,,
E040,S033,SP02,5,1.0,1.0,0.0,0.0,1.0,1.0,0.0,0.0,0.5
E040,S033,SP02,6,1.0,1.0,1.0,1.0,1.0,1.0,,,
E040,S033,SP02,7,2.0,1.0,2.0,2.0,2.0,2.0,2.0,2.0,2.0
E040,S033,SP02,8,2.0,2.0,2.0,2.0,2.0,2.0,,,
E040,S033,SP02,9,2.0,2.0,2.0,2.0,2.0,2.0,,,
E040,S033,SP02,10,1.0,1.0,1.0,1.0,1.0,1.0,,,
E040,S033,SP02,11,2.0,2.0,1.5,1.5,0.0,2.0,1.5,2.0,2.0
E040,S033,SP02,12,2.0,1.0,1.0,1.0,2.0,1.0,,,
E040,S033,SP02,13,2.0,2.0,0.5,0.5,2.0,2.0,0.0,2.0,0.0
E040,S033,SP02,14,1.0,0.0,0.5,0.5,1.0,1.0,0.5,1.0,1.0
E040,S033,SP02,15,1.0,1.0,0.0,0.0,0.0,0.0,0.0,0.0,0.0
E040,S033,SP02,16,2.0,1.0,0.0,0.0,0.0,0.0,0.0,0.0,0.0
E040,S033,SP02,17,1.0,1.0,1.0,1.0,1.0,1.0,,,
E040,S033,SP02,18,1.0,1.0,1.0,1.0,1.0,1.0,,,
E040,S033,SP02,19,1.0,1.0,0.0,0.0,1.0,0.0,0.0,0.0,0.0
E040,S033,SP02,20,1.0,1.0,1.0,1.0,1.0,1.0,,,
E040,S033,SP02,21,1.0,1.0,1.0,1.0,1.0,1.0,,,
E040,S033,SP02,22,1.0,1.0,1.0,1.0,1.0,1.0,,,
E040,S033,SP02,23,1.0,1.0,1.0,1.0,1.0,1.0,,,
E040,S033,SP02,24,1.0,1.0,1.0,1.0,1.0,1.0,,,
E040,S033,SP02,25,1.0,1.0,1.0,1.0,1.0,1.0,,,
E040,S033,SP02,26,1.0,1.0,1.0,1.0,1.0,1.0,,,
E040,S033,SP02,27,1.0,1.0,1.0,1.0,1.0,1.0,,,
E040,S033,SP02,28,1.0,1.0,1.0,1.0,1.0,1.0,,,
E040,S033,SP02,29,1.0,1.0,1.0,1.0,1.0,1.0,,,
E040,S033,SP02,30,2.0,2.0,2.0,2.0,2.0,2.0,,,
E040,S033,SP02,31,2.0,2.0,2.0,2.0,2.0,2.0,,,
E040,S033,SP02,32,2.0,1.0,2.0,2.0,1.0,2.0,0.0,1.0,2.0
E040,S033,SP02,33,1.0,1.0,1.0,1.0,1.0,1.0,,,
E040,S033,SP02,34,2.0,1.0,2.0,2.0,2.0,2.0,2.0,1.0,2.0
E147,S033,SP03,1,2.0,2.0,2.0,2.0,2.0,2.0,,,
E147,S033,SP03,2,3.0,3.0,3.0,3.0,3.0,3.0,,,
E147,S033,SP03,3,3.0,3.0,3.0,3.0,3.0,3.0,,,
E147,S033,SP03,4,2.0,2.0,2.0,2.0,2.0,2.0,,,
E147,S033,SP03,5,1.0,1.0,1.0,1.0,1.0,1.0,,,
E147,S033,SP03,6,2.0,1.0,2.0,2.0,2.0,2.0,0.0,2.0,2.0
E147,S033,SP03,7,2.0,2.0,2.0,2.0,2.0,2.0,,,
E147,S033,SP03,8,1.0,1.0,1.0,1.0,1.0,1.0,,,
E147,S033,SP03,9,1.0,1.0,1.0,1.0,1.0,1.0,,,
E147,S033,SP03,10,1.0,1.0,1.0,1.0,1.0,1.0,,,
E147,S033,SP03,11,2.0,2.0,2.0,2.0,2.0,2.0,,,
E147,S033,SP03,12,2.0,2.0,2.0,2.0,2.0,2.0,,,
E147,S033,SP03,13,2.0,2.0,2.0,2.0,2.0,2.0,,,
E147,S033,SP03,14,2.0,2.0,2.0,2.0,2.0,2.0,,,
E147,S033,SP03,15,2.0,2.0,2.0,2.0,2.0,2.0,,,
E147,S033,SP03,16,2.0,2.0,2.0,2.0,2.0,2.0,,,
E147,S033,SP03,17,2.0,2.0,2.0,2.0,2.0,2.0,,,
E147,S033,SP03,18,1.0,1.0,1.0,1.0,1.0,1.0,,,
E147,S033,SP03,19,1.0,1.0,1.0,1.0,1.0,1.0,,,
E147,S033,SP03,20,1.0,1.0,1.0,1.0,1.0,1.0,,,
E147,S033,SP03,21,1.0,1.0,1.0,1.0,1.0,1.0,,,
E147,S033,SP03,22,1.0,1.0,1.0,1.0,1.0,1.0,,,
E147,S033,SP03,23,1.0,1.0,1.0,1.0,1.0,1.0,,,
E147,S033,SP03,24,1.0,1.0,1.0,1.0,1.0,1.0,,,
E147,S033,SP03,25,1.0,1.0,1.0,1.0,1.0,1.0,,,
E147,S033,SP03,26,1.0,1.0,1.0,1.0,1.0,1.0,,,
E147,S033,SP03,27,1.0,1.0,1.0,1.0,1.0,1.0,,,
E147,S033,SP03,28,1.0,1.0,1.0,1.0,1.0,1.0,,,
E147,S033,SP03,29,1.0,1.0,1.0,1.0,1.0,1.0,,,
E147,S033,SP03,30,1.0,1.0,1.0,1.0,1.0,1.0,,,
E147,S033,SP03,31,1.0,1.0,1.0,1.0,1.0,1.0,,,
E147,S033,SP03,32,1.0,0.0,1.0,1.0,1.0,1.0,1.0,1.0,1.0
E147,S033,SP03,33,3.0,3.0,3.0,3.0,3.0,3.0,,,
E008,S034,SP01,1,2.0,2.0,2.0,2.0,2.0,2.0,,,
E008,S034,SP01,2,3.0,3.0,3.0,3.0,3.0,3.0,,,
E008,S034,SP01,3,2.0,2.0,2.0,2.0,2.0,2.0,,,
E008,S034,SP01,4,2.0,0.0,2.0,2.0,2.0,2.0,0.0,2.0,2.0
E008,S034,SP01,5,2.0,2.0,2.0,2.0,2.0,2.0,,,
E008,S034,SP01,6,2.0,2.0,2.0,2.0,2.0,2.0,,,
E008,S034,SP01,7,2.0,2.0,2.0,2.0,2.0,2.0,,,
E008,S034,SP01,8,2.0,2.0,2.0,2.0,2.0,2.0,,,
E008,S034,SP01,9,2.0,1.0,0.0,0.0,2.0,2.0,0.0,1.0,0.0
E008,S034,SP01,10,2.0,0.0,2.0,2.0,1.0,2.0,1.0,2.0,0.5
E008,S034,SP01,11,2.0,1.0,1.0,1.0,1.0,2.0,,,
E008,S034,SP01,12,1.0,1.0,1.0,1.0,1.0,1.0,,,
E008,S034,SP01,13,1.0,1.0,1.0,1.0,1.0,1.0,,,
E008,S034,SP01,14,1.0,1.0,1.0,1.0,1.0,1.0,,,
E008,S034,SP01,15,1.0,1.0,1.0,1.0,1.0,1.0,,,
E008,S034,SP01,16,1.0,1.0,1.0,1.0,1.0,1.0,,,
E008,S034,SP01,17,1.0,1.0,1.0,1.0,1.0,1.0,,,
E008,S034,SP01,18,1.0,0.0,0.0,0.0,0.0,1.0,,,
E008,S034,SP01,19,1.0,1.0,1.0,1.0,1.0,1.0,,,
E008,S034,SP01,20,1.0,1.0,1.0,1.0,1.0,1.0,,,
E008,S034,SP01,21,1.0,1.0,1.0,1.0,1.0,1.0,,,
E008,S034,SP01,22,1.0,1.0,1.0,1.0,1.0,1.0,,,
E008,S034,SP01,23,1.0,1.0,1.0,1.0,1.0,1.0,,,
E008,S034,SP01,24,1.0,1.0,1.0,1.0,1.0,1.0,,,
E008,S034,SP01,25,2.0,2.0,2.0,2.0,2.0,2.0,,,
E008,S034,SP01,26,1.0,1.0,1.0,1.0,1.0,1.0,,,
E008,S034,SP01,27,1.0,1.0,1.0,1.0,1.0,1.0,,,
E008,S034,SP01,28,1.0,1.0,1.0,1.0,1.0,1.0,,,
E008,S034,SP01,29,2.0,2.0,2.0,2.0,2.0,2.0,,,
E008,S034,SP01,30,2.0,2.0,2.0,2.0,2.0,2.0,,,
E008,S034,SP01,31,2.0,2.0,2.0,2.0,2.0,2.0,,,
E008,S034,SP01,32,1.0,1.0,1.0,1.0,1.0,1.0,,,
E008,S034,SP01,33,2.0,2.0,2.0,2.0,2.0,2.0,,,
E152,S034,SP02,1,2.0,2.0,2.0,2.0,2.0,2.0,,,
E152,S034,SP02,2,3.0,3.0,3.0,3.0,3.0,3.0,,,
E152,S034,SP02,3,2.0,2.0,2.0,2.0,2.0,2.0,,,
E152,S034,SP02,4,2.0,2.0,2.0,2.0,2.0,2.0,,,
E152,S034,SP02,5,1.0,1.0,1.0,1.0,1.0,1.0,,,
E152,S034,SP02,6,1.0,1.0,1.0,1.0,1.0,1.0,,,
E152,S034,SP02,7,2.0,2.0,2.0,2.0,2.0,2.0,,,
E152,S034,SP02,8,2.0,2.0,2.0,2.0,2.0,2.0,,,
E152,S034,SP02,9,2.0,1.0,2.0,2.0,2.0,2.0,0.0,1.0,1.0
E152,S034,SP02,10,1.0,0.0,0.0,0.0,1.0,1.0,,,
E152,S034,SP02,11,2.0,2.0,2.0,2.0,2.0,2.0,,,
E152,S034,SP02,12,2.0,1.0,0.0,0.0,2.0,0.0,0.0,0.0,0.5
E152,S034,SP02,13,2.0,0.0,0.0,0.0,2.0,2.0,,,
E152,S034,SP02,14,1.0,0.0,0.0,0.0,1.0,1.0,,,
E152,S034,SP02,15,1.0,1.0,1.0,1.0,1.0,1.0,,,
E152,S034,SP02,16,2.0,2.0,2.0,2.0,2.0,2.0,,,
E152,S034,SP02,17,1.0,1.0,1.0,1.0,1.0,1.0,,,
E152,S034,SP02,18,1.0,1.0,1.0,1.0,1.0,1.0,,,
E152,S034,SP02,19,1.0,1.0,1.0,1.0,1.0,1.0,,,
E152,S034,SP02,20,1.0,1.0,1.0,1.0,1.0,1.0,,,
E152,S034,SP02,21,1.0,1.0,1.0,1.0,1.0,1.0,,,
E152,S034,SP02,22,1.0,1.0,1.0,1.0,1.0,1.0,,,
E152,S034,SP02,23,1.0,1.0,1.0,1.0,1.0,1.0,,,
E152,S034,SP02,24,1.0,1.0,1.0,1.0,1.0,1.0,,,
E152,S034,SP02,25,1.0,1.0,1.0,1.0,1.0,1.0,,,
E152,S034,SP02,26,1.0,1.0,1.0,1.0,1.0,1.0,,,
E152,S034,SP02,27,1.0,1.0,1.0,1.0,1.0,1.0,,,
E152,S034,SP02,28,1.0,1.0,1.0,1.0,1.0,1.0,,,
E152,S034,SP02,29,1.0,1.0,1.0,1.0,1.0,1.0,,,
E152,S034,SP02,30,2.0,2.0,2.0,2.0,2.0,2.0,,,
E152,S034,SP02,31,2.0,2.0,2.0,2.0,2.0,2.0,,,
E152,S034,SP02,32,2.0,2.0,2.0,2.0,2.0,2.0,,,
E152,S034,SP02,33,1.0,1.0,1.0,1.0,1.0,1.0,,,
E152,S034,SP02,34,2.0,2.0,2.0,2.0,2.0,2.0,,,
E122,S034,SP03,1,2.0,2.0,2.0,2.0,2.0,2.0,,,
E122,S034,SP03,2,3.0,3.0,3.0,3.0,3.0,3.0,,,
E122,S034,SP03,3,3.0,3.0,3.0,3.0,3.0,3.0,,,
E122,S034,SP03,4,2.0,2.0,2.0,2.0,2.0,2.0,,,
E122,S034,SP03,5,1.0,1.0,1.0,1.0,1.0,1.0,,,
E122,S034,SP03,6,2.0,2.0,2.0,2.0,2.0,2.0,,,
E122,S034,SP03,7,2.0,1.0,2.0,2.0,2.0,2.0,2.0,2.0,2.0
E122,S034,SP03,8,1.0,1.0,1.0,1.0,1.0,1.0,,,
E122,S034,SP03,9,1.0,1.0,1.0,1.0,1.0,1.0,,,
E122,S034,SP03,10,1.0,1.0,1.0,1.0,1.0,1.0,,,
E122,S034,SP03,11,2.0,2.0,2.0,2.0,2.0,2.0,,,
E122,S034,SP03,12,2.0,2.0,2.0,2.0,2.0,2.0,,,
E122,S034,SP03,13,2.0,2.0,2.0,2.0,2.0,2.0,,,
E122,S034,SP03,14,2.0,0.0,0.0,0.0,2.0,0.0,,,
E122,S034,SP03,15,2.0,1.0,2.0,2.0,2.0,2.0,1.0,1.0,1.0
E122,S034,SP03,16,2.0,2.0,2.0,2.0,2.0,2.0,,,
E122,S034,SP03,17,2.0,2.0,2.0,2.0,2.0,2.0,,,
E122,S034,SP03,18,1.0,1.0,0.0,0.0,0.0,0.0,0.0,0.0,0.0
E122,S034,SP03,19,1.0,1.0,1.0,1.0,1.0,1.0,,,
E122,S034,SP03,20,1.0,1.0,1.0,1.0,1.0,1.0,,,
E122,S034,SP03,21,1.0,1.0,1.0,1.0,1.0,1.0,,,
E122,S034,SP03,22,1.0,1.0,1.0,1.0,1.0,1.0,,,
E122,S034,SP03,23,1.0,1.0,1.0,1.0,1.0,1.0,,,
E122,S034,SP03,24,1.0,1.0,1.0,1.0,1.0,1.0,,,
E122,S034,SP03,25,1.0,1.0,1.0,1.0,1.0,1.0,,,
E122,S034,SP03,26,1.0,1.0,1.0,1.0,1.0,1.0,,,
E122,S034,SP03,27,1.0,1.0,1.0,1.0,1.0,1.0,,,
E122,S034,SP03,28,1.0,1.0,1.0,1.0,1.0,1.0,,,
E122,S034,SP03,29,1.0,1.0,1.0,1.0,1.0,1.0,,,
E122,S034,SP03,30,1.0,1.0,1.0,1.0,1.0,1.0,,,
E122,S034,SP03,31,1.0,1.0,1.0,1.0,1.0,1.0,,,
E122,S034,SP03,32,1.0,1.0,1.0,1.0,1.0,1.0,,,
E122,S034,SP03,33,3.0,3.0,3.0,3.0,3.0,3.0,,,
E014,S035,SP05,1,2.0,2.0,2.0,2.0,2.0,2.0,,,
E014,S035,SP05,2,3.0,3.0,3.0,3.0,3.0,3.0,,,
E014,S035,SP05,3,3.0,3.0,3.0,3.0,3.0,3.0,,,
E014,S035,SP05,4,2.0,2.0,2.0,2.0,2.0,2.0,,,
E014,S035,SP05,5,1.0,1.0,1.0,1.0,1.0,1.0,,,
E014,S035,SP05,6,1.0,1.0,1.0,1.0,1.0,1.0,,,
E014,S035,SP05,7,1.0,1.0,0.0,0.0,1.0,0.0,0.0,0.0,0.0
E014,S035,SP05,8,1.0,1.0,1.0,1.0,1.0,1.0,,,
E014,S035,SP05,9,1.0,1.0,1.0,1.0,1.0,1.0,,,
E014,S035,SP05,10,1.0,1.0,1.0,1.0,1.0,1.0,,,
E014,S035,SP05,11,1.0,1.0,1.0,1.0,1.0,1.0,,,
E014,S035,SP05,12,1.0,1.0,1.0,1.0,1.0,1.0,,,
E014,S035,SP05,13,1.0,1.0,1.0,1.0,1.0,1.0,,,
E014,S035,SP05,14,1.0,1.0,0.0,0.0,1.0,0.0,0.0,0.0,0.0
E014,S035,SP05,15,1.0,0.0,1.0,1.0,1.0,1.0,1.0,1.0,1.0
E014,S035,SP05,16,1.0,0.0,0.0,0.0,0.0,0.0,,,
E014,S035,SP05,17,1.0,1.0,1.0,1.0,1.0,1.0,,,
E014,S035,SP05,18,1.0,1.0,1.0,1.0,1.0,1.0,,,
E014,S035,SP05,19,1.0,1.0,1.0,1.0,1.0,1.0,,,
E014,S035,SP05,20,1.0,1.0,0.0,0.0,1.0,1.0,0.5,1.0,0.5
E014,S035,SP05,21,1.0,1.0,1.0,1.0,1.0,1.0,,,
E014,S035,SP05,22,1.0,1.0,1.0,1.0,1.0,1.0,,,
E014,S035,SP05,23,1.0,1.0,1.0,1.0,1.0,1.0,,,
E014,S035,SP05,24,1.0,1.0,1.0,1.0,1.0,1.0,,,
E014,S035,SP05,25,1.0,1.0,1.0,1.0,1.0,1.0,,,
E014,S035,SP05,26,1.0,1.0,1.0,1.0,1.0,1.0,,,
E014,S035,SP05,27,1.0,1.0,1.0,1.0,1.0,1.0,,,
E014,S035,SP05,28,1.0,1.0,1.0,1.0,1.0,1.0,,,
E014,S035,SP05,29,1.0,0.0,0.0,0.0,1.0,0.0,,,
E014,S035,SP05,30,1.0,0.0,0.0,0.0,1.0,0.0,,,
E014,S035,SP05,31,1.0,0.0,0.0,0.0,1.0,0.0,,,
E014,S035,SP05,32,1.0,1.0,1.0,1.0,1.0,1.0,,,
E014,S035,SP05,33,2.0,2.0,2.0,2.0,2.0,2.0,,,
E014,S035,SP05,34,1.0,1.0,1.0,1.0,1.0,1.0,,,
E014,S035,SP05,35,1.0,1.0,1.0,1.0,1.0,1.0,,,
E014,S035,SP05,36,1.0,1.0,1.0,1.0,1.0,1.0,,,
E014,S035,SP05,37,1.0,1.0,1.0,1.0,1.0,1.0,,,
E014,S035,SP05,38,2.0,2.0,2.0,2.0,2.0,2.0,,,
E014,S035,SP05,39,2.0,2.0,1.0,1.0,2.0,1.0,2.0,2.0,2.0
E014,S035,SP05,40,2.0,2.0,2.0,2.0,2.0,2.0,,,
E165,S035,SP06,1,2.0,2.0,2.0,2.0,2.0,2.0,,,
E165,S035,SP06,2,4.0,4.0,4.0,4.0,4.0,4.0,,,
E165,S035,SP06,3,3.0,3.0,3.0,3.0,3.0,3.0,,,
E165,S035,SP06,4,2.0,2.0,2.0,2.0,2.0,2.0,,,
E165,S035,SP06,5,2.0,2.0,2.0,2.0,2.0,2.0,,,
E165,S035,SP06,6,2.0,2.0,2.0,2.0,2.0,2.0,,,
E165,S035,SP06,7,1.0,1.0,1.0,1.0,1.0,1.0,,,
E165,S035,SP06,8,1.0,1.0,1.0,1.0,1.0,1.0,,,
E165,S035,SP06,9,2.0,1.0,2.0,2.0,0.0,0.0,0.0,0.0,2.0
E165,S035,SP06,10,2.0,0.0,2.0,2.0,0.0,2.0,0.0,0.0,0.0
E165,S035,SP06,11,2.0,1.0,2.0,2.0,0.0,2.0,0.0,2.0,2.0
E165,S035,SP06,12,1.0,0.0,1.0,1.0,0.0,1.0,0.0,0.0,0.0
E165,S035,SP06,13,1.0,1.0,1.0,1.0,1.0,1.0,,,
E165,S035,SP06,14,1.0,1.0,1.0,1.0,1.0,1.0,,,
E165,S035,SP06,15,1.0,0.0,0.0,0.0,0.0,1.0,,,
E165,S035,SP06,16,1.0,1.0,1.0,1.0,1.0,1.0,,,
E165,S035,SP06,17,1.0,1.0,1.0,1.0,1.0,1.0,,,
E165,S035,SP06,18,1.0,1.0,1.0,1.0,1.0,1.0,,,
E165,S035,SP06,19,1.0,1.0,1.0,1.0,1.0,1.0,,,
E165,S035,SP06,20,1.0,1.0,1.0,1.0,1.0,1.0,,,
E165,S035,SP06,21,1.0,1.0,1.0,1.0,1.0,1.0,,,
E165,S035,SP06,22,1.0,1.0,1.0,1.0,1.0,1.0,,,
E165,S035,SP06,23,1.0,1.0,1.0,1.0,1.0,1.0,,,
E165,S035,SP06,24,1.0,1.0,1.0,1.0,1.0,1.0,,,
E165,S035,SP06,25,1.0,1.0,1.0,1.0,1.0,1.0,,,
E165,S035,SP06,26,1.0,1.0,0.0,0.0,0.0,0.0,0.0,0.0,0.0
E165,S035,SP06,27,1.0,1.0,1.0,1.0,1.0,1.0,,,
E165,S035,SP06,28,1.0,1.0,1.0,1.0,1.0,1.0,,,
E165,S035,SP06,29,1.0,1.0,1.0,1.0,1.0,1.0,,,
E165,S035,SP06,30,1.0,1.0,1.0,1.0,1.0,1.0,,,
E165,S035,SP06,31,1.0,1.0,1.0,1.0,1.0,1.0,,,
E165,S035,SP06,32,1.0,1.0,1.0,1.0,1.0,1.0,,,
E165,S035,SP06,33,1.0,1.0,1.0,1.0,1.0,1.0,,,
E165,S035,SP06,34,2.0,2.0,2.0,2.0,2.0,2.0,,,
E165,S035,SP06,35,1.0,1.0,1.0,1.0,1.0,1.0,,,
E165,S035,SP06,36,2.0,2.0,2.0,2.0,2.0,2.0,,,
E044,S036,SP01,1,2.0,2.0,2.0,2.0,2.0,2.0,,,
E044,S036,SP01,2,3.0,3.0,3.0,3.0,3.0,3.0,,,
E044,S036,SP01,3,2.0,2.0,2.0,2.0,2.0,2.0,,,
E044,S036,SP01,4,2.0,2.0,2.0,2.0,2.0,2.0,,,
E044,S036,SP01,5,2.0,2.0,2.0,2.0,2.0,2.0,,,
E044,S036,SP01,6,2.0,2.0,2.0,2.0,2.0,2.0,,,
E044,S036,SP01,7,2.0,2.0,2.0,2.0,2.0,2.0,,,
E044,S036,SP01,8,2.0,2.0,2.0,2.0,2.0,2.0,,,
E044,S036,SP01,9,2.0,2.0,0.0,0.0,2.0,2.0,0.5,1.0,0.5
E044,S036,SP01,10,2.0,2.0,2.0,2.0,2.0,2.0,,,
E044,S036,SP01,11,2.0,2.0,1.5,1.5,2.0,2.0,2.0,2.0,1.0
E044,S036,SP01,12,1.0,1.0,1.0,1.0,1.0,1.0,,,
E044,S036,SP01,13,1.0,1.0,1.0,1.0,1.0,1.0,,,
E044,S036,SP01,14,1.0,1.0,1.0,1.0,1.0,1.0,,,
E044,S036,SP01,15,1.0,1.0,1.0,1.0,1.0,1.0,,,
E044,S036,SP01,16,1.0,1.0,1.0,1.0,1.0,1.0,,,
E044,S036,SP01,17,1.0,1.0,1.0,1.0,1.0,1.0,,,
E044,S036,SP01,18,1.0,1.0,1.0,1.0,1.0,1.0,,,
E044,S036,SP01,19,1.0,1.0,1.0,1.0,1.0,1.0,,,
E044,S036,SP01,20,1.0,1.0,1.0,1.0,1.0,1.0,,,
E044,S036,SP01,21,1.0,1.0,1.0,1.0,1.0,1.0,,,
E044,S036,SP01,22,1.0,1.0,1.0,1.0,1.0,1.0,,,
E044,S036,SP01,23,1.0,1.0,1.0,1.0,1.0,1.0,,,
E044,S036,SP01,24,1.0,1.0,1.0,1.0,1.0,1.0,,,
E044,S036,SP01,25,2.0,2.0,2.0,2.0,2.0,2.0,,,
E044,S036,SP01,26,1.0,1.0,1.0,1.0,1.0,1.0,,,
E044,S036,SP01,27,1.0,1.0,1.0,1.0,1.0,1.0,,,
E044,S036,SP01,28,1.0,1.0,1.0,1.0,1.0,1.0,,,
E044,S036,SP01,29,2.0,2.0,2.0,2.0,2.0,2.0,,,
E044,S036,SP01,30,2.0,2.0,2.0,2.0,2.0,2.0,,,
E044,S036,SP01,31,2.0,1.0,2.0,2.0,2.0,2.0,2.0,2.0,2.0
E044,S036,SP01,32,1.0,1.0,1.0,1.0,1.0,1.0,,,
E044,S036,SP01,33,2.0,2.0,2.0,2.0,2.0,2.0,,,
E234,S036,SP02,1,2.0,2.0,2.0,2.0,2.0,2.0,,,
E234,S036,SP02,2,3.0,3.0,3.0,3.0,3.0,3.0,,,
E234,S036,SP02,3,2.0,2.0,2.0,2.0,2.0,2.0,,,
E234,S036,SP02,4,2.0,2.0,2.0,2.0,2.0,2.0,,,
E234,S036,SP02,5,1.0,1.0,1.0,1.0,1.0,1.0,,,
E234,S036,SP02,6,1.0,1.0,1.0,1.0,1.0,1.0,,,
E234,S036,SP02,7,2.0,2.0,2.0,2.0,2.0,2.0,,,
E234,S036,SP02,8,2.0,2.0,2.0,2.0,2.0,2.0,,,
E234,S036,SP02,9,2.0,2.0,2.0,2.0,2.0,2.0,,,
E234,S036,SP02,10,1.0,1.0,1.0,1.0,1.0,1.0,,,
E234,S036,SP02,11,2.0,2.0,2.0,2.0,2.0,2.0,,,
E234,S036,SP02,12,2.0,1.0,2.0,2.0,2.0,2.0,1.0,1.0,1.0
E234,S036,SP02,13,2.0,0.0,2.0,2.0,0.0,2.0,0.0,1.0,1.0
E234,S036,SP02,14,1.0,1.0,1.0,1.0,1.0,1.0,,,
E234,S036,SP02,15,1.0,1.0,1.0,1.0,1.0,1.0,,,
E234,S036,SP02,16,2.0,2.0,2.0,2.0,2.0,2.0,,,
E234,S036,SP02,17,1.0,1.0,1.0,1.0,1.0,1.0,,,
E234,S036,SP02,18,1.0,1.0,0.0,0.0,1.0,1.0,0.0,0.0,0.0
E234,S036,SP02,19,1.0,1.0,1.0,1.0,1.0,1.0,,,
E234,S036,SP02,20,1.0,1.0,1.0,1.0,1.0,1.0,,,
E234,S036,SP02,21,1.0,1.0,1.0,1.0,1.0,1.0,,,
E234,S036,SP02,22,1.0,1.0,1.0,1.0,1.0,1.0,,,
E234,S036,SP02,23,1.0,1.0,1.0,1.0,1.0,1.0,,,
E234,S036,SP02,24,1.0,1.0,1.0,1.0,1.0,1.0,,,
E234,S036,SP02,25,1.0,1.0,1.0,1.0,1.0,1.0,,,
E234,S036,SP02,26,1.0,1.0,1.0,1.0,1.0,1.0,,,
E234,S036,SP02,27,1.0,1.0,1.0,1.0,1.0,1.0,,,
E234,S036,SP02,28,1.0,1.0,1.0,1.0,1.0,1.0,,,
E234,S036,SP02,29,1.0,1.0,1.0,1.0,1.0,1.0,,,
E234,S036,SP02,30,2.0,2.0,2.0,2.0,2.0,2.0,,,
E234,S036,SP02,31,2.0,2.0,2.0,2.0,2.0,2.0,,,
E234,S036,SP02,32,2.0,2.0,2.0,2.0,2.0,2.0,,,
E234,S036,SP02,33,1.0,1.0,1.0,1.0,1.0,1.0,,,
E234,S036,SP02,34,2.0,2.0,2.0,2.0,2.0,2.0,,,
E053,S037,SP04,1,2.0,2.0,2.0,2.0,2.0,2.0,,,
E053,S037,SP04,2,3.0,3.0,3.0,3.0,3.0,3.0,,,
E053,S037,SP04,3,3.0,3.0,3.0,3.0,3.0,3.0,,,
E053,S037,SP04,4,2.0,2.0,2.0,2.0,2.0,2.0,,,
E053,S037,SP04,5,1.0,1.0,1.0,1.0,1.0,1.0,,,
E053,S037,SP04,6,1.0,1.0,1.0,1.0,1.0,1.0,,,
E053,S037,SP04,7,2.0,2.0,2.0,2.0,2.0,2.0,,,
E053,S037,SP04,8,1.0,0.0,0.0,0.0,1.0,1.0,,,
E053,S037,SP04,9,1.0,1.0,1.0,1.0,1.0,1.0,,,
E053,S037,SP04,10,1.0,1.0,1.0,1.0,1.0,1.0,,,
E053,S037,SP04,11,1.0,1.0,1.0,1.0,1.0,1.0,,,
E053,S037,SP04,12,1.0,1.0,1.0,1.0,1.0,1.0,,,
E053,S037,SP04,13,1.0,1.0,1.0,1.0,1.0,1.0,,,
E053,S037,SP04,14,1.0,1.0,1.0,1.0,1.0,1.0,,,
E053,S037,SP04,15,1.0,0.0,0.0,0.0,1.0,0.0,,,
E053,S037,SP04,16,1.0,1.0,0.0,0.0,1.0,0.0,0.0,0.0,0.0
E053,S037,SP04,17,1.0,1.0,1.0,1.0,1.0,1.0,,,
E053,S037,SP04,18,1.0,1.0,1.0,1.0,1.0,1.0,,,
E053,S037,SP04,19,1.0,1.0,1.0,1.0,1.0,1.0,,,
E053,S037,SP04,20,1.0,1.0,1.0,1.0,1.0,1.0,,,
E053,S037,SP04,21,2.0,2.0,2.0,2.0,2.0,2.0,,,
E053,S037,SP04,22,1.0,1.0,1.0,1.0,1.0,1.0,,,
E053,S037,SP04,23,1.0,1.0,1.0,1.0,1.0,1.0,,,
E053,S037,SP04,24,1.0,1.0,1.0,1.0,1.0,1.0,,,
E053,S037,SP04,25,1.0,1.0,1.0,1.0,1.0,1.0,,,
E053,S037,SP04,26,1.0,1.0,1.0,1.0,1.0,1.0,,,
E053,S037,SP04,27,1.0,1.0,1.0,1.0,1.0,1.0,,,
E053,S037,SP04,28,1.0,1.0,1.0,1.0,1.0,1.0,,,
E053,S037,SP04,29,1.0,1.0,1.0,1.0,1.0,1.0,,,
E053,S037,SP04,30,2.0,2.0,2.0,2.0,2.0,2.0,,,
E053,S037,SP04,31,1.0,1.0,1.0,1.0,1.0,1.0,,,
E053,S037,SP04,32,1.0,1.0,1.0,1.0,1.0,1.0,,,
E053,S037,SP04,33,1.0,1.0,1.0,1.0,1.0,1.0,,,
E053,S037,SP04,34,1.0,1.0,1.0,1.0,1.0,1.0,,,
E053,S037,SP04,35,1.0,1.0,1.0,1.0,1.0,1.0,,,
E053,S037,SP04,36,2.0,2.0,2.0,2.0,2.0,2.0,,,
E053,S037,SP04,37,1.0,1.0,1.0,1.0,1.0,0.0,,,
E053,S037,SP04,38,1.0,1.0,1.0,1.0,1.0,1.0,,,
E053,S037,SP04,39,2.0,1.5,2.0,2.0,2.0,2.0,1.0,2.0,2.0
E210,S037,SP05,1,2.0,2.0,2.0,2.0,2.0,2.0,,,
E210,S037,SP05,2,3.0,3.0,3.0,3.0,3.0,3.0,,,
E210,S037,SP05,3,3.0,3.0,3.0,3.0,3.0,3.0,,,
E210,S037,SP05,4,2.0,2.0,2.0,2.0,2.0,2.0,,,
E210,S037,SP05,5,1.0,1.0,1.0,1.0,1.0,1.0,,,
E210,S037,SP05,6,1.0,1.0,0.0,0.0,1.0,1.0,0.0,0.0,1.0
E210,S037,SP05,7,1.0,1.0,1.0,1.0,1.0,1.0,,,
E210,S037,SP05,8,1.0,0.0,0.0,0.0,1.0,1.0,,,
E210,S037,SP05,9,1.0,1.0,1.0,1.0,1.0,1.0,,,
E210,S037,SP05,10,1.0,1.0,1.0,1.0,1.0,1.0,,,
E210,S037,SP05,11,1.0,1.0,1.0,1.0,1.0,1.0,,,
E210,S037,SP05,12,1.0,1.0,1.0,1.0,1.0,1.0,,,
E210,S037,SP05,13,1.0,1.0,1.0,1.0,1.0,1.0,,,
E210,S037,SP05,14,1.0,1.0,0.0,0.0,1.0,1.0,0.0,0.0,0.0
E210,S037,SP05,15,1.0,1.0,1.0,1.0,1.0,1.0,,,
E210,S037,SP05,16,1.0,1.0,1.0,1.0,1.0,1.0,,,
E210,S037,SP05,17,1.0,1.0,1.0,1.0,1.0,1.0,,,
E210,S037,SP05,18,1.0,1.0,1.0,1.0,1.0,1.0,,,
E210,S037,SP05,19,1.0,1.0,1.0,1.0,1.0,1.0,,,
E210,S037,SP05,20,1.0,0.5,0.0,0.0,1.0,1.0,0.0,1.0,0.5
E210,S037,SP05,21,1.0,1.0,1.0,1.0,1.0,1.0,,,
E210,S037,SP05,22,1.0,1.0,1.0,1.0,1.0,1.0,,,
E210,S037,SP05,23,1.0,1.0,1.0,1.0,1.0,1.0,,,
E210,S037,SP05,24,1.0,1.0,1.0,1.0,1.0,1.0,,,
E210,S037,SP05,25,1.0,1.0,1.0,1.0,1.0,1.0,,,
E210,S037,SP05,26,1.0,1.0,1.0,1.0,1.0,1.0,,,
E210,S037,SP05,27,1.0,1.0,1.0,1.0,1.0,1.0,,,
E210,S037,SP05,28,1.0,1.0,1.0,1.0,1.0,1.0,,,
E210,S037,SP05,29,1.0,1.0,1.0,1.0,1.0,1.0,,,
E210,S037,SP05,30,1.0,1.0,1.0,1.0,1.0,1.0,,,
E210,S037,SP05,31,1.0,1.0,0.0,0.0,1.0,1.0,1.0,1.0,0.0
E210,S037,SP05,32,1.0,1.0,1.0,1.0,1.0,1.0,,,
E210,S037,SP05,33,2.0,2.0,2.0,2.0,2.0,2.0,,,
E210,S037,SP05,34,1.0,1.0,1.0,1.0,1.0,1.0,,,
E210,S037,SP05,35,1.0,1.0,1.0,1.0,1.0,1.0,,,
E210,S037,SP05,36,1.0,1.0,1.0,1.0,1.0,1.0,,,
E210,S037,SP05,37,1.0,1.0,1.0,1.0,1.0,1.0,,,
E210,S037,SP05,38,2.0,2.0,2.0,2.0,2.0,2.0,,,
E210,S037,SP05,39,2.0,2.0,2.0,2.0,2.0,2.0,,,
E210,S037,SP05,40,2.0,2.0,2.0,2.0,2.0,2.0,,,
E238,S037,SP06,1,2.0,2.0,2.0,2.0,2.0,2.0,,,
E238,S037,SP06,2,4.0,4.0,4.0,4.0,4.0,4.0,,,
E238,S037,SP06,3,3.0,3.0,3.0,3.0,3.0,3.0,,,
E238,S037,SP06,4,2.0,2.0,2.0,2.0,2.0,2.0,,,
E238,S037,SP06,5,2.0,2.0,2.0,2.0,2.0,2.0,,,
E238,S037,SP06,6,2.0,2.0,2.0,2.0,2.0,2.0,,,
E238,S037,SP06,7,1.0,1.0,1.0,1.0,1.0,1.0,,,
E238,S037,SP06,8,1.0,1.0,1.0,1.0,1.0,1.0,,,
E238,S037,SP06,9,2.0,0.0,2.0,2.0,2.0,2.0,0.0,0.0,2.0
E238,S037,SP06,10,2.0,2.0,2.0,2.0,2.0,2.0,,,
E238,S037,SP06,11,2.0,0.0,2.0,2.0,2.0,2.0,0.0,2.0,2.0
E238,S037,SP06,12,1.0,1.0,1.0,1.0,1.0,1.0,,,
E238,S037,SP06,13,1.0,0.0,1.0,1.0,1.0,1.0,0.0,1.0,0.5
E238,S037,SP06,14,1.0,1.0,1.0,1.0,1.0,1.0,,,
E238,S037,SP06,15,1.0,0.0,0.0,0.0,1.0,1.0,,,
E238,S037,SP06,16,1.0,1.0,1.0,1.0,1.0,1.0,,,
E238,S037,SP06,17,1.0,1.0,1.0,1.0,1.0,1.0,,,
E238,S037,SP06,18,1.0,1.0,1.0,1.0,1.0,1.0,,,
E238,S037,SP06,19,1.0,1.0,1.0,1.0,1.0,1.0,,,
E238,S037,SP06,20,1.0,1.0,1.0,1.0,1.0,1.0,,,
E238,S037,SP06,21,1.0,1.0,1.0,1.0,1.0,1.0,,,
E238,S037,SP06,22,1.0,1.0,1.0,1.0,1.0,1.0,,,
E238,S037,SP06,23,1.0,1.0,1.0,1.0,1.0,1.0,,,
E238,S037,SP06,24,1.0,1.0,1.0,1.0,1.0,1.0,,,
E238,S037,SP06,25,1.0,1.0,1.0,1.0,1.0,1.0,,,
E238,S037,SP06,26,1.0,1.0,1.0,1.0,1.0,1.0,,,
E238,S037,SP06,27,1.0,1.0,1.0,1.0,1.0,1.0,,,
E238,S037,SP06,28,1.0,1.0,1.0,1.0,1.0,1.0,,,
E238,S037,SP06,29,1.0,1.0,1.0,1.0,1.0,1.0,,,
E238,S037,SP06,30,1.0,1.0,1.0,1.0,1.0,1.0,,,
E238,S037,SP06,31,1.0,1.0,1.0,1.0,1.0,1.0,,,
E238,S037,SP06,32,1.0,1.0,1.0,1.0,1.0,1.0,,,
E238,S037,SP06,33,1.0,1.0,1.0,1.0,1.0,1.0,,,
E238,S037,SP06,34,2.0,2.0,2.0,2.0,2.0,2.0,,,
E238,S037,SP06,35,1.0,1.0,1.0,1.0,1.0,1.0,,,
E238,S037,SP06,36,2.0,2.0,2.0,2.0,2.0,2.0,,,
E059,S038,SP01,1,2.0,2.0,2.0,2.0,2.0,2.0,,,
E059,S038,SP01,2,3.0,3.0,3.0,3.0,3.0,3.0,,,
E059,S038,SP01,3,2.0,2.0,2.0,2.0,2.0,2.0,,,
E059,S038,SP01,4,2.0,2.0,2.0,2.0,2.0,2.0,,,
E059,S038,SP01,5,2.0,2.0,2.0,2.0,2.0,2.0,,,
E059,S038,SP01,6,2.0,2.0,2.0,2.0,2.0,2.0,,,
E059,S038,SP01,7,2.0,2.0,2.0,2.0,2.0,2.0,,,
E059,S038,SP01,8,2.0,2.0,2.0,2.0,2.0,2.0,,,
E059,S038,SP01,9,2.0,0.0,0.0,0.0,2.0,2.0,,,
E059,S038,SP01,10,2.0,2.0,2.0,2.0,2.0,2.0,,,
E059,S038,SP01,11,2.0,0.0,1.0,1.0,2.0,2.0,1.5,2.0,1.5
E059,S038,SP01,12,1.0,1.0,1.0,1.0,1.0,1.0,,,
E059,S038,SP01,13,1.0,1.0,1.0,1.0,1.0,1.0,,,
E059,S038,SP01,14,1.0,1.0,1.0,1.0,1.0,1.0,,,
E059,S038,SP01,15,1.0,1.0,1.0,1.0,1.0,1.0,,,
E059,S038,SP01,16,1.0,1.0,1.0,1.0,1.0,1.0,,,
E059,S038,SP01,17,1.0,1.0,1.0,1.0,1.0,1.0,,,
E059,S038,SP01,18,1.0,0.0,0.0,0.0,1.0,1.0,,,
E059,S038,SP01,19,1.0,1.0,1.0,1.0,1.0,1.0,,,
E059,S038,SP01,20,1.0,1.0,1.0,1.0,1.0,1.0,,,
E059,S038,SP01,21,1.0,1.0,1.0,1.0,1.0,1.0,,,
E059,S038,SP01,22,1.0,1.0,1.0,1.0,1.0,1.0,,,
E059,S038,SP01,23,1.0,1.0,1.0,1.0,1.0,1.0,,,
E059,S038,SP01,24,1.0,1.0,1.0,1.0,1.0,1.0,,,
E059,S038,SP01,25,2.0,2.0,2.0,2.0,2.0,2.0,,,
E059,S038,SP01,26,1.0,1.0,1.0,1.0,1.0,1.0,,,
E059,S038,SP01,27,1.0,1.0,1.0,1.0,1.0,1.0,,,
E059,S038,SP01,28,1.0,1.0,1.0,1.0,1.0,1.0,,,
E059,S038,SP01,29,2.0,2.0,2.0,2.0,2.0,2.0,,,
E059,S038,SP01,30,2.0,2.0,2.0,2.0,2.0,2.0,,,
E059,S038,SP01,31,2.0,1.0,2.0,2.0,2.0,2.0,2.0,2.0,2.0
E059,S038,SP01,32,1.0,1.0,1.0,1.0,1.0,1.0,,,
E059,S038,SP01,33,2.0,2.0,2.0,2.0,2.0,2.0,,,
E115,S038,SP02,1,2.0,2.0,2.0,2.0,2.0,2.0,,,
E115,S038,SP02,2,3.0,3.0,3.0,3.0,3.0,3.0,,,
E115,S038,SP02,3,2.0,2.0,2.0,2.0,2.0,2.0,,,
E115,S038,SP02,4,2.0,1.0,2.0,2.0,2.0,2.0,2.0,2.0,1.0
E115,S038,SP02,5,1.0,1.0,1.0,1.0,1.0,1.0,,,
E115,S038,SP02,6,1.0,1.0,1.0,1.0,1.0,1.0,,,
E115,S038,SP02,7,2.0,2.0,2.0,2.0,2.0,2.0,,,
E115,S038,SP02,8,2.0,2.0,2.0,2.0,2.0,2.0,,,
E115,S038,SP02,9,2.0,2.0,2.0,2.0,2.0,2.0,,,
E115,S038,SP02,10,1.0,0.0,1.0,1.0,1.0,1.0,0.0,0.0,1.0
E115,S038,SP02,11,2.0,2.0,2.0,2.0,2.0,2.0,,,
E115,S038,SP02,12,2.0,1.0,1.0,1.0,2.0,1.0,,,
E115,S038,SP02,13,2.0,2.0,2.0,2.0,2.0,2.0,,,
E115,S038,SP02,14,1.0,0.0,0.0,0.0,0.0,0.0,,,
E115,S038,SP02,15,1.0,1.0,1.0,1.0,1.0,1.0,,,
E115,S038,SP02,16,2.0,2.0,2.0,2.0,2.0,2.0,,,
E115,S038,SP02,17,1.0,1.0,1.0,1.0,1.0,1.0,,,
E115,S038,SP02,18,1.0,1.0,1.0,1.0,1.0,1.0,,,
E115,S038,SP02,19,1.0,1.0,1.0,1.0,1.0,1.0,,,
E115,S038,SP02,20,1.0,1.0,1.0,1.0,1.0,1.0,,,
E115,S038,SP02,21,1.0,1.0,1.0,1.0,1.0,1.0,,,
E115,S038,SP02,22,1.0,1.0,1.0,1.0,1.0,1.0,,,
E115,S038,SP02,23,1.0,1.0,1.0,1.0,1.0,1.0,,,
E115,S038,SP02,24,1.0,1.0,1.0,1.0,1.0,1.0,,,
E115,S038,SP02,25,1.0,1.0,1.0,1.0,1.0,1.0,,,
E115,S038,SP02,26,1.0,1.0,1.0,1.0,1.0,1.0,,,
E115,S038,SP02,27,1.0,1.0,1.0,1.0,1.0,1.0,,,
E115,S038,SP02,28,1.0,1.0,1.0,1.0,1.0,1.0,,,
E115,S038,SP02,29,1.0,1.0,1.0,1.0,1.0,1.0,,,
E115,S038,SP02,30,2.0,2.0,2.0,2.0,2.0,2.0,,,
E115,S038,SP02,31,2.0,2.0,2.0,2.0,2.0,2.0,,,
E115,S038,SP02,32,2.0,2.0,2.0,2.0,2.0,2.0,,,
E115,S038,SP02,33,1.0,1.0,1.0,1.0,1.0,1.0,,,
E115,S038,SP02,34,2.0,2.0,2.0,2.0,2.0,2.0,,,
E164,S038,SP03,1,2.0,2.0,2.0,2.0,2.0,2.0,,,
E164,S038,SP03,2,3.0,3.0,3.0,3.0,3.0,3.0,,,
E164,S038,SP03,3,3.0,3.0,3.0,3.0,3.0,3.0,,,
E164,S038,SP03,4,2.0,2.0,2.0,2.0,2.0,2.0,,,
E164,S038,SP03,5,1.0,1.0,1.0,1.0,1.0,1.0,,,
E164,S038,SP03,6,2.0,1.0,2.0,2.0,2.0,2.0,2.0,2.0,2.0
E164,S038,SP03,7,2.0,1.0,2.0,2.0,2.0,2.0,2.0,2.0,2.0
E164,S038,SP03,8,1.0,1.0,1.0,1.0,1.0,1.0,,,
E164,S038,SP03,9,1.0,1.0,1.0,1.0,1.0,1.0,,,
E164,S038,SP03,10,1.0,0.0,1.0,1.0,1.0,1.0,1.0,1.0,1.0
E164,S038,SP03,11,2.0,2.0,2.0,2.0,2.0,2.0,,,
E164,S038,SP03,12,2.0,2.0,2.0,2.0,2.0,2.0,,,
E164,S038,SP03,13,2.0,1.0,2.0,2.0,2.0,1.0,2.0,2.0,2.0
E164,S038,SP03,14,2.0,1.0,2.0,2.0,2.0,2.0,2.0,1.0,0.0
E164,S038,SP03,15,2.0,1.0,1.0,1.0,2.0,1.0,,,
E164,S038,SP03,16,2.0,2.0,2.0,2.0,2.0,2.0,,,
E164,S038,SP03,17,2.0,2.0,2.0,2.0,2.0,2.0,,,
E164,S038,SP03,18,1.0,1.0,1.0,1.0,1.0,1.0,,,
E164,S038,SP03,19,1.0,1.0,1.0,1.0,1.0,1.0,,,
E164,S038,SP03,20,1.0,1.0,1.0,1.0,1.0,1.0,,,
E164,S038,SP03,21,1.0,1.0,1.0,1.0,1.0,1.0,,,
E164,S038,SP03,22,1.0,1.0,1.0,1.0,1.0,1.0,,,
E164,S038,SP03,23,1.0,1.0,1.0,1.0,1.0,1.0,,,
E164,S038,SP03,24,1.0,1.0,1.0,1.0,1.0,1.0,,,
E164,S038,SP03,25,1.0,1.0,1.0,1.0,1.0,1.0,,,
E164,S038,SP03,26,1.0,1.0,1.0,1.0,1.0,1.0,,,
E164,S038,SP03,27,1.0,1.0,1.0,1.0,1.0,0.0,,,
E164,S038,SP03,28,1.0,1.0,1.0,1.0,1.0,1.0,,,
E164,S038,SP03,29,1.0,1.0,1.0,1.0,1.0,1.0,,,
E164,S038,SP03,30,1.0,1.0,1.0,1.0,1.0,1.0,,,
E164,S038,SP03,31,1.0,1.0,1.0,1.0,1.0,1.0,,,
E164,S038,SP03,32,1.0,1.0,1.0,1.0,1.0,1.0,,,
E164,S038,SP03,33,3.0,3.0,3.0,3.0,3.0,3.0,,,
E033,S039,SP01,1,2.0,2.0,2.0,2.0,2.0,2.0,,,
E033,S039,SP01,2,3.0,3.0,3.0,3.0,3.0,3.0,,,
E033,S039,SP01,3,2.0,2.0,2.0,2.0,2.0,2.0,,,
E033,S039,SP01,4,2.0,0.0,0.0,0.0,0.0,2.0,,,
E033,S039,SP01,5,2.0,2.0,2.0,2.0,2.0,2.0,,,
E033,S039,SP01,6,2.0,0.0,2.0,2.0,2.0,2.0,0.0,0.0,2.0
E033,S039,SP01,7,2.0,2.0,2.0,2.0,2.0,2.0,,,
E033,S039,SP01,8,2.0,2.0,2.0,2.0,2.0,2.0,,,
E033,S039,SP01,9,2.0,1.0,2.0,2.0,2.0,2.0,0.5,2.0,1.0
E033,S039,SP01,10,2.0,2.0,2.0,2.0,2.0,0.0,,,
E033,S039,SP01,11,2.0,0.0,2.0,2.0,2.0,0.5,0.0,2.0,1.0
E033,S039,SP01,12,1.0,1.0,1.0,1.0,1.0,1.0,,,
E033,S039,SP01,13,1.0,1.0,1.0,1.0,1.0,1.0,,,
E033,S039,SP01,14,1.0,1.0,1.0,1.0,1.0,1.0,,,
E033,S039,SP01,15,1.0,1.0,1.0,1.0,1.0,1.0,,,
E033,S039,SP01,16,1.0,1.0,1.0,1.0,1.0,1.0,,,
E033,S039,SP01,17,1.0,1.0,1.0,1.0,1.0,1.0,,,
E033,S039,SP01,18,1.0,1.0,0.0,0.0,1.0,1.0,0.0,0.0,0.0
E033,S039,SP01,19,1.0,1.0,1.0,1.0,1.0,1.0,,,
E033,S039,SP01,20,1.0,1.0,1.0,1.0,1.0,1.0,,,
E033,S039,SP01,21,1.0,0.0,0.0,0.0,1.0,0.0,,,
E033,S039,SP01,22,1.0,1.0,1.0,1.0,1.0,1.0,,,
E033,S039,SP01,23,1.0,1.0,0.0,0.0,0.0,0.0,0.0,0.0,0.0
E033,S039,SP01,24,1.0,1.0,1.0,1.0,1.0,1.0,,,
E033,S039,SP01,25,2.0,2.0,2.0,2.0,2.0,2.0,,,
E033,S039,SP01,26,1.0,1.0,1.0,1.0,1.0,1.0,,,
E033,S039,SP01,27,1.0,1.0,1.0,1.0,1.0,1.0,,,
E033,S039,SP01,28,1.0,1.0,1.0,1.0,1.0,1.0,,,
E033,S039,SP01,29,2.0,2.0,2.0,2.0,2.0,2.0,,,
E033,S039,SP01,30,2.0,2.0,2.0,2.0,2.0,2.0,,,
E033,S039,SP01,31,2.0,2.0,2.0,2.0,2.0,2.0,,,
E033,S039,SP01,32,1.0,1.0,1.0,1.0,1.0,1.0,,,
E033,S039,SP01,33,2.0,2.0,2.0,2.0,2.0,2.0,,,
E176,S039,SP02,1,2.0,2.0,2.0,2.0,2.0,2.0,,,
E176,S039,SP02,2,3.0,3.0,3.0,3.0,3.0,3.0,,,
E176,S039,SP02,3,2.0,2.0,2.0,2.0,2.0,2.0,,,
E176,S039,SP02,4,2.0,2.0,2.0,2.0,2.0,2.0,,,
E176,S039,SP02,5,1.0,1.0,1.0,1.0,1.0,1.0,,,
E176,S039,SP02,6,1.0,1.0,0.0,0.0,1.0,0.0,0.0,0.0,0.0
E176,S039,SP02,7,2.0,2.0,2.0,2.0,2.0,2.0,,,
E176,S039,SP02,8,2.0,2.0,2.0,2.0,2.0,2.0,,,
E176,S039,SP02,9,2.0,2.0,1.0,1.0,2.0,2.0,0.0,1.0,1.0
E176,S039,SP02,10,1.0,0.0,0.0,0.0,0.0,1.0,,,
E176,S039,SP02,11,2.0,2.0,2.0,2.0,2.0,2.0,,,
E176,S039,SP02,12,2.0,1.0,1.0,1.0,2.0,2.0,,,
E176,S039,SP02,13,2.0,1.0,0.0,0.0,0.0,2.0,0.0,0.0,2.0
E176,S039,SP02,14,1.0,0.0,0.0,0.0,1.0,1.0,,,
E176,S039,SP02,15,1.0,1.0,1.0,1.0,1.0,1.0,,,
E176,S039,SP02,16,2.0,2.0,1.0,1.0,2.0,2.0,2.0,2.0,2.0
E176,S039,SP02,17,1.0,1.0,1.0,1.0,1.0,1.0,,,
E176,S039,SP02,18,1.0,1.0,1.0,1.0,1.0,1.0,,,
E176,S039,SP02,19,1.0,1.0,1.0,1.0,1.0,1.0,,,
E176,S039,SP02,20,1.0,1.0,1.0,1.0,1.0,1.0,,,
E176,S039,SP02,21,1.0,1.0,1.0,1.0,1.0,1.0,,,
E176,S039,SP02,22,1.0,1.0,1.0,1.0,1.0,1.0,,,
E176,S039,SP02,23,1.0,1.0,0.0,0.0,0.0,0.0,0.0,0.0,0.0
E176,S039,SP02,24,1.0,1.0,1.0,1.0,1.0,1.0,,,
E176,S039,SP02,25,1.0,1.0,1.0,1.0,1.0,1.0,,,
E176,S039,SP02,26,1.0,1.0,1.0,1.0,1.0,1.0,,,
E176,S039,SP02,27,1.0,1.0,1.0,1.0,1.0,1.0,,,
E176,S039,SP02,28,1.0,1.0,1.0,1.0,1.0,1.0,,,
E176,S039,SP02,29,1.0,1.0,1.0,1.0,1.0,1.0,,,
E176,S039,SP02,30,2.0,2.0,2.0,2.0,2.0,2.0,,,
E176,S039,SP02,31,2.0,2.0,2.0,2.0,2.0,2.0,,,
E176,S039,SP02,32,2.0,2.0,1.0,1.0,2.0,2.0,1.0,2.0,2.0
E176,S039,SP02,33,1.0,1.0,1.0,1.0,1.0,1.0,,,
E176,S039,SP02,34,2.0,2.0,1.0,1.0,2.0,2.0,2.0,2.0,2.0
E199,S040,SP01,1,2.0,2.0,2.0,2.0,2.0,2.0,,,
E199,S040,SP01,2,3.0,3.0,3.0,3.0,3.0,3.0,,,
E199,S040,SP01,3,2.0,2.0,2.0,2.0,2.0,2.0,,,
E199,S040,SP01,4,2.0,2.0,2.0,2.0,2.0,2.0,,,
E199,S040,SP01,5,2.0,2.0,2.0,2.0,2.0,2.0,,,
E199,S040,SP01,6,2.0,2.0,2.0,2.0,2.0,2.0,,,
E199,S040,SP01,7,2.0,2.0,2.0,2.0,2.0,2.0,,,
E199,S040,SP01,8,2.0,2.0,2.0,2.0,2.0,2.0,,,
E199,S040,SP01,9,2.0,0.0,0.0,0.0,2.0,2.0,,,
E199,S040,SP01,10,2.0,1.0,2.0,2.0,2.0,2.0,1.0,2.0,1.0
E199,S040,SP01,11,2.0,2.0,2.0,2.0,2.0,2.0,,,
E199,S040,SP01,12,1.0,1.0,1.0,1.0,1.0,1.0,,,
E199,S040,SP01,13,1.0,1.0,1.0,1.0,1.0,1.0,,,
E199,S040,SP01,14,1.0,1.0,1.0,1.0,1.0,1.0,,,
E199,S040,SP01,15,1.0,1.0,1.0,1.0,1.0,1.0,,,
E199,S040,SP01,16,1.0,1.0,1.0,1.0,1.0,1.0,,,
E199,S040,SP01,17,1.0,1.0,1.0,1.0,1.0,1.0,,,
E199,S040,SP01,18,1.0,1.0,0.0,0.0,1.0,1.0,0.0,1.0,0.0
E199,S040,SP01,19,1.0,1.0,1.0,1.0,1.0,1.0,,,
E199,S040,SP01,20,1.0,1.0,1.0,1.0,1.0,1.0,,,
E199,S040,SP01,21,1.0,1.0,1.0,1.0,1.0,1.0,,,
E199,S040,SP01,22,1.0,1.0,1.0,1.0,1.0,1.0,,,
E199,S040,SP01,23,1.0,1.0,1.0,1.0,1.0,1.0,,,
E199,S040,SP01,24,1.0,1.0,1.0,1.0,1.0,1.0,,,
E199,S040,SP01,25,2.0,2.0,2.0,2.0,2.0,2.0,,,
E199,S040,SP01,26,1.0,1.0,1.0,1.0,1.0,1.0,,,
E199,S040,SP01,27,1.0,1.0,1.0,1.0,1.0,1.0,,,
E199,S040,SP01,28,1.0,1.0,1.0,1.0,1.0,1.0,,,
E199,S040,SP01,29,2.0,2.0,2.0,2.0,2.0,2.0,,,
E199,S040,SP01,30,2.0,2.0,2.0,2.0,2.0,2.0,,,
E199,S040,SP01,31,2.0,2.0,2.0,2.0,2.0,2.0,,,
E199,S040,SP01,32,1.0,1.0,1.0,1.0,1.0,1.0,,,
E199,S040,SP01,33,2.0,2.0,2.0,2.0,2.0,2.0,,,
E099,S040,SP02,1,2.0,2.0,2.0,2.0,2.0,2.0,,,
E099,S040,SP02,2,3.0,3.0,3.0,3.0,3.0,3.0,,,
E099,S040,SP02,3,2.0,2.0,2.0,2.0,2.0,2.0,,,
E099,S040,SP02,4,2.0,2.0,2.0,2.0,2.0,2.0,,,
E099,S040,SP02,5,1.0,1.0,1.0,1.0,1.0,1.0,,,
E099,S040,SP02,6,1.0,1.0,1.0,1.0,1.0,1.0,,,
E099,S040,SP02,7,2.0,2.0,2.0,2.0,2.0,2.0,,,
E099,S040,SP02,8,2.0,2.0,2.0,2.0,2.0,2.0,,,
E099,S040,SP02,9,2.0,2.0,2.0,2.0,2.0,2.0,,,
E099,S040,SP02,10,1.0,0.0,0.0,0.0,1.0,1.0,,,
E099,S040,SP02,11,2.0,2.0,2.0,2.0,2.0,2.0,,,
E099,S040,SP02,12,2.0,1.0,1.0,1.0,2.0,2.0,,,
E099,S040,SP02,13,2.0,1.0,0.0,0.0,2.0,2.0,0.0,1.0,0.0
E099,S040,SP02,14,1.0,0.0,0.0,0.0,1.0,1.0,,,
E099,S040,SP02,15,1.0,1.0,1.0,1.0,1.0,1.0,,,
E099,S040,SP02,16,2.0,2.0,2.0,2.0,2.0,2.0,,,
E099,S040,SP02,17,1.0,1.0,1.0,1.0,1.0,1.0,,,
E099,S040,SP02,18,1.0,1.0,1.0,1.0,1.0,1.0,,,
E099,S040,SP02,19,1.0,1.0,1.0,1.0,1.0,1.0,,,
E099,S040,SP02,20,1.0,1.0,1.0,1.0,1.0,1.0,,,
E099,S040,SP02,21,1.0,1.0,1.0,1.0,1.0,1.0,,,
E099,S040,SP02,22,1.0,1.0,1.0,1.0,1.0,1.0,,,
E099,S040,SP02,23,1.0,1.0,1.0,1.0,1.0,1.0,,,
E099,S040,SP02,24,1.0,1.0,1.0,1.0,1.0,1.0,,,
E099,S040,SP02,25,1.0,1.0,1.0,1.0,1.0,1.0,,,
E099,S040,SP02,26,1.0,1.0,1.0,1.0,1.0,1.0,,,
E099,S040,SP02,27,1.0,1.0,1.0,1.0,1.0,1.0,,,
E099,S040,SP02,28,1.0,1.0,1.0,1.0,1.0,1.0,,,
E099,S040,SP02,29,1.0,1.0,1.0,1.0,1.0,1.0,,,
E099,S040,SP02,30,2.0,2.0,2.0,2.0,2.0,2.0,,,
E099,S040,SP02,31,2.0,2.0,2.0,2.0,2.0,2.0,,,
E099,S040,SP02,32,2.0,1.0,2.0,2.0,2.0,2.0,2.0,2.0,2.0
E099,S040,SP02,33,1.0,1.0,1.0,1.0,1.0,1.0,,,
E099,S040,SP02,34,2.0,1.0,2.0,2.0,2.0,2.0,2.0,2.0,2.0
E069,S040,SP03,1,2.0,2.0,2.0,2.0,2.0,2.0,,,
E069,S040,SP03,2,3.0,3.0,3.0,3.0,3.0,3.0,,,
E069,S040,SP03,3,3.0,3.0,3.0,3.0,3.0,3.0,,,
E069,S040,SP03,4,2.0,2.0,2.0,2.0,2.0,2.0,,,
E069,S040,SP03,5,1.0,1.0,1.0,1.0,1.0,1.0,,,
E069,S040,SP03,6,2.0,2.0,2.0,2.0,2.0,2.0,,,
E069,S040,SP03,7,2.0,2.0,2.0,2.0,2.0,2.0,,,
E069,S040,SP03,8,1.0,1.0,1.0,1.0,1.0,1.0,,,
E069,S040,SP03,9,1.0,1.0,1.0,1.0,1.0,1.0,,,
E069,S040,SP03,10,1.0,1.0,1.0,1.0,1.0,1.0,,,
E069,S040,SP03,11,2.0,2.0,2.0,2.0,2.0,2.0,,,
E069,S040,SP03,12,2.0,2.0,2.0,2.0,2.0,2.0,,,
E069,S040,SP03,13,2.0,1.0,2.0,2.0,2.0,2.0,1.0,2.0,2.0
E069,S040,SP03,14,2.0,1.0,1.0,1.0,2.0,0.0,,,
E069,S040,SP03,15,2.0,1.0,1.0,1.0,2.0,2.0,,,
E069,S040,SP03,16,2.0,2.0,2.0,2.0,2.0,2.0,,,
E069,S040,SP03,17,2.0,2.0,2.0,2.0,2.0,2.0,,,
E069,S040,SP03,18,1.0,1.0,1.0,1.0,1.0,1.0,,,
E069,S040,SP03,19,1.0,1.0,1.0,1.0,1.0,1.0,,,
E069,S040,SP03,20,1.0,1.0,1.0,1.0,1.0,1.0,,,
E069,S040,SP03,21,1.0,1.0,1.0,1.0,1.0,1.0,,,
E069,S040,SP03,22,1.0,1.0,1.0,1.0,1.0,1.0,,,
E069,S040,SP03,23,1.0,1.0,1.0,1.0,1.0,1.0,,,
E069,S040,SP03,24,1.0,1.0,1.0,1.0,1.0,1.0,,,
E069,S040,SP03,25,1.0,1.0,1.0,1.0,1.0,1.0,,,
E069,S040,SP03,26,1.0,1.0,1.0,1.0,1.0,1.0,,,
E069,S040,SP03,27,1.0,1.0,0.0,0.0,1.0,1.0,0.0,1.0,1.0
E069,S040,SP03,28,1.0,1.0,1.0,1.0,1.0,1.0,,,
E069,S040,SP03,29,1.0,1.0,1.0,1.0,1.0,1.0,,,
E069,S040,SP03,30,1.0,1.0,1.0,1.0,1.0,1.0,,,
E069,S040,SP03,31,1.0,1.0,1.0,1.0,1.0,1.0,,,
E069,S040,SP03,32,1.0,1.0,1.0,1.0,1.0,1.0,,,
E069,S040,SP03,33,3.0,3.0,3.0,3.0,3.0,3.0,,,
E154,S041,SP01,1,2.0,2.0,2.0,2.0,2.0,2.0,,,
E154,S041,SP01,2,3.0,3.0,3.0,3.0,3.0,3.0,,,
E154,S041,SP01,3,2.0,2.0,2.0,2.0,2.0,2.0,,,
E154,S041,SP01,4,2.0,2.0,2.0,2.0,2.0,2.0,,,
E154,S041,SP01,5,2.0,2.0,2.0,2.0,2.0,2.0,,,
E154,S041,SP01,6,2.0,2.0,2.0,2.0,2.0,2.0,,,
E154,S041,SP01,7,2.0,2.0,2.0,2.0,2.0,2.0,,,
E154,S041,SP01,8,2.0,2.0,2.0,2.0,2.0,2.0,,,
E154,S041,SP01,9,2.0,0.0,0.0,0.0,0.0,2.0,,,
E154,S041,SP01,10,2.0,0.0,1.0,1.0,1.0,2.0,1.0,2.0,0.5
E154,S041,SP01,11,2.0,0.0,0.0,0.0,0.0,2.0,,,
E154,S041,SP01,12,1.0,1.0,1.0,1.0,1.0,1.0,,,
E154,S041,SP01,13,1.0,1.0,1.0,1.0,1.0,1.0,,,
E154,S041,SP01,14,1.0,1.0,1.0,1.0,1.0,1.0,,,
E154,S041,SP01,15,1.0,1.0,1.0,1.0,1.0,1.0,,,
E154,S041,SP01,16,1.0,1.0,1.0,1.0,1.0,1.0,,,
E154,S041,SP01,17,1.0,1.0,1.0,1.0,1.0,1.0,,,
E154,S041,SP01,18,1.0,0.0,0.0,0.0,0.0,1.0,,,
E154,S041,SP01,19,1.0,1.0,1.0,1.0,1.0,1.0,,,
E154,S041,SP01,20,1.0,1.0,1.0,1.0,1.0,1.0,,,
E154,S041,SP01,21,1.0,1.0,1.0,1.0,1.0,1.0,,,
E154,S041,SP01,22,1.0,1.0,1.0,1.0,1.0,1.0,,,
E154,S041,SP01,23,1.0,1.0,1.0,1.0,1.0,1.0,,,
E154,S041,SP01,24,1.0,1.0,1.0,1.0,1.0,1.0,,,
E154,S041,SP01,25,2.0,2.0,2.0,2.0,2.0,2.0,,,
E154,S041,SP01,26,1.0,1.0,1.0,1.0,1.0,1.0,,,
E154,S041,SP01,27,1.0,1.0,1.0,1.0,1.0,1.0,,,
E154,S041,SP01,28,1.0,1.0,1.0,1.0,1.0,1.0,,,
E154,S041,SP01,29,2.0,2.0,2.0,2.0,2.0,2.0,,,
E154,S041,SP01,30,2.0,2.0,2.0,2.0,2.0,2.0,,,
E154,S041,SP01,31,2.0,2.0,2.0,2.0,2.0,2.0,,,
E154,S041,SP01,32,1.0,1.0,1.0,1.0,1.0,1.0,,,
E154,S041,SP01,33,2.0,2.0,2.0,2.0,2.0,2.0,,,
E103,S041,SP02,1,2.0,2.0,2.0,2.0,2.0,2.0,,,
E103,S041,SP02,2,3.0,3.0,3.0,3.0,3.0,3.0,,,
E103,S041,SP02,3,2.0,2.0,2.0,2.0,2.0,2.0,,,
E103,S041,SP02,4,2.0,2.0,2.0,2.0,2.0,2.0,,,
E103,S041,SP02,5,1.0,0.0,1.0,1.0,1.0,1.0,0.0,1.0,1.0
E103,S041,SP02,6,1.0,1.0,1.0,1.0,1.0,1.0,,,
E103,S041,SP02,7,2.0,2.0,2.0,2.0,2.0,2.0,,,
E103,S041,SP02,8,2.0,2.0,2.0,2.0,2.0,2.0,,,
E103,S041,SP02,9,2.0,2.0,1.0,1.0,2.0,2.0,1.0,2.0,2.0
E103,S041,SP02,10,1.0,1.0,1.0,1.0,1.0,1.0,,,
E103,S041,SP02,11,2.0,2.0,2.0,2.0,2.0,2.0,,,
E103,S041,SP02,12,2.0,0.0,0.0,0.0,2.0,0.0,,,
E103,S041,SP02,13,2.0,0.0,0.0,0.0,0.0,0.0,,,
E103,S041,SP02,14,1.0,0.0,0.0,0.0,0.0,0.0,,,
E103,S041,SP02,15,1.0,1.0,1.0,1.0,1.0,1.0,,,
E103,S041,SP02,16,2.0,2.0,2.0,2.0,2.0,2.0,,,
E103,S041,SP02,17,1.0,1.0,1.0,1.0,1.0,1.0,,,
E103,S041,SP02,18,1.0,1.0,1.0,1.0,1.0,1.0,,,
E103,S041,SP02,19,1.0,1.0,1.0,1.0,1.0,1.0,,,
E103,S041,SP02,20,1.0,1.0,1.0,1.0,1.0,1.0,,,
E103,S041,SP02,21,1.0,1.0,1.0,1.0,1.0,0.0,,,
E103,S041,SP02,22,1.0,1.0,1.0,1.0,1.0,1.0,,,
E103,S041,SP02,23,1.0,0.0,1.0,1.0,1.0,1.0,1.0,1.0,1.0
E103,S041,SP02,24,1.0,1.0,1.0,1.0,1.0,1.0,,,
E103,S041,SP02,25,1.0,1.0,1.0,1.0,1.0,1.0,,,
E103,S041,SP02,26,1.0,1.0,1.0,1.0,1.0,1.0,,,
E103,S041,SP02,27,1.0,1.0,1.0,1.0,1.0,1.0,,,
E103,S041,SP02,28,1.0,1.0,1.0,1.0,1.0,1.0,,,
E103,S041,SP02,29,1.0,1.0,1.0,1.0,1.0,1.0,,,
E103,S041,SP02,30,2.0,2.0,2.0,2.0,2.0,2.0,,,
E103,S041,SP02,31,2.0,2.0,2.0,2.0,2.0,2.0,,,
E103,S041,SP02,32,2.0,2.0,2.0,2.0,2.0,2.0,,,
E103,S041,SP02,33,1.0,1.0,1.0,1.0,1.0,1.0,,,
E103,S041,SP02,34,2.0,2.0,2.0,2.0,2.0,2.0,,,
E126,S041,SP03,1,2.0,2.0,2.0,2.0,2.0,2.0,,,
E126,S041,SP03,2,3.0,3.0,3.0,3.0,3.0,3.0,,,
E126,S041,SP03,3,3.0,3.0,3.0,3.0,3.0,3.0,,,
E126,S041,SP03,4,2.0,2.0,2.0,2.0,2.0,2.0,,,
E126,S041,SP03,5,1.0,1.0,1.0,1.0,1.0,1.0,,,
E126,S041,SP03,6,2.0,2.0,2.0,2.0,2.0,2.0,,,
E126,S041,SP03,7,2.0,2.0,2.0,2.0,2.0,2.0,,,
E126,S041,SP03,8,1.0,1.0,1.0,1.0,1.0,1.0,,,
E126,S041,SP03,9,1.0,1.0,1.0,1.0,1.0,1.0,,,
E126,S041,SP03,10,1.0,1.0,1.0,1.0,1.0,1.0,,,
E126,S041,SP03,11,2.0,2.0,2.0,2.0,2.0,2.0,,,
E126,S041,SP03,12,2.0,2.0,2.0,2.0,2.0,2.0,,,
E126,S041,SP03,13,2.0,0.0,0.0,0.0,2.0,1.0,,,
E126,S041,SP03,14,2.0,1.0,1.0,1.0,2.0,2.0,,,
E126,S041,SP03,15,2.0,1.0,0.0,0.0,2.0,0.0,0.0,0.0,1.0
E126,S041,SP03,16,2.0,1.0,2.0,2.0,2.0,2.0,2.0,2.0,2.0
E126,S041,SP03,17,2.0,2.0,2.0,2.0,2.0,2.0,,,
E126,S041,SP03,18,1.0,1.0,1.0,1.0,1.0,1.0,,,
E126,S041,SP03,19,1.0,1.0,1.0,1.0,1.0,1.0,,,
E126,S041,SP03,20,1.0,1.0,1.0,1.0,1.0,1.0,,,
E126,S041,SP03,21,1.0,1.0,1.0,1.0,1.0,1.0,,,
E126,S041,SP03,22,1.0,1.0,1.0,1.0,1.0,1.0,,,
E126,S041,SP03,23,1.0,1.0,1.0,1.0,1.0,1.0,,,
E126,S041,SP03,24,1.0,1.0,1.0,1.0,1.0,1.0,,,
E126,S041,SP03,25,1.0,1.0,1.0,1.0,1.0,1.0,,,
E126,S041,SP03,26,1.0,1.0,1.0,1.0,1.0,1.0,,,
E126,S041,SP03,27,1.0,1.0,1.0,1.0,1.0,1.0,,,
E126,S041,SP03,28,1.0,1.0,1.0,1.0,1.0,1.0,,,
E126,S041,SP03,29,1.0,1.0,1.0,1.0,1.0,1.0,,,
E126,S041,SP03,30,1.0,1.0,0.0,0.0,0.5,0.0,0.0,0.0,0.0
E126,S041,SP03,31,1.0,1.0,1.0,1.0,1.0,1.0,,,
E126,S041,SP03,32,1.0,1.0,1.0,1.0,1.0,1.0,,,
E126,S041,SP03,33,3.0,3.0,1.0,1.0,3.0,3.0,0.0,2.0,1.0
E113,S042,SP04,1,2.0,2.0,2.0,2.0,2.0,2.0,,,
E113,S042,SP04,2,3.0,3.0,3.0,3.0,3.0,3.0,,,
E113,S042,SP04,3,3.0,3.0,3.0,3.0,3.0,3.0,,,
E113,S042,SP04,4,2.0,2.0,2.0,2.0,2.0,2.0,,,
E113,S042,SP04,5,1.0,1.0,1.0,1.0,1.0,1.0,,,
E113,S042,SP04,6,1.0,1.0,1.0,1.0,1.0,1.0,,,
E113,S042,SP04,7,2.0,2.0,2.0,2.0,2.0,2.0,,,
E113,S042,SP04,8,1.0,0.0,0.0,0.0,1.0,1.0,,,
E113,S042,SP04,9,1.0,0.0,0.0,0.0,0.0,0.0,,,
E113,S042,SP04,10,1.0,1.0,1.0,1.0,1.0,1.0,,,
E113,S042,SP04,11,1.0,1.0,1.0,1.0,1.0,1.0,,,
E113,S042,SP04,12,1.0,0.0,0.0,0.0,1.0,0.0,,,
E113,S042,SP04,13,1.0,1.0,1.0,1.0,1.0,1.0,,,
E113,S042,SP04,14,1.0,1.0,1.0,1.0,1.0,1.0,,,
E113,S042,SP04,15,1.0,1.0,0.0,0.0,1.0,0.0,0.0,0.0,0.0
E113,S042,SP04,16,1.0,1.0,0.0,0.0,1.0,1.0,0.0,1.0,0.0
E113,S042,SP04,17,1.0,0.0,0.0,0.0,1.0,1.0,,,
E113,S042,SP04,18,1.0,0.0,0.0,0.0,1.0,1.0,,,
E113,S042,SP04,19,1.0,1.0,1.0,1.0,1.0,1.0,,,
E113,S042,SP04,20,1.0,1.0,1.0,1.0,1.0,1.0,,,
E113,S042,SP04,21,2.0,2.0,2.0,2.0,2.0,2.0,,,
E113,S042,SP04,22,1.0,1.0,1.0,1.0,1.0,1.0,,,
E113,S042,SP04,23,1.0,1.0,1.0,1.0,1.0,1.0,,,
E113,S042,SP04,24,1.0,1.0,1.0,1.0,1.0,1.0,,,
E113,S042,SP04,25,1.0,1.0,1.0,1.0,1.0,1.0,,,
E113,S042,SP04,26,1.0,1.0,1.0,1.0,1.0,1.0,,,
E113,S042,SP04,27,1.0,1.0,1.0,1.0,1.0,1.0,,,
E113,S042,SP04,28,1.0,1.0,1.0,1.0,1.0,1.0,,,
E113,S042,SP04,29,1.0,1.0,1.0,1.0,1.0,1.0,,,
E113,S042,SP04,30,2.0,2.0,2.0,2.0,2.0,2.0,,,
E113,S042,SP04,31,1.0,1.0,1.0,1.0,1.0,1.0,,,
E113,S042,SP04,32,1.0,1.0,1.0,1.0,1.0,1.0,,,
E113,S042,SP04,33,1.0,1.0,1.0,1.0,1.0,1.0,,,
E113,S042,SP04,34,1.0,1.0,1.0,1.0,1.0,1.0,,,
E113,S042,SP04,35,1.0,0.0,0.0,0.0,1.0,0.0,,,
E113,S042,SP04,36,2.0,2.0,2.0,2.0,2.0,2.0,,,
E113,S042,SP04,37,1.0,1.0,1.0,1.0,1.0,1.0,,,
E113,S042,SP04,38,1.0,1.0,1.0,1.0,1.0,1.0,,,
E113,S042,SP04,39,2.0,1.0,2.0,2.0,2.0,2.0,1.0,2.0,2.0
E029,S042,SP05,1,2.0,2.0,2.0,2.0,2.0,2.0,,,
E029,S042,SP05,2,3.0,3.0,3.0,3.0,3.0,3.0,,,
E029,S042,SP05,3,3.0,3.0,3.0,3.0,3.0,3.0,,,
E029,S042,SP05,4,2.0,2.0,2.0,2.0,2.0,2.0,,,
E029,S042,SP05,5,1.0,1.0,0.0,0.0,1.0,1.0,0.0,1.0,0.0
E029,S042,SP05,6,1.0,1.0,1.0,1.0,1.0,1.0,,,
E029,S042,SP05,7,1.0,1.0,1.0,1.0,1.0,1.0,,,
E029,S042,SP05,8,1.0,1.0,1.0,1.0,1.0,1.0,,,
E029,S042,SP05,9,1.0,1.0,1.0,1.0,1.0,1.0,,,
E029,S042,SP05,10,1.0,1.0,1.0,1.0,1.0,1.0,,,
E029,S042,SP05,11,1.0,1.0,1.0,1.0,1.0,1.0,,,
E029,S042,SP05,12,1.0,1.0,1.0,1.0,1.0,1.0,,,
E029,S042,SP05,13,1.0,1.0,1.0,1.0,1.0,1.0,,,
E029,S042,SP05,14,1.0,1.0,0.0,0.0,1.0,1.0,0.0,0.0,0.0
E029,S042,SP05,15,1.0,1.0,1.0,1.0,1.0,1.0,,,
E029,S042,SP05,16,1.0,1.0,0.0,0.0,1.0,1.0,1.0,1.0,1.0
E029,S042,SP05,17,1.0,1.0,1.0,1.0,1.0,1.0,,,
E029,S042,SP05,18,1.0,1.0,1.0,1.0,1.0,1.0,,,
E029,S042,SP05,19,1.0,0.0,0.0,0.0,1.0,0.0,,,
E029,S042,SP05,20,1.0,1.0,1.0,1.0,1.0,1.0,,,
E029,S042,SP05,21,1.0,1.0,1.0,1.0,1.0,1.0,,,
E029,S042,SP05,22,1.0,1.0,1.0,1.0,1.0,1.0,,,
E029,S042,SP05,23,1.0,0.0,0.0,0.0,0.0,1.0,,,
E029,S042,SP05,24,1.0,1.0,1.0,1.0,1.0,1.0,,,
E029,S042,SP05,25,1.0,1.0,1.0,1.0,1.0,1.0,,,
E029,S042,SP05,26,1.0,1.0,1.0,1.0,1.0,1.0,,,
E029,S042,SP05,27,1.0,1.0,1.0,1.0,1.0,1.0,,,
E029,S042,SP05,28,1.0,1.0,1.0,1.0,1.0,1.0,,,
E029,S042,SP05,29,1.0,0.0,0.0,0.0,1.0,0.0,,,
E029,S042,SP05,30,1.0,0.0,0.0,0.0,0.0,1.0,,,
E029,S042,SP05,31,1.0,1.0,1.0,1.0,1.0,1.0,,,
E029,S042,SP05,32,1.0,1.0,1.0,1.0,1.0,1.0,,,
E029,S042,SP05,33,2.0,2.0,2.0,2.0,2.0,2.0,,,
E029,S042,SP05,34,1.0,1.0,1.0,1.0,1.0,1.0,,,
E029,S042,SP05,35,1.0,0.0,1.0,1.0,1.0,1.0,0.0,1.0,1.0
E029,S042,SP05,36,1.0,1.0,1.0,1.0,1.0,1.0,,,
E029,S042,SP05,37,1.0,1.0,1.0,1.0,1.0,1.0,,,
E029,S042,SP05,38,2.0,2.0,2.0,2.0,2.0,2.0,,,
E029,S042,SP05,39,2.0,2.0,2.0,2.0,2.0,2.0,,,
E029,S042,SP05,40,2.0,2.0,2.0,2.0,2.0,2.0,,,
E060,S042,SP06,1,2.0,2.0,2.0,2.0,2.0,2.0,,,
E060,S042,SP06,2,4.0,4.0,4.0,4.0,4.0,4.0,,,
E060,S042,SP06,3,3.0,3.0,3.0,3.0,3.0,3.0,,,
E060,S042,SP06,4,2.0,2.0,2.0,2.0,2.0,2.0,,,
E060,S042,SP06,5,2.0,2.0,2.0,2.0,2.0,2.0,,,
E060,S042,SP06,6,2.0,0.0,0.0,0.0,2.0,2.0,,,
E060,S042,SP06,7,1.0,0.0,0.0,0.0,1.0,1.0,,,
E060,S042,SP06,8,1.0,1.0,1.0,1.0,1.0,1.0,,,
E060,S042,SP06,9,2.0,0.0,0.0,0.0,0.0,0.0,,,
E060,S042,SP06,10,2.0,2.0,2.0,2.0,2.0,2.0,,,
E060,S042,SP06,11,2.0,2.0,2.0,2.0,2.0,2.0,,,
E060,S042,SP06,12,1.0,1.0,1.0,1.0,1.0,1.0,,,
E060,S042,SP06,13,1.0,0.0,0.0,0.0,1.0,0.0,,,
E060,S042,SP06,14,1.0,0.0,1.0,1.0,1.0,1.0,1.0,1.0,1.0
E060,S042,SP06,15,1.0,0.0,0.0,0.0,1.0,0.0,,,
E060,S042,SP06,16,1.0,1.0,1.0,1.0,1.0,1.0,,,
E060,S042,SP06,17,1.0,1.0,1.0,1.0,1.0,1.0,,,
E060,S042,SP06,18,1.0,1.0,1.0,1.0,1.0,1.0,,,
E060,S042,SP06,19,1.0,1.0,1.0,1.0,1.0,1.0,,,
E060,S042,SP06,20,1.0,1.0,1.0,1.0,1.0,1.0,,,
E060,S042,SP06,21,1.0,1.0,1.0,1.0,1.0,1.0,,,
E060,S042,SP06,22,1.0,0.0,0.0,0.0,1.0,1.0,,,
E060,S042,SP06,23,1.0,1.0,1.0,1.0,1.0,1.0,,,
E060,S042,SP06,24,1.0,1.0,1.0,1.0,1.0,1.0,,,
E060,S042,SP06,25,1.0,1.0,1.0,1.0,1.0,1.0,,,
E060,S042,SP06,26,1.0,1.0,1.0,1.0,1.0,1.0,,,
E060,S042,SP06,27,1.0,1.0,1.0,1.0,1.0,1.0,,,
E060,S042,SP06,28,1.0,1.0,1.0,1.0,1.0,1.0,,,
E060,S042,SP06,29,1.0,1.0,0.0,0.0,1.0,0.0,0.5,1.0,1.0
E060,S042,SP06,30,1.0,1.0,1.0,1.0,1.0,1.0,,,
E060,S042,SP06,31,1.0,0.0,1.0,1.0,1.0,1.0,0.5,0.0,0.5
E060,S042,SP06,32,1.0,1.0,1.0,1.0,1.0,1.0,,,
E060,S042,SP06,33,1.0,1.0,1.0,1.0,1.0,1.0,,,
E060,S042,SP06,34,2.0,2.0,2.0,2.0,2.0,2.0,,,
E060,S042,SP06,35,1.0,1.0,1.0,1.0,1.0,1.0,,,
E060,S042,SP06,36,2.0,2.0,2.0,2.0,2.0,2.0,,,
E166,S043,SP04,1,2.0,2.0,2.0,2.0,2.0,2.0,,,
E166,S043,SP04,2,3.0,3.0,3.0,3.0,3.0,3.0,,,
E166,S043,SP04,3,3.0,3.0,3.0,3.0,3.0,3.0,,,
E166,S043,SP04,4,2.0,2.0,2.0,2.0,2.0,2.0,,,
E166,S043,SP04,5,1.0,1.0,1.0,1.0,1.0,1.0,,,
E166,S043,SP04,6,1.0,1.0,1.0,1.0,1.0,1.0,,,
E166,S043,SP04,7,2.0,2.0,2.0,2.0,2.0,2.0,,,
E166,S043,SP04,8,1.0,1.0,1.0,1.0,1.0,1.0,,,
E166,S043,SP04,9,1.0,1.0,1.0,1.0,1.0,1.0,,,
E166,S043,SP04,10,1.0,1.0,1.0,1.0,1.0,1.0,,,
E166,S043,SP04,11,1.0,1.0,1.0,1.0,1.0,1.0,,,
E166,S043,SP04,12,1.0,1.0,1.0,1.0,1.0,1.0,,,
E166,S043,SP04,13,1.0,1.0,1.0,1.0,1.0,1.0,,,
E166,S043,SP04,14,1.0,1.0,1.0,1.0,1.0,1.0,,,
E166,S043,SP04,15,1.0,0.0,0.0,0.0,1.0,0.0,,,
E166,S043,SP04,16,1.0,1.0,0.0,0.0,1.0,1.0,0.0,0.0,0.0
E166,S043,SP04,17,1.0,0.0,0.0,0.0,1.0,1.0,,,
E166,S043,SP04,18,1.0,0.0,0.0,0.0,1.0,0.0,,,
E166,S043,SP04,19,1.0,1.0,1.0,1.0,1.0,1.0,,,
E166,S043,SP04,20,1.0,1.0,1.0,1.0,1.0,1.0,,,
E166,S043,SP04,21,2.0,1.0,2.0,2.0,2.0,2.0,0.0,0.0,2.0
E166,S043,SP04,22,1.0,1.0,1.0,1.0,1.0,1.0,,,
E166,S043,SP04,23,1.0,1.0,1.0,1.0,1.0,1.0,,,
E166,S043,SP04,24,1.0,1.0,1.0,1.0,1.0,1.0,,,
E166,S043,SP04,25,1.0,1.0,1.0,1.0,1.0,1.0,,,
E166,S043,SP04,26,1.0,1.0,1.0,1.0,1.0,1.0,,,
E166,S043,SP04,27,1.0,1.0,1.0,1.0,1.0,1.0,,,
E166,S043,SP04,28,1.0,1.0,1.0,1.0,1.0,1.0,,,
E166,S043,SP04,29,1.0,1.0,1.0,1.0,1.0,1.0,,,
E166,S043,SP04,30,2.0,2.0,2.0,2.0,2.0,2.0,,,
E166,S043,SP04,31,1.0,1.0,1.0,1.0,1.0,1.0,,,
E166,S043,SP04,32,1.0,1.0,1.0,1.0,1.0,1.0,,,
E166,S043,SP04,33,1.0,1.0,1.0,1.0,1.0,1.0,,,
E166,S043,SP04,34,1.0,1.0,1.0,1.0,1.0,1.0,,,
E166,S043,SP04,35,1.0,1.0,0.0,0.0,1.0,0.0,0.0,1.0,1.0
E166,S043,SP04,36,2.0,2.0,2.0,2.0,2.0,2.0,,,
E166,S043,SP04,37,1.0,1.0,1.0,1.0,1.0,1.0,,,
E166,S043,SP04,38,1.0,1.0,1.0,1.0,1.0,1.0,,,
E166,S043,SP04,39,2.0,2.0,2.0,2.0,2.0,2.0,,,
E231,S043,SP05,1,2.0,2.0,2.0,2.0,2.0,2.0,,,
E231,S043,SP05,2,3.0,3.0,3.0,3.0,3.0,3.0,,,
E231,S043,SP05,3,3.0,3.0,3.0,3.0,3.0,3.0,,,
E231,S043,SP05,4,2.0,2.0,2.0,2.0,2.0,2.0,,,
E231,S043,SP05,5,1.0,1.0,1.0,1.0,1.0,1.0,,,
E231,S043,SP05,6,1.0,1.0,1.0,1.0,1.0,0.0,,,
E231,S043,SP05,7,1.0,0.0,1.0,1.0,1.0,1.0,1.0,1.0,1.0
E231,S043,SP05,8,1.0,1.0,1.0,1.0,1.0,1.0,,,
E231,S043,SP05,9,1.0,1.0,1.0,1.0,1.0,1.0,,,
E231,S043,SP05,10,1.0,1.0,1.0,1.0,1.0,1.0,,,
E231,S043,SP05,11,1.0,1.0,1.0,1.0,1.0,1.0,,,
E231,S043,SP05,12,1.0,1.0,1.0,1.0,1.0,1.0,,,
E231,S043,SP05,13,1.0,1.0,1.0,1.0,1.0,1.0,,,
E231,S043,SP05,14,1.0,0.0,1.0,1.0,1.0,1.0,0.0,0.0,0.0
E231,S043,SP05,15,1.0,1.0,1.0,1.0,1.0,1.0,,,
E231,S043,SP05,16,1.0,1.0,1.0,1.0,1.0,0.0,,,
E231,S043,SP05,17,1.0,1.0,1.0,1.0,1.0,1.0,,,
E231,S043,SP05,18,1.0,1.0,1.0,1.0,1.0,1.0,,,
E231,S043,SP05,19,1.0,1.0,1.0,1.0,1.0,1.0,,,
E231,S043,SP05,20,1.0,1.0,1.0,1.0,1.0,1.0,,,
E231,S043,SP05,21,1.0,1.0,1.0,1.0,1.0,1.0,,,
E231,S043,SP05,22,1.0,1.0,1.0,1.0,1.0,1.0,,,
E231,S043,SP05,23,1.0,0.0,1.0,1.0,1.0,1.0,1.0,1.0,0.5
E231,S043,SP05,24,1.0,1.0,1.0,1.0,1.0,1.0,,,
E231,S043,SP05,25,1.0,1.0,1.0,1.0,1.0,1.0,,,
E231,S043,SP05,26,1.0,1.0,1.0,1.0,1.0,1.0,,,
E231,S043,SP05,27,1.0,1.0,1.0,1.0,1.0,1.0,,,
E231,S043,SP05,28,1.0,1.0,1.0,1.0,1.0,1.0,,,
E231,S043,SP05,29,1.0,0.0,0.0,0.0,0.0,0.0,,,
E231,S043,SP05,30,1.0,1.0,1.0,1.0,1.0,1.0,,,
E231,S043,SP05,31,1.0,1.0,0.0,0.0,1.0,0.0,0.0,0.0,0.0
E231,S043,SP05,32,1.0,1.0,1.0,1.0,1.0,1.0,,,
E231,S043,SP05,33,2.0,2.0,2.0,2.0,2.0,2.0,,,
E231,S043,SP05,34,1.0,1.0,1.0,1.0,1.0,1.0,,,
E231,S043,SP05,35,1.0,1.0,1.0,1.0,1.0,1.0,,,
E231,S043,SP05,36,1.0,1.0,1.0,1.0,1.0,1.0,,,
E231,S043,SP05,37,1.0,1.0,1.0,1.0,1.0,1.0,,,
E231,S043,SP05,38,2.0,2.0,2.0,2.0,2.0,2.0,,,
E231,S043,SP05,39,2.0,2.0,2.0,2.0,2.0,2.0,,,
E231,S043,SP05,40,2.0,1.0,2.0,2.0,2.0,2.0,1.0,1.0,2.0
E183,S043,SP06,1,2.0,2.0,2.0,2.0,2.0,2.0,,,
E183,S043,SP06,2,4.0,4.0,4.0,4.0,4.0,4.0,,,
E183,S043,SP06,3,3.0,3.0,3.0,3.0,3.0,3.0,,,
E183,S043,SP06,4,2.0,2.0,2.0,2.0,2.0,2.0,,,
E183,S043,SP06,5,2.0,2.0,2.0,2.0,2.0,2.0,,,
E183,S043,SP06,6,2.0,2.0,2.0,2.0,2.0,2.0,,,
E183,S043,SP06,7,1.0,0.0,1.0,1.0,1.0,1.0,0.0,0.0,1.0
E183,S043,SP06,8,1.0,1.0,1.0,1.0,1.0,1.0,,,
E183,S043,SP06,9,2.0,2.0,2.0,2.0,2.0,2.0,,,
E183,S043,SP06,10,2.0,2.0,2.0,2.0,2.0,2.0,,,
E183,S043,SP06,11,2.0,0.0,2.0,2.0,2.0,2.0,0.0,2.0,2.0
E183,S043,SP06,12,1.0,1.0,1.0,1.0,1.0,1.0,,,
E183,S043,SP06,13,1.0,1.0,1.0,1.0,1.0,1.0,,,
E183,S043,SP06,14,1.0,1.0,1.0,1.0,1.0,1.0,,,
E183,S043,SP06,15,1.0,0.0,1.0,1.0,1.0,1.0,1.0,1.0,1.0
E183,S043,SP06,16,1.0,1.0,1.0,1.0,1.0,1.0,,,
E183,S043,SP06,17,1.0,1.0,1.0,1.0,1.0,1.0,,,
E183,S043,SP06,18,1.0,1.0,1.0,1.0,1.0,1.0,,,
E183,S043,SP06,19,1.0,1.0,1.0,1.0,1.0,1.0,,,
E183,S043,SP06,20,1.0,1.0,1.0,1.0,1.0,1.0,,,
E183,S043,SP06,21,1.0,1.0,1.0,1.0,1.0,1.0,,,
E183,S043,SP06,22,1.0,1.0,1.0,1.0,1.0,1.0,,,
E183,S043,SP06,23,1.0,1.0,1.0,1.0,1.0,1.0,,,
E183,S043,SP06,24,1.0,1.0,1.0,1.0,1.0,1.0,,,
E183,S043,SP06,25,1.0,1.0,1.0,1.0,1.0,1.0,,,
E183,S043,SP06,26,1.0,1.0,0.0,0.0,1.0,1.0,1.0,1.0,1.0
E183,S043,SP06,27,1.0,1.0,0.0,0.0,0.0,0.0,0.0,0.0,0.0
E183,S043,SP06,28,1.0,1.0,1.0,1.0,1.0,1.0,,,
E183,S043,SP06,29,1.0,1.0,1.0,1.0,1.0,1.0,,,
E183,S043,SP06,30,1.0,1.0,1.0,1.0,1.0,1.0,,,
E183,S043,SP06,31,1.0,1.0,1.0,1.0,1.0,1.0,,,
E183,S043,SP06,32,1.0,1.0,1.0,1.0,1.0,1.0,,,
E183,S043,SP06,33,1.0,1.0,1.0,1.0,1.0,1.0,,,
E183,S043,SP06,34,2.0,2.0,2.0,2.0,2.0,2.0,,,
E183,S043,SP06,35,1.0,1.0,1.0,1.0,1.0,1.0,,,
E183,S043,SP06,36,2.0,2.0,2.0,2.0,2.0,2.0,,,
E184,S044,SP02,1,2.0,2.0,2.0,2.0,2.0,2.0,,,
E184,S044,SP02,2,3.0,3.0,3.0,3.0,3.0,3.0,,,
E184,S044,SP02,3,2.0,2.0,2.0,2.0,2.0,2.0,,,
E184,S044,SP02,4,2.0,2.0,2.0,2.0,2.0,2.0,,,
E184,S044,SP02,5,1.0,1.0,1.0,1.0,1.0,1.0,,,
E184,S044,SP02,6,1.0,1.0,1.0,1.0,1.0,1.0,,,
E184,S044,SP02,7,2.0,2.0,2.0,2.0,2.0,2.0,,,
E184,S044,SP02,8,2.0,2.0,2.0,2.0,2.0,2.0,,,
E184,S044,SP02,9,2.0,2.0,2.0,2.0,2.0,2.0,,,
E184,S044,SP02,10,1.0,1.0,1.0,1.0,1.0,1.0,,,
E184,S044,SP02,11,2.0,2.0,2.0,2.0,2.0,2.0,,,
E184,S044,SP02,12,2.0,1.0,1.0,1.0,2.0,2.0,,,
E184,S044,SP02,13,2.0,2.0,2.0,2.0,2.0,2.0,,,
E184,S044,SP02,14,1.0,0.0,1.0,1.0,1.0,1.0,0.5,1.0,1.0
E184,S044,SP02,15,1.0,1.0,1.0,1.0,1.0,1.0,,,
E184,S044,SP02,16,2.0,2.0,2.0,2.0,2.0,2.0,,,
E184,S044,SP02,17,1.0,1.0,1.0,1.0,1.0,1.0,,,
E184,S044,SP02,18,1.0,1.0,1.0,1.0,1.0,1.0,,,
E184,S044,SP02,19,1.0,1.0,1.0,1.0,1.0,1.0,,,
E184,S044,SP02,20,1.0,1.0,1.0,1.0,1.0,1.0,,,
E184,S044,SP02,21,1.0,1.0,1.0,1.0,1.0,1.0,,,
E184,S044,SP02,22,1.0,1.0,1.0,1.0,1.0,1.0,,,
E184,S044,SP02,23,1.0,1.0,1.0,1.0,1.0,1.0,,,
E184,S044,SP02,24,1.0,1.0,1.0,1.0,1.0,1.0,,,
E184,S044,SP02,25,1.0,1.0,1.0,1.0,1.0,1.0,,,
E184,S044,SP02,26,1.0,1.0,1.0,1.0,1.0,1.0,,,
E184,S044,SP02,27,1.0,1.0,1.0,1.0,1.0,1.0,,,
E184,S044,SP02,28,1.0,1.0,1.0,1.0,1.0,1.0,,,
E184,S044,SP02,29,1.0,1.0,1.0,1.0,1.0,1.0,,,
E184,S044,SP02,30,2.0,2.0,2.0,2.0,2.0,2.0,,,
E184,S044,SP02,31,2.0,2.0,2.0,2.0,2.0,2.0,,,
E184,S044,SP02,32,2.0,2.0,2.0,2.0,2.0,2.0,,,
E184,S044,SP02,33,1.0,1.0,1.0,1.0,1.0,1.0,,,
E184,S044,SP02,34,2.0,2.0,2.0,2.0,2.0,2.0,,,
E065,S044,SP03,1,2.0,2.0,2.0,2.0,2.0,2.0,,,
E065,S044,SP03,2,3.0,3.0,3.0,3.0,3.0,3.0,,,
E065,S044,SP03,3,3.0,3.0,3.0,3.0,3.0,3.0,,,
E065,S044,SP03,4,2.0,2.0,2.0,2.0,2.0,2.0,,,
E065,S044,SP03,5,1.0,1.0,1.0,1.0,1.0,1.0,,,
E065,S044,SP03,6,2.0,2.0,2.0,2.0,2.0,2.0,,,
E065,S044,SP03,7,2.0,2.0,2.0,2.0,2.0,2.0,,,
E065,S044,SP03,8,1.0,1.0,1.0,1.0,1.0,1.0,,,
E065,S044,SP03,9,1.0,1.0,1.0,1.0,1.0,1.0,,,
E065,S044,SP03,10,1.0,1.0,1.0,1.0,1.0,1.0,,,
E065,S044,SP03,11,2.0,1.0,2.0,2.0,2.0,2.0,2.0,2.0,2.0
E065,S044,SP03,12,2.0,2.0,2.0,2.0,2.0,2.0,,,
E065,S044,SP03,13,2.0,1.0,2.0,2.0,2.0,2.0,1.0,2.0,2.0
E065,S044,SP03,14,2.0,0.0,0.0,0.0,0.0,2.0,,,
E065,S044,SP03,15,2.0,1.0,2.0,2.0,2.0,2.0,1.0,0.0,1.0
E065,S044,SP03,16,2.0,2.0,2.0,2.0,2.0,2.0,,,
E065,S044,SP03,17,2.0,2.0,2.0,2.0,2.0,2.0,,,
E065,S044,SP03,18,1.0,1.0,1.0,1.0,1.0,1.0,,,
E065,S044,SP03,19,1.0,1.0,1.0,1.0,1.0,1.0,,,
E065,S044,SP03,20,1.0,1.0,1.0,1.0,1.0,1.0,,,
E065,S044,SP03,21,1.0,1.0,1.0,1.0,1.0,1.0,,,
E065,S044,SP03,22,1.0,1.0,1.0,1.0,1.0,1.0,,,
E065,S044,SP03,23,1.0,1.0,1.0,1.0,1.0,1.0,,,
E065,S044,SP03,24,1.0,1.0,1.0,1.0,1.0,1.0,,,
E065,S044,SP03,25,1.0,1.0,1.0,1.0,1.0,1.0,,,
E065,S044,SP03,26,1.0,1.0,1.0,1.0,1.0,1.0,,,
E065,S044,SP03,27,1.0,1.0,1.0,1.0,1.0,1.0,,,
E065,S044,SP03,28,1.0,1.0,1.0,1.0,1.0,1.0,,,
E065,S044,SP03,29,1.0,1.0,1.0,1.0,1.0,1.0,,,
E065,S044,SP03,30,1.0,1.0,1.0,1.0,1.0,1.0,,,
E065,S044,SP03,31,1.0,1.0,1.0,1.0,1.0,1.0,,,
E065,S044,SP03,32,1.0,1.0,1.0,1.0,1.0,1.0,,,
E065,S044,SP03,33,3.0,3.0,3.0,3.0,3.0,3.0,,,
E232,S045,SP01,1,2.0,2.0,2.0,2.0,2.0,2.0,,,
E232,S045,SP01,2,3.0,3.0,3.0,3.0,3.0,3.0,,,
E232,S045,SP01,3,2.0,2.0,2.0,2.0,2.0,2.0,,,
E232,S045,SP01,4,2.0,2.0,0.0,0.0,2.0,2.0,0.0,2.0,0.0
E232,S045,SP01,5,2.0,2.0,2.0,2.0,2.0,2.0,,,
E232,S045,SP01,6,2.0,2.0,2.0,2.0,2.0,2.0,,,
E232,S045,SP01,7,2.0,2.0,2.0,2.0,2.0,2.0,,,
E232,S045,SP01,8,2.0,2.0,2.0,2.0,2.0,2.0,,,
E232,S045,SP01,9,2.0,1.0,0.0,0.0,2.0,2.0,0.5,1.0,0.5
E232,S045,SP01,10,2.0,2.0,2.0,2.0,2.0,2.0,,,
E232,S045,SP01,11,2.0,2.0,1.0,1.0,2.0,2.0,1.0,2.0,1.5
E232,S045,SP01,12,1.0,1.0,1.0,1.0,1.0,1.0,,,
E232,S045,SP01,13,1.0,1.0,1.0,1.0,1.0,1.0,,,
E232,S045,SP01,14,1.0,1.0,1.0,1.0,1.0,1.0,,,
E232,S045,SP01,15,1.0,1.0,1.0,1.0,1.0,1.0,,,
E232,S045,SP01,16,1.0,1.0,1.0,1.0,1.0,1.0,,,
E232,S045,SP01,17,1.0,1.0,1.0,1.0,1.0,1.0,,,
E232,S045,SP01,18,1.0,0.0,0.0,0.0,1.0,0.0,,,
E232,S045,SP01,19,1.0,1.0,1.0,1.0,1.0,1.0,,,
E232,S045,SP01,20,1.0,1.0,1.0,1.0,1.0,1.0,,,
E232,S045,SP01,21,1.0,1.0,1.0,1.0,1.0,1.0,,,
E232,S045,SP01,22,1.0,1.0,1.0,1.0,1.0,1.0,,,
E232,S045,SP01,23,1.0,1.0,1.0,1.0,1.0,1.0,,,
E232,S045,SP01,24,1.0,1.0,1.0,1.0,1.0,1.0,,,
E232,S045,SP01,25,2.0,2.0,2.0,2.0,2.0,2.0,,,
E232,S045,SP01,26,1.0,1.0,1.0,1.0,1.0,1.0,,,
E232,S045,SP01,27,1.0,1.0,1.0,1.0,1.0,1.0,,,
E232,S045,SP01,28,1.0,1.0,1.0,1.0,1.0,1.0,,,
E232,S045,SP01,29,2.0,2.0,2.0,2.0,2.0,2.0,,,
E232,S045,SP01,30,2.0,2.0,2.0,2.0,2.0,2.0,,,
E232,S045,SP01,31,2.0,2.0,2.0,2.0,2.0,2.0,,,
E232,S045,SP01,32,1.0,1.0,1.0,1.0,1.0,1.0,,,
E232,S045,SP01,33,2.0,2.0,2.0,2.0,2.0,2.0,,,
E100,S045,SP02,1,2.0,2.0,2.0,2.0,2.0,2.0,,,
E100,S045,SP02,2,3.0,3.0,3.0,3.0,3.0,3.0,,,
E100,S045,SP02,3,2.0,2.0,2.0,2.0,2.0,2.0,,,
E100,S045,SP02,4,2.0,2.0,2.0,2.0,2.0,2.0,,,
E100,S045,SP02,5,1.0,0.0,1.0,1.0,1.0,1.0,0.0,1.0,0.5
E100,S045,SP02,6,1.0,1.0,1.0,1.0,1.0,1.0,,,
E100,S045,SP02,7,2.0,2.0,2.0,2.0,2.0,2.0,,,
E100,S045,SP02,8,2.0,2.0,2.0,2.0,2.0,2.0,,,
E100,S045,SP02,9,2.0,2.0,2.0,2.0,2.0,2.0,,,
E100,S045,SP02,10,1.0,1.0,1.0,1.0,1.0,1.0,,,
E100,S045,SP02,11,2.0,2.0,2.0,2.0,2.0,2.0,,,
E100,S045,SP02,12,2.0,1.0,1.0,1.0,2.0,2.0,,,
E100,S045,SP02,13,2.0,2.0,2.0,2.0,2.0,2.0,,,
E100,S045,SP02,14,1.0,1.0,1.0,1.0,1.0,1.0,,,
E100,S045,SP02,15,1.0,1.0,1.0,1.0,1.0,1.0,,,
E100,S045,SP02,16,2.0,2.0,2.0,2.0,2.0,2.0,,,
E100,S045,SP02,17,1.0,1.0,1.0,1.0,1.0,1.0,,,
E100,S045,SP02,18,1.0,1.0,1.0,1.0,1.0,1.0,,,
E100,S045,SP02,19,1.0,0.0,0.0,0.0,1.0,1.0,,,
E100,S045,SP02,20,1.0,1.0,1.0,1.0,1.0,1.0,,,
E100,S045,SP02,21,1.0,1.0,1.0,1.0,1.0,1.0,,,
E100,S045,SP02,22,1.0,1.0,1.0,1.0,1.0,1.0,,,
E100,S045,SP02,23,1.0,1.0,1.0,1.0,1.0,1.0,,,
E100,S045,SP02,24,1.0,1.0,1.0,1.0,1.0,1.0,,,
E100,S045,SP02,25,1.0,1.0,1.0,1.0,1.0,1.0,,,
E100,S045,SP02,26,1.0,1.0,1.0,1.0,1.0,1.0,,,
E100,S045,SP02,27,1.0,1.0,1.0,1.0,1.0,1.0,,,
E100,S045,SP02,28,1.0,1.0,1.0,1.0,1.0,1.0,,,
E100,S045,SP02,29,1.0,1.0,1.0,1.0,1.0,1.0,,,
E100,S045,SP02,30,2.0,2.0,2.0,2.0,2.0,2.0,,,
E100,S045,SP02,31,2.0,2.0,2.0,2.0,2.0,2.0,,,
E100,S045,SP02,32,2.0,2.0,2.0,2.0,1.0,2.0,,,
E100,S045,SP02,33,1.0,1.0,1.0,1.0,1.0,1.0,,,
E100,S045,SP02,34,2.0,2.0,2.0,2.0,2.0,2.0,,,
E050,S045,SP03,1,2.0,2.0,2.0,2.0,2.0,2.0,,,
E050,S045,SP03,2,3.0,3.0,3.0,3.0,3.0,3.0,,,
E050,S045,SP03,3,3.0,3.0,3.0,3.0,3.0,3.0,,,
E050,S045,SP03,4,2.0,2.0,2.0,2.0,2.0,2.0,,,
E050,S045,SP03,5,1.0,1.0,1.0,1.0,1.0,1.0,,,
E050,S045,SP03,6,2.0,2.0,2.0,2.0,2.0,2.0,,,
E050,S045,SP03,7,2.0,2.0,2.0,2.0,2.0,2.0,,,
E050,S045,SP03,8,1.0,1.0,1.0,1.0,1.0,1.0,,,
E050,S045,SP03,9,1.0,1.0,1.0,1.0,1.0,1.0,,,
E050,S045,SP03,10,1.0,1.0,1.0,1.0,1.0,1.0,,,
E050,S045,SP03,11,2.0,2.0,2.0,2.0,2.0,2.0,,,
E050,S045,SP03,12,2.0,2.0,2.0,2.0,2.0,2.0,,,
E050,S045,SP03,13,2.0,0.0,2.0,2.0,2.0,2.0,1.0,2.0,2.0
E050,S045,SP03,14,2.0,2.0,2.0,2.0,2.0,2.0,,,
E050,S045,SP03,15,2.0,2.0,2.0,2.0,2.0,2.0,,,
E050,S045,SP03,16,2.0,2.0,2.0,2.0,2.0,2.0,,,
E050,S045,SP03,17,2.0,2.0,2.0,2.0,2.0,2.0,,,
E050,S045,SP03,18,1.0,1.0,1.0,1.0,1.0,1.0,,,
E050,S045,SP03,19,1.0,1.0,1.0,1.0,1.0,1.0,,,
E050,S045,SP03,20,1.0,1.0,1.0,1.0,1.0,1.0,,,
E050,S045,SP03,21,1.0,1.0,1.0,1.0,1.0,1.0,,,
E050,S045,SP03,22,1.0,1.0,1.0,1.0,1.0,1.0,,,
E050,S045,SP03,23,1.0,1.0,1.0,1.0,1.0,1.0,,,
E050,S045,SP03,24,1.0,1.0,1.0,1.0,1.0,1.0,,,
E050,S045,SP03,25,1.0,1.0,1.0,1.0,1.0,1.0,,,
E050,S045,SP03,26,1.0,1.0,1.0,1.0,1.0,1.0,,,
E050,S045,SP03,27,1.0,1.0,1.0,1.0,1.0,1.0,,,
E050,S045,SP03,28,1.0,1.0,1.0,1.0,1.0,1.0,,,
E050,S045,SP03,29,1.0,1.0,1.0,1.0,1.0,1.0,,,
E050,S045,SP03,30,1.0,1.0,1.0,1.0,1.0,1.0,,,
E050,S045,SP03,31,1.0,1.0,1.0,1.0,1.0,1.0,,,
E050,S045,SP03,32,1.0,1.0,1.0,1.0,1.0,1.0,,,
E050,S045,SP03,33,3.0,3.0,3.0,3.0,3.0,3.0,,,
E177,S046,SP01,1,2.0,2.0,2.0,2.0,2.0,2.0,,,
E177,S046,SP01,2,3.0,3.0,3.0,3.0,3.0,3.0,,,
E177,S046,SP01,3,2.0,2.0,2.0,2.0,2.0,2.0,,,
E177,S046,SP01,4,2.0,2.0,2.0,2.0,2.0,2.0,,,
E177,S046,SP01,5,2.0,2.0,2.0,2.0,2.0,2.0,,,
E177,S046,SP01,6,2.0,2.0,2.0,2.0,2.0,2.0,,,
E177,S046,SP01,7,2.0,2.0,2.0,2.0,2.0,2.0,,,
E177,S046,SP01,8,2.0,2.0,2.0,2.0,2.0,2.0,,,
E177,S046,SP01,9,2.0,0.0,0.0,0.0,2.0,2.0,,,
E177,S046,SP01,10,2.0,0.0,1.0,1.0,2.0,2.0,1.0,2.0,0.5
E177,S046,SP01,11,2.0,0.0,0.0,0.0,2.0,2.0,,,
E177,S046,SP01,12,1.0,1.0,1.0,1.0,1.0,1.0,,,
E177,S046,SP01,13,1.0,1.0,1.0,1.0,1.0,1.0,,,
E177,S046,SP01,14,1.0,1.0,1.0,1.0,1.0,1.0,,,
E177,S046,SP01,15,1.0,1.0,1.0,1.0,1.0,1.0,,,
E177,S046,SP01,16,1.0,1.0,1.0,1.0,1.0,1.0,,,
E177,S046,SP01,17,1.0,1.0,1.0,1.0,1.0,1.0,,,
E177,S046,SP01,18,1.0,1.0,0.0,0.0,1.0,1.0,0.0,1.0,0.0
E177,S046,SP01,19,1.0,1.0,1.0,1.0,1.0,1.0,,,
E177,S046,SP01,20,1.0,1.0,1.0,1.0,1.0,1.0,,,
E177,S046,SP01,21,1.0,1.0,1.0,1.0,1.0,1.0,,,
E177,S046,SP01,22,1.0,1.0,1.0,1.0,1.0,1.0,,,
E177,S046,SP01,23,1.0,1.0,1.0,1.0,1.0,1.0,,,
E177,S046,SP01,24,1.0,1.0,1.0,1.0,1.0,1.0,,,
E177,S046,SP01,25,2.0,1.0,2.0,2.0,2.0,2.0,2.0,2.0,2.0
E177,S046,SP01,26,1.0,1.0,1.0,1.0,1.0,1.0,,,
E177,S046,SP01,27,1.0,1.0,1.0,1.0,1.0,1.0,,,
E177,S046,SP01,28,1.0,1.0,1.0,1.0,1.0,1.0,,,
E177,S046,SP01,29,2.0,2.0,2.0,2.0,2.0,2.0,,,
E177,S046,SP01,30,2.0,2.0,2.0,2.0,2.0,2.0,,,
E177,S046,SP01,31,2.0,2.0,2.0,2.0,2.0,2.0,,,
E177,S046,SP01,32,1.0,1.0,2.0,1.0,1.0,1.0,0.0,1.0,1.0
E177,S046,SP01,33,2.0,2.0,2.0,2.0,2.0,2.0,,,
E134,S046,SP02,1,2.0,2.0,2.0,2.0,2.0,2.0,,,
E134,S046,SP02,2,3.0,3.0,3.0,3.0,3.0,3.0,,,
E134,S046,SP02,3,2.0,2.0,2.0,2.0,2.0,2.0,,,
E134,S046,SP02,4,2.0,2.0,2.0,2.0,2.0,2.0,,,
E134,S046,SP02,5,1.0,1.0,1.0,1.0,1.0,1.0,,,
E134,S046,SP02,6,1.0,1.0,1.0,1.0,1.0,1.0,,,
E134,S046,SP02,7,2.0,2.0,2.0,2.0,2.0,2.0,,,
E134,S046,SP02,8,2.0,2.0,2.0,2.0,2.0,2.0,,,
E134,S046,SP02,9,2.0,1.0,2.0,2.0,2.0,2.0,0.0,1.0,1.0
E134,S046,SP02,10,1.0,1.0,0.0,0.0,1.0,1.0,0.0,0.0,0.0
E134,S046,SP02,11,2.0,2.0,2.0,2.0,2.0,2.0,,,
E134,S046,SP02,12,2.0,2.0,1.0,1.0,2.0,2.0,1.0,1.0,1.0
E134,S046,SP02,13,2.0,0.0,0.0,0.0,0.0,2.0,,,
E134,S046,SP02,14,1.0,0.0,0.0,0.0,0.0,1.0,,,
E134,S046,SP02,15,1.0,1.0,1.0,1.0,1.0,1.0,,,
E134,S046,SP02,16,2.0,2.0,1.0,1.0,2.0,2.0,1.0,1.0,1.0
E134,S046,SP02,17,1.0,1.0,1.0,1.0,1.0,1.0,,,
E134,S046,SP02,18,1.0,1.0,0.0,0.0,0.0,1.0,0.0,0.0,0.0
E134,S046,SP02,19,1.0,1.0,1.0,1.0,1.0,1.0,,,
E134,S046,SP02,20,1.0,1.0,1.0,1.0,1.0,1.0,,,
E134,S046,SP02,21,1.0,1.0,1.0,1.0,1.0,1.0,,,
E134,S046,SP02,22,1.0,1.0,1.0,1.0,1.0,1.0,,,
E134,S046,SP02,23,1.0,1.0,1.0,1.0,1.0,1.0,,,
E134,S046,SP02,24,1.0,1.0,1.0,1.0,1.0,1.0,,,
E134,S046,SP02,25,1.0,1.0,1.0,1.0,1.0,1.0,,,
E134,S046,SP02,26,1.0,1.0,1.0,1.0,1.0,1.0,,,
E134,S046,SP02,27,1.0,1.0,1.0,1.0,1.0,1.0,,,
E134,S046,SP02,28,1.0,1.0,1.0,1.0,1.0,1.0,,,
E134,S046,SP02,29,1.0,1.0,1.0,1.0,1.0,1.0,,,
E134,S046,SP02,30,2.0,2.0,2.0,2.0,2.0,2.0,,,
E134,S046,SP02,31,2.0,2.0,2.0,2.0,2.0,2.0,,,
E134,S046,SP02,32,2.0,2.0,1.0,1.0,2.0,2.0,0.0,1.0,2.0
E134,S046,SP02,33,1.0,1.0,0.0,0.0,1.0,1.0,0.0,0.0,1.0
E134,S046,SP02,34,2.0,2.0,2.0,2.0,2.0,2.0,,,
E125,S046,SP03,1,2.0,2.0,2.0,2.0,2.0,2.0,,,
E125,S046,SP03,2,3.0,3.0,3.0,3.0,3.0,3.0,,,
E125,S046,SP03,3,3.0,3.0,3.0,3.0,3.0,3.0,,,
E125,S046,SP03,4,2.0,1.0,2.0,2.0,2.0,2.0,2.0,2.0,2.0
E125,S046,SP03,5,1.0,1.0,1.0,1.0,1.0,1.0,,,
E125,S046,SP03,6,2.0,2.0,2.0,2.0,2.0,2.0,,,
E125,S046,SP03,7,2.0,2.0,2.0,2.0,2.0,2.0,,,
E125,S046,SP03,8,1.0,1.0,1.0,1.0,1.0,1.0,,,
E125,S046,SP03,9,1.0,1.0,1.0,1.0,1.0,1.0,,,
E125,S046,SP03,10,1.0,1.0,1.0,1.0,1.0,1.0,,,
E125,S046,SP03,11,2.0,2.0,2.0,2.0,2.0,2.0,,,
E125,S046,SP03,12,2.0,2.0,2.0,2.0,2.0,2.0,,,
E125,S046,SP03,13,2.0,2.0,1.0,1.0,2.0,2.0,0.0,2.0,2.0
E125,S046,SP03,14,2.0,1.0,1.0,1.0,2.0,2.0,,,
E125,S046,SP03,15,2.0,1.0,0.0,0.0,2.0,2.0,0.0,0.0,0.0
E125,S046,SP03,16,2.0,2.0,1.0,1.0,2.0,2.0,2.0,2.0,2.0
E125,S046,SP03,17,2.0,2.0,2.0,2.0,2.0,2.0,,,
E125,S046,SP03,18,1.0,1.0,1.0,1.0,1.0,1.0,,,
E125,S046,SP03,19,1.0,1.0,1.0,1.0,1.0,1.0,,,
E125,S046,SP03,20,1.0,1.0,1.0,1.0,1.0,1.0,,,
E125,S046,SP03,21,1.0,1.0,1.0,1.0,1.0,1.0,,,
E125,S046,SP03,22,1.0,1.0,1.0,1.0,1.0,1.0,,,
E125,S046,SP03,23,1.0,1.0,1.0,1.0,1.0,1.0,,,
E125,S046,SP03,24,1.0,1.0,1.0,1.0,1.0,1.0,,,
E125,S046,SP03,25,1.0,1.0,1.0,1.0,1.0,1.0,,,
E125,S046,SP03,26,1.0,1.0,1.0,1.0,1.0,1.0,,,
E125,S046,SP03,27,1.0,1.0,1.0,1.0,1.0,1.0,,,
E125,S046,SP03,28,1.0,1.0,1.0,1.0,1.0,1.0,,,
E125,S046,SP03,29,1.0,1.0,1.0,1.0,1.0,1.0,,,
E125,S046,SP03,30,1.0,1.0,1.0,1.0,1.0,1.0,,,
E125,S046,SP03,31,1.0,1.0,1.0,1.0,1.0,1.0,,,
E125,S046,SP03,32,1.0,1.0,1.0,1.0,1.0,1.0,,,
E125,S046,SP03,33,3.0,2.0,3.0,3.0,3.0,3.0,0.0,3.0,3.0
E186,S047,SP01,1,2.0,2.0,2.0,2.0,2.0,2.0,,,
E186,S047,SP01,2,3.0,3.0,3.0,3.0,3.0,3.0,,,
E186,S047,SP01,3,2.0,2.0,2.0,2.0,2.0,2.0,,,
E186,S047,SP01,4,2.0,2.0,2.0,2.0,2.0,2.0,,,
E186,S047,SP01,5,2.0,2.0,2.0,2.0,2.0,2.0,,,
E186,S047,SP01,6,2.0,0.0,0.0,0.0,0.0,0.0,,,
E186,S047,SP01,7,2.0,0.0,2.0,2.0,0.0,2.0,0.0,0.0,0.0
E186,S047,SP01,8,2.0,2.0,2.0,2.0,2.0,2.0,,,
E186,S047,SP01,9,2.0,0.0,0.0,0.0,0.0,2.0,,,
E186,S047,SP01,10,2.0,1.0,2.0,2.0,2.0,2.0,1.5,2.0,1.0
E186,S047,SP01,11,2.0,2.0,1.0,1.0,2.0,2.0,1.5,2.0,1.5
E186,S047,SP01,12,1.0,1.0,1.0,1.0,1.0,1.0,,,
E186,S047,SP01,13,1.0,1.0,1.0,1.0,1.0,1.0,,,
E186,S047,SP01,14,1.0,1.0,1.0,1.0,1.0,1.0,,,
E186,S047,SP01,15,1.0,1.0,1.0,1.0,1.0,1.0,,,
E186,S047,SP01,16,1.0,1.0,1.0,1.0,1.0,1.0,,,
E186,S047,SP01,17,1.0,1.0,1.0,1.0,1.0,1.0,,,
E186,S047,SP01,18,1.0,1.0,0.0,0.0,0.0,0.0,0.0,0.0,0.0
E186,S047,SP01,19,1.0,1.0,1.0,1.0,1.0,1.0,,,
E186,S047,SP01,20,1.0,1.0,1.0,1.0,1.0,1.0,,,
E186,S047,SP01,21,1.0,1.0,1.0,1.0,1.0,1.0,,,
E186,S047,SP01,22,1.0,1.0,1.0,1.0,1.0,1.0,,,
E186,S047,SP01,23,1.0,1.0,1.0,1.0,1.0,1.0,,,
E186,S047,SP01,24,1.0,1.0,1.0,1.0,1.0,1.0,,,
E186,S047,SP01,25,2.0,2.0,2.0,2.0,2.0,2.0,,,
E186,S047,SP01,26,1.0,1.0,1.0,1.0,1.0,1.0,,,
E186,S047,SP01,27,1.0,1.0,1.0,1.0,1.0,1.0,,,
E186,S047,SP01,28,1.0,1.0,1.0,1.0,1.0,1.0,,,
E186,S047,SP01,29,2.0,2.0,2.0,2.0,2.0,2.0,,,
E186,S047,SP01,30,2.0,2.0,2.0,2.0,2.0,2.0,,,
E186,S047,SP01,31,2.0,2.0,2.0,2.0,2.0,2.0,,,
E186,S047,SP01,32,1.0,1.0,1.0,1.0,1.0,1.0,,,
E186,S047,SP01,33,2.0,2.0,2.0,2.0,2.0,2.0,,,
E218,S047,SP02,1,2.0,2.0,2.0,2.0,2.0,2.0,,,
E218,S047,SP02,2,3.0,3.0,3.0,3.0,3.0,3.0,,,
E218,S047,SP02,3,2.0,2.0,2.0,2.0,2.0,2.0,,,
E218,S047,SP02,4,2.0,2.0,2.0,2.0,2.0,2.0,,,
E218,S047,SP02,5,1.0,1.0,1.0,1.0,1.0,1.0,,,
E218,S047,SP02,6,1.0,1.0,0.0,0.0,1.0,1.0,0.0,1.0,1.0
E218,S047,SP02,7,2.0,2.0,2.0,2.0,2.0,2.0,,,
E218,S047,SP02,8,2.0,1.0,2.0,2.0,2.0,2.0,2.0,2.0,2.0
E218,S047,SP02,9,2.0,2.0,2.0,2.0,2.0,2.0,,,
E218,S047,SP02,10,1.0,1.0,1.0,1.0,1.0,1.0,,,
E218,S047,SP02,11,2.0,2.0,2.0,2.0,2.0,2.0,,,
E218,S047,SP02,12,2.0,1.0,1.0,1.0,2.0,2.0,,,
E218,S047,SP02,13,2.0,1.0,0.0,0.0,2.0,2.0,0.0,0.0,0.0
E218,S047,SP02,14,1.0,1.0,1.0,1.0,1.0,1.0,,,
E218,S047,SP02,15,1.0,1.0,1.0,1.0,1.0,1.0,,,
E218,S047,SP02,16,2.0,2.0,2.0,2.0,2.0,2.0,,,
E218,S047,SP02,17,1.0,1.0,1.0,1.0,1.0,1.0,,,
E218,S047,SP02,18,1.0,1.0,1.0,1.0,1.0,1.0,,,
E218,S047,SP02,19,1.0,1.0,1.0,1.0,1.0,1.0,,,
E218,S047,SP02,20,1.0,1.0,1.0,1.0,1.0,1.0,,,
E218,S047,SP02,21,1.0,1.0,1.0,1.0,1.0,1.0,,,
E218,S047,SP02,22,1.0,1.0,1.0,1.0,1.0,1.0,,,
E218,S047,SP02,23,1.0,1.0,1.0,1.0,1.0,1.0,,,
E218,S047,SP02,24,1.0,1.0,1.0,1.0,1.0,1.0,,,
E218,S047,SP02,25,1.0,1.0,1.0,1.0,1.0,1.0,,,
E218,S047,SP02,26,1.0,1.0,1.0,1.0,1.0,1.0,,,
E218,S047,SP02,27,1.0,1.0,1.0,1.0,1.0,1.0,,,
E218,S047,SP02,28,1.0,1.0,1.0,1.0,1.0,1.0,,,
E218,S047,SP02,29,1.0,1.0,1.0,1.0,1.0,1.0,,,
E218,S047,SP02,30,2.0,2.0,2.0,2.0,2.0,2.0,,,
E218,S047,SP02,31,2.0,2.0,2.0,2.0,2.0,2.0,,,
E218,S047,SP02,32,2.0,2.0,2.0,2.0,2.0,2.0,,,
E218,S047,SP02,33,1.0,1.0,1.0,1.0,1.0,1.0,,,
E218,S047,SP02,34,2.0,2.0,2.0,2.0,2.0,2.0,,,
E039,S047,SP03,1,2.0,2.0,2.0,2.0,2.0,2.0,,,
E039,S047,SP03,2,3.0,2.0,3.0,3.0,3.0,3.0,1.0,3.0,2.0
E039,S047,SP03,3,3.0,3.0,3.0,3.0,3.0,3.0,,,
E039,S047,SP03,4,2.0,2.0,2.0,2.0,2.0,2.0,,,
E039,S047,SP03,5,1.0,1.0,1.0,1.0,1.0,1.0,,,
E039,S047,SP03,6,2.0,2.0,2.0,2.0,2.0,2.0,,,
E039,S047,SP03,7,2.0,2.0,2.0,2.0,2.0,2.0,,,
E039,S047,SP03,8,1.0,1.0,1.0,1.0,1.0,1.0,,,
E039,S047,SP03,9,1.0,1.0,1.0,1.0,1.0,1.0,,,
E039,S047,SP03,10,1.0,1.0,1.0,1.0,1.0,1.0,,,
E039,S047,SP03,11,2.0,2.0,2.0,2.0,2.0,2.0,,,
E039,S047,SP03,12,2.0,2.0,2.0,2.0,2.0,2.0,,,
E039,S047,SP03,13,2.0,1.0,1.0,1.0,2.0,2.0,,,
E039,S047,SP03,14,2.0,2.0,1.0,1.0,2.0,0.0,0.0,1.0,1.0
E039,S047,SP03,15,2.0,1.0,0.0,0.0,2.0,2.0,0.0,0.0,0.0
E039,S047,SP03,16,2.0,2.0,1.0,1.0,2.0,2.0,1.0,1.0,1.0
E039,S047,SP03,17,2.0,2.0,2.0,2.0,2.0,2.0,,,
E039,S047,SP03,18,1.0,0.0,0.0,0.0,1.0,1.0,,,
E039,S047,SP03,19,1.0,1.0,1.0,1.0,1.0,1.0,,,
E039,S047,SP03,20,1.0,1.0,1.0,1.0,1.0,1.0,,,
E039,S047,SP03,21,1.0,1.0,1.0,1.0,1.0,1.0,,,
E039,S047,SP03,22,1.0,1.0,1.0,1.0,1.0,1.0,,,
E039,S047,SP03,23,1.0,1.0,1.0,1.0,1.0,1.0,,,
E039,S047,SP03,24,1.0,1.0,1.0,1.0,1.0,1.0,,,
E039,S047,SP03,25,1.0,1.0,1.0,1.0,1.0,1.0,,,
E039,S047,SP03,26,1.0,1.0,1.0,1.0,1.0,1.0,,,
E039,S047,SP03,27,1.0,1.0,1.0,1.0,1.0,1.0,,,
E039,S047,SP03,28,1.0,1.0,1.0,1.0,1.0,1.0,,,
E039,S047,SP03,29,1.0,1.0,1.0,1.0,1.0,1.0,,,
E039,S047,SP03,30,1.0,1.0,1.0,1.0,1.0,0.0,,,
E039,S047,SP03,31,1.0,1.0,1.0,1.0,1.0,1.0,,,
E039,S047,SP03,32,1.0,1.0,1.0,1.0,1.0,1.0,,,
E039,S047,SP03,33,3.0,3.0,3.0,3.0,3.0,3.0,,,
E108,S048,SP05,1,2.0,2.0,2.0,2.0,2.0,2.0,,,
E108,S048,SP05,2,3.0,3.0,3.0,3.0,3.0,3.0,,,
E108,S048,SP05,3,3.0,3.0,3.0,3.0,3.0,3.0,,,
E108,S048,SP05,4,2.0,2.0,2.0,2.0,2.0,2.0,,,
E108,S048,SP05,5,1.0,1.0,1.0,1.0,1.0,1.0,,,
E108,S048,SP05,6,1.0,1.0,1.0,1.0,1.0,1.0,,,
E108,S048,SP05,7,1.0,1.0,1.0,1.0,1.0,1.0,,,
E108,S048,SP05,8,1.0,1.0,1.0,1.0,1.0,1.0,,,
E108,S048,SP05,9,1.0,1.0,1.0,1.0,1.0,1.0,,,
E108,S048,SP05,10,1.0,1.0,1.0,1.0,1.0,1.0,,,
E108,S048,SP05,11,1.0,1.0,1.0,1.0,1.0,1.0,,,
E108,S048,SP05,12,1.0,1.0,1.0,1.0,1.0,1.0,,,
E108,S048,SP05,13,1.0,1.0,1.0,1.0,1.0,1.0,,,
E108,S048,SP05,14,1.0,0.0,1.0,1.0,1.0,1.0,0.0,0.0,0.0
E108,S048,SP05,15,1.0,1.0,1.0,1.0,1.0,1.0,,,
E108,S048,SP05,16,1.0,0.0,0.0,0.0,0.0,0.0,,,
E108,S048,SP05,17,1.0,1.0,1.0,1.0,1.0,1.0,,,
E108,S048,SP05,18,1.0,1.0,1.0,1.0,1.0,1.0,,,
E108,S048,SP05,19,1.0,1.0,1.0,1.0,1.0,1.0,,,
E108,S048,SP05,20,1.0,1.0,1.0,1.0,1.0,1.0,,,
E108,S048,SP05,21,1.0,1.0,1.0,1.0,1.0,1.0,,,
E108,S048,SP05,22,1.0,0.0,0.0,0.0,1.0,0.0,,,
E108,S048,SP05,23,1.0,1.0,1.0,1.0,1.0,1.0,,,
E108,S048,SP05,24,1.0,1.0,1.0,1.0,1.0,1.0,,,
E108,S048,SP05,25,1.0,1.0,1.0,1.0,1.0,1.0,,,
E108,S048,SP05,26,1.0,1.0,1.0,1.0,1.0,1.0,,,
E108,S048,SP05,27,1.0,1.0,0.0,0.0,0.0,0.0,0.0,0.0,0.0
E108,S048,SP05,28,1.0,1.0,1.0,1.0,1.0,1.0,,,
E108,S048,SP05,29,1.0,1.0,1.0,1.0,1.0,1.0,,,
E108,S048,SP05,30,1.0,1.0,1.0,1.0,1.0,1.0,,,
E108,S048,SP05,31,1.0,1.0,1.0,1.0,1.0,1.0,,,
E108,S048,SP05,32,1.0,1.0,1.0,1.0,1.0,1.0,,,
E108,S048,SP05,33,2.0,2.0,2.0,2.0,2.0,2.0,,,
E108,S048,SP05,34,1.0,1.0,1.0,1.0,1.0,1.0,,,
E108,S048,SP05,35,1.0,1.0,1.0,1.0,1.0,1.0,,,
E108,S048,SP05,36,1.0,1.0,1.0,1.0,1.0,1.0,,,
E108,S048,SP05,37,1.0,1.0,1.0,1.0,1.0,1.0,,,
E108,S048,SP05,38,2.0,2.0,2.0,2.0,2.0,2.0,,,
E108,S048,SP05,39,2.0,2.0,2.0,2.0,1.0,1.0,,,
E108,S048,SP05,40,2.0,2.0,2.0,2.0,2.0,2.0,,,
E180,S048,SP06,1,2.0,2.0,2.0,2.0,2.0,2.0,,,
E180,S048,SP06,2,4.0,4.0,4.0,4.0,4.0,4.0,,,
E180,S048,SP06,3,3.0,3.0,3.0,3.0,3.0,3.0,,,
E180,S048,SP06,4,2.0,2.0,2.0,2.0,2.0,2.0,,,
E180,S048,SP06,5,2.0,2.0,2.0,2.0,2.0,2.0,,,
E180,S048,SP06,6,2.0,2.0,2.0,2.0,2.0,2.0,,,
E180,S048,SP06,7,1.0,0.0,0.0,0.0,1.0,1.0,,,
E180,S048,SP06,8,1.0,1.0,1.0,1.0,1.0,1.0,,,
E180,S048,SP06,9,2.0,2.0,0.0,0.0,2.0,2.0,0.0,0.0,0.0
E180,S048,SP06,10,2.0,2.0,2.0,2.0,2.0,2.0,,,
E180,S048,SP06,11,2.0,0.0,2.0,2.0,2.0,2.0,1.0,2.0,2.0
E180,S048,SP06,12,1.0,1.0,1.0,1.0,1.0,1.0,,,
E180,S048,SP06,13,1.0,0.0,0.0,0.0,1.0,1.0,,,
E180,S048,SP06,14,1.0,1.0,1.0,1.0,1.0,1.0,,,
E180,S048,SP06,15,1.0,0.0,1.0,1.0,1.0,1.0,0.0,1.0,0.5
E180,S048,SP06,16,1.0,1.0,1.0,1.0,1.0,1.0,,,
E180,S048,SP06,17,1.0,1.0,1.0,1.0,1.0,1.0,,,
E180,S048,SP06,18,1.0,1.0,1.0,1.0,1.0,1.0,,,
E180,S048,SP06,19,1.0,1.0,1.0,1.0,1.0,1.0,,,
E180,S048,SP06,20,1.0,1.0,1.0,1.0,1.0,1.0,,,
E180,S048,SP06,21,1.0,1.0,1.0,1.0,1.0,1.0,,,
E180,S048,SP06,22,1.0,1.0,1.0,1.0,1.0,1.0,,,
E180,S048,SP06,23,1.0,1.0,1.0,1.0,1.0,1.0,,,
E180,S048,SP06,24,1.0,1.0,1.0,1.0,1.0,1.0,,,
E180,S048,SP06,25,1.0,1.0,1.0,1.0,1.0,1.0,,,
E180,S048,SP06,26,1.0,1.0,0.0,0.0,1.0,1.0,1.0,1.0,1.0
E180,S048,SP06,27,1.0,1.0,0.0,0.0,1.0,0.0,0.0,0.0,1.0
E180,S048,SP06,28,1.0,1.0,1.0,1.0,1.0,1.0,,,
E180,S048,SP06,29,1.0,1.0,1.0,1.0,1.0,1.0,,,
E180,S048,SP06,30,1.0,1.0,1.0,1.0,1.0,1.0,,,
E180,S048,SP06,31,1.0,1.0,1.0,1.0,1.0,1.0,,,
E180,S048,SP06,32,1.0,1.0,1.0,1.0,1.0,1.0,,,
E180,S048,SP06,33,1.0,1.0,1.0,1.0,1.0,1.0,,,
E180,S048,SP06,34,2.0,2.0,2.0,2.0,2.0,2.0,,,
E180,S048,SP06,35,1.0,1.0,1.0,1.0,1.0,1.0,,,
E180,S048,SP06,36,2.0,2.0,2.0,2.0,2.0,2.0,,,
E007,S049,SP04,1,2.0,2.0,2.0,2.0,2.0,2.0,,,
E007,S049,SP04,2,3.0,3.0,3.0,3.0,3.0,3.0,,,
E007,S049,SP04,3,3.0,3.0,3.0,3.0,3.0,3.0,,,
E007,S049,SP04,4,2.0,2.0,2.0,2.0,2.0,2.0,,,
E007,S049,SP04,5,1.0,1.0,1.0,1.0,1.0,1.0,,,
E007,S049,SP04,6,1.0,1.0,1.0,1.0,1.0,1.0,,,
E007,S049,SP04,7,2.0,2.0,2.0,2.0,2.0,2.0,,,
E007,S049,SP04,8,1.0,1.0,1.0,1.0,1.0,1.0,,,
E007,S049,SP04,9,1.0,1.0,1.0,1.0,1.0,1.0,,,
E007,S049,SP04,10,1.0,1.0,1.0,1.0,1.0,1.0,,,
E007,S049,SP04,11,1.0,1.0,1.0,1.0,1.0,1.0,,,
E007,S049,SP04,12,1.0,1.0,1.0,1.0,0.0,1.0,,,
E007,S049,SP04,13,1.0,1.0,1.0,1.0,1.0,1.0,,,
E007,S049,SP04,14,1.0,0.0,1.0,1.0,1.0,1.0,0.0,0.0,0.0
E007,S049,SP04,15,1.0,1.0,1.0,1.0,1.0,1.0,,,
E007,S049,SP04,16,1.0,0.0,0.0,0.0,0.0,0.0,,,
E007,S049,SP04,17,1.0,1.0,1.0,1.0,1.0,1.0,,,
E007,S049,SP04,18,1.0,1.0,1.0,1.0,1.0,1.0,,,
E007,S049,SP04,19,1.0,0.5,1.0,1.0,1.0,1.0,0.0,1.0,1.0
E007,S049,SP04,20,1.0,1.0,1.0,1.0,1.0,1.0,,,
E007,S049,SP04,21,2.0,2.0,2.0,2.0,2.0,2.0,,,
E007,S049,SP04,22,1.0,1.0,1.0,1.0,1.0,1.0,,,
E007,S049,SP04,23,1.0,1.0,1.0,1.0,1.0,1.0,,,
E007,S049,SP04,24,1.0,1.0,1.0,1.0,1.0,1.0,,,
E007,S049,SP04,25,1.0,1.0,1.0,1.0,1.0,1.0,,,
E007,S049,SP04,26,1.0,1.0,1.0,1.0,1.0,1.0,,,
E007,S049,SP04,27,1.0,1.0,1.0,1.0,1.0,1.0,,,
E007,S049,SP04,28,1.0,1.0,1.0,1.0,1.0,0.0,,,
E007,S049,SP04,29,1.0,1.0,1.0,1.0,1.0,1.0,,,
E007,S049,SP04,30,2.0,2.0,2.0,2.0,2.0,2.0,,,
E007,S049,SP04,31,1.0,1.0,1.0,1.0,1.0,1.0,,,
E007,S049,SP04,32,1.0,1.0,1.0,1.0,1.0,1.0,,,
E007,S049,SP04,33,1.0,1.0,1.0,1.0,1.0,1.0,,,
E007,S049,SP04,34,1.0,1.0,1.0,1.0,1.0,1.0,,,
E007,S049,SP04,35,1.0,1.0,1.0,1.0,1.0,1.0,,,
E007,S049,SP04,36,2.0,2.0,2.0,2.0,2.0,2.0,,,
E007,S049,SP04,37,1.0,1.0,1.0,1.0,1.0,1.0,,,
E007,S049,SP04,38,1.0,1.0,1.0,1.0,1.0,1.0,,,
E007,S049,SP04,39,2.0,2.0,2.0,2.0,2.0,2.0,,,
E028,S049,SP06,1,2.0,2.0,2.0,2.0,2.0,2.0,,,
E028,S049,SP06,2,4.0,4.0,4.0,4.0,4.0,4.0,,,
E028,S049,SP06,3,3.0,3.0,3.0,3.0,3.0,3.0,,,
E028,S049,SP06,4,2.0,2.0,2.0,2.0,2.0,2.0,,,
E028,S049,SP06,5,2.0,2.0,2.0,2.0,2.0,2.0,,,
E028,S049,SP06,6,2.0,2.0,2.0,2.0,2.0,2.0,,,
E028,S049,SP06,7,1.0,1.0,1.0,1.0,1.0,1.0,,,
E028,S049,SP06,8,1.0,1.0,1.0,1.0,1.0,1.0,,,
E028,S049,SP06,9,2.0,0.0,2.0,2.0,2.0,2.0,2.0,0.0,2.0
E028,S049,SP06,10,2.0,2.0,2.0,2.0,2.0,2.0,,,
E028,S049,SP06,11,2.0,0.0,2.0,2.0,2.0,2.0,0.0,2.0,2.0
E028,S049,SP06,12,1.0,1.0,1.0,1.0,1.0,1.0,,,
E028,S049,SP06,13,1.0,1.0,1.0,1.0,1.0,1.0,,,
E028,S049,SP06,14,1.0,0.0,1.0,1.0,1.0,1.0,1.0,1.0,1.0
E028,S049,SP06,15,1.0,0.0,0.0,0.0,1.0,0.0,,,
E028,S049,SP06,16,1.0,0.0,0.0,0.0,1.0,1.0,,,
E028,S049,SP06,17,1.0,1.0,1.0,1.0,1.0,1.0,,,
E028,S049,SP06,18,1.0,1.0,1.0,1.0,1.0,1.0,,,
E028,S049,SP06,19,1.0,1.0,1.0,1.0,1.0,1.0,,,
E028,S049,SP06,20,1.0,1.0,1.0,1.0,1.0,1.0,,,
E028,S049,SP06,21,1.0,1.0,1.0,1.0,1.0,1.0,,,
E028,S049,SP06,22,1.0,1.0,1.0,1.0,1.0,1.0,,,
E028,S049,SP06,23,1.0,1.0,1.0,1.0,1.0,1.0,,,
E028,S049,SP06,24,1.0,1.0,1.0,1.0,1.0,1.0,,,
E028,S049,SP06,25,1.0,1.0,1.0,1.0,1.0,1.0,,,
E028,S049,SP06,26,1.0,1.0,1.0,1.0,1.0,1.0,,,
E028,S049,SP06,27,1.0,1.0,1.0,1.0,1.0,1.0,,,
E028,S049,SP06,28,1.0,1.0,1.0,1.0,1.0,1.0,,,
E028,S049,SP06,29,1.0,1.0,1.0,1.0,1.0,1.0,,,
E028,S049,SP06,30,1.0,1.0,1.0,1.0,1.0,1.0,,,
E028,S049,SP06,31,1.0,1.0,1.0,1.0,1.0,1.0,,,
E028,S049,SP06,32,1.0,1.0,0.0,0.0,1.0,0.0,0.0,0.0,0.0
E028,S049,SP06,33,1.0,1.0,1.0,1.0,1.0,1.0,,,
E028,S049,SP06,34,2.0,2.0,2.0,2.0,2.0,2.0,,,
E028,S049,SP06,35,1.0,1.0,1.0,1.0,1.0,1.0,,,
E028,S049,SP06,36,2.0,2.0,2.0,2.0,2.0,2.0,,,
E037,S050,SP04,1,2.0,2.0,2.0,2.0,2.0,2.0,,,
E037,S050,SP04,2,3.0,3.0,3.0,3.0,3.0,3.0,,,
E037,S050,SP04,3,3.0,3.0,3.0,3.0,3.0,3.0,,,
E037,S050,SP04,4,2.0,2.0,2.0,2.0,2.0,2.0,,,
E037,S050,SP04,5,1.0,0.5,1.0,1.0,1.0,1.0,0.0,1.0,1.0
E037,S050,SP04,6,1.0,1.0,1.0,1.0,1.0,1.0,,,
E037,S050,SP04,7,2.0,2.0,2.0,2.0,2.0,2.0,,,
E037,S050,SP04,8,1.0,1.0,1.0,1.0,1.0,1.0,,,
E037,S050,SP04,9,1.0,1.0,1.0,1.0,1.0,1.0,,,
E037,S050,SP04,10,1.0,1.0,1.0,1.0,1.0,1.0,,,
E037,S050,SP04,11,1.0,1.0,1.0,1.0,1.0,1.0,,,
E037,S050,SP04,12,1.0,1.0,1.0,1.0,1.0,1.0,,,
E037,S050,SP04,13,1.0,1.0,1.0,1.0,1.0,1.0,,,
E037,S050,SP04,14,1.0,1.0,1.0,1.0,1.0,1.0,,,
E037,S050,SP04,15,1.0,1.0,1.0,1.0,1.0,1.0,,,
E037,S050,SP04,16,1.0,1.0,0.0,0.0,1.0,1.0,0.0,0.0,0.0
E037,S050,SP04,17,1.0,0.5,1.0,1.0,1.0,1.0,0.5,1.0,1.0
E037,S050,SP04,18,1.0,1.0,1.0,1.0,1.0,1.0,,,
E037,S050,SP04,19,1.0,0.5,1.0,1.0,1.0,1.0,0.0,1.0,1.0
E037,S050,SP04,20,1.0,1.0,1.0,1.0,1.0,1.0,,,
E037,S050,SP04,21,2.0,2.0,2.0,2.0,2.0,2.0,,,
E037,S050,SP04,22,1.0,1.0,1.0,1.0,1.0,1.0,,,
E037,S050,SP04,23,1.0,1.0,1.0,1.0,1.0,1.0,,,
E037,S050,SP04,24,1.0,1.0,1.0,1.0,1.0,1.0,,,
E037,S050,SP04,25,1.0,1.0,1.0,1.0,1.0,1.0,,,
E037,S050,SP04,26,1.0,1.0,1.0,1.0,1.0,1.0,,,
E037,S050,SP04,27,1.0,1.0,1.0,1.0,1.0,1.0,,,
E037,S050,SP04,28,1.0,1.0,1.0,1.0,1.0,1.0,,,
E037,S050,SP04,29,1.0,1.0,1.0,1.0,1.0,1.0,,,
E037,S050,SP04,30,2.0,2.0,2.0,2.0,2.0,2.0,,,
E037,S050,SP04,31,1.0,1.0,1.0,1.0,1.0,1.0,,,
E037,S050,SP04,32,1.0,1.0,1.0,1.0,1.0,1.0,,,
E037,S050,SP04,33,1.0,1.0,1.0,1.0,1.0,1.0,,,
E037,S050,SP04,34,1.0,1.0,1.0,1.0,1.0,1.0,,,
E037,S050,SP04,35,1.0,1.0,1.0,1.0,1.0,1.0,,,
E037,S050,SP04,36,2.0,2.0,2.0,2.0,2.0,2.0,,,
E037,S050,SP04,37,1.0,1.0,1.0,1.0,1.0,1.0,,,
E037,S050,SP04,38,1.0,1.0,1.0,1.0,1.0,1.0,,,
E037,S050,SP04,39,2.0,2.0,2.0,2.0,2.0,2.0,,,
E011,S050,SP05,1,2.0,2.0,2.0,2.0,2.0,2.0,,,
E011,S050,SP05,2,3.0,3.0,3.0,3.0,3.0,3.0,,,
E011,S050,SP05,3,3.0,3.0,3.0,3.0,3.0,3.0,,,
E011,S050,SP05,4,2.0,2.0,2.0,2.0,2.0,2.0,,,
E011,S050,SP05,5,1.0,1.0,1.0,1.0,1.0,1.0,,,
E011,S050,SP05,6,1.0,1.0,1.0,1.0,1.0,1.0,,,
E011,S050,SP05,7,1.0,1.0,1.0,1.0,1.0,1.0,,,
E011,S050,SP05,8,1.0,0.0,0.0,0.0,0.0,0.0,,,
E011,S050,SP05,9,1.0,1.0,0.0,0.0,0.0,0.0,0.0,0.0,0.0
E011,S050,SP05,10,1.0,1.0,1.0,1.0,1.0,1.0,,,
E011,S050,SP05,11,1.0,1.0,1.0,1.0,1.0,1.0,,,
E011,S050,SP05,12,1.0,1.0,1.0,1.0,1.0,1.0,,,
E011,S050,SP05,13,1.0,1.0,1.0,1.0,1.0,1.0,,,
E011,S050,SP05,14,1.0,1.0,1.0,1.0,0.0,1.0,,,
E011,S050,SP05,15,1.0,1.0,1.0,1.0,0.0,1.0,,,
E011,S050,SP05,16,1.0,1.0,1.0,1.0,1.0,1.0,,,
E011,S050,SP05,17,1.0,1.0,1.0,1.0,1.0,1.0,,,
E011,S050,SP05,18,1.0,1.0,1.0,1.0,1.0,1.0,,,
E011,S050,SP05,19,1.0,1.0,1.0,1.0,1.0,1.0,,,
E011,S050,SP05,20,1.0,1.0,1.0,1.0,1.0,1.0,,,
E011,S050,SP05,21,1.0,1.0,0.0,0.0,1.0,1.0,0.0,1.0,0.0
E011,S050,SP05,22,1.0,0.0,0.0,0.0,0.0,0.0,,,
E011,S050,SP05,23,1.0,0.0,0.0,0.0,0.0,1.0,,,
E011,S050,SP05,24,1.0,1.0,1.0,1.0,1.0,1.0,,,
E011,S050,SP05,25,1.0,1.0,1.0,1.0,1.0,1.0,,,
E011,S050,SP05,26,1.0,1.0,1.0,1.0,1.0,1.0,,,
E011,S050,SP05,27,1.0,1.0,1.0,1.0,1.0,1.0,,,
E011,S050,SP05,28,1.0,1.0,1.0,1.0,1.0,1.0,,,
E011,S050,SP05,29,1.0,1.0,1.0,1.0,1.0,1.0,,,
E011,S050,SP05,30,1.0,1.0,1.0,1.0,1.0,0.0,,,
E011,S050,SP05,31,1.0,1.0,1.0,1.0,1.0,1.0,,,
E011,S050,SP05,32,1.0,1.0,1.0,1.0,1.0,1.0,,,
E011,S050,SP05,33,2.0,2.0,2.0,2.0,2.0,2.0,,,
E011,S050,SP05,34,1.0,1.0,1.0,1.0,1.0,1.0,,,
E011,S050,SP05,35,1.0,1.0,1.0,1.0,1.0,1.0,,,
E011,S050,SP05,36,1.0,1.0,1.0,1.0,1.0,1.0,,,
E011,S050,SP05,37,1.0,1.0,1.0,1.0,1.0,1.0,,,
E011,S050,SP05,38,2.0,2.0,2.0,2.0,2.0,2.0,,,
E011,S050,SP05,39,2.0,2.0,2.0,2.0,0.0,1.0,,,
E011,S050,SP05,40,2.0,2.0,2.0,2.0,2.0,2.0,,,
E181,S050,SP06,1,2.0,2.0,2.0,2.0,2.0,2.0,,,
E181,S050,SP06,2,4.0,4.0,3.0,3.0,4.0,4.0,2.0,4.0,2.0
E181,S050,SP06,3,3.0,3.0,3.0,3.0,3.0,3.0,,,
E181,S050,SP06,4,2.0,2.0,2.0,2.0,2.0,0.0,,,
E181,S050,SP06,5,2.0,2.0,2.0,2.0,2.0,2.0,,,
E181,S050,SP06,6,2.0,2.0,2.0,2.0,2.0,2.0,,,
E181,S050,SP06,7,1.0,1.0,1.0,1.0,1.0,1.0,,,
E181,S050,SP06,8,1.0,1.0,1.0,1.0,1.0,1.0,,,
E181,S050,SP06,9,2.0,2.0,2.0,2.0,2.0,2.0,,,
E181,S050,SP06,10,2.0,2.0,2.0,2.0,2.0,2.0,,,
E181,S050,SP06,11,2.0,0.0,2.0,2.0,2.0,2.0,0.0,2.0,2.0
E181,S050,SP06,12,1.0,1.0,1.0,1.0,1.0,1.0,,,
E181,S050,SP06,13,1.0,0.0,1.0,1.0,1.0,1.0,0.0,0.0,1.0
E181,S050,SP06,14,1.0,0.0,1.0,1.0,1.0,1.0,0.0,0.0,1.0
E181,S050,SP06,15,1.0,1.0,1.0,1.0,1.0,1.0,,,
E181,S050,SP06,16,1.0,0.0,1.0,1.0,1.0,1.0,0.0,1.0,1.0
E181,S050,SP06,17,1.0,1.0,1.0,1.0,1.0,1.0,,,
E181,S050,SP06,18,1.0,1.0,1.0,1.0,1.0,1.0,,,
E181,S050,SP06,19,1.0,1.0,1.0,1.0,1.0,1.0,,,
E181,S050,SP06,20,1.0,1.0,1.0,1.0,1.0,1.0,,,
E181,S050,SP06,21,1.0,1.0,1.0,1.0,1.0,1.0,,,
E181,S050,SP06,22,1.0,1.0,1.0,1.0,1.0,1.0,,,
E181,S050,SP06,23,1.0,1.0,1.0,1.0,1.0,1.0,,,
E181,S050,SP06,24,1.0,1.0,1.0,1.0,1.0,1.0,,,
E181,S050,SP06,25,1.0,1.0,1.0,1.0,1.0,1.0,,,
E181,S050,SP06,26,1.0,1.0,1.0,1.0,1.0,1.0,,,
E181,S050,SP06,27,1.0,1.0,1.0,1.0,1.0,1.0,,,
E181,S050,SP06,28,1.0,1.0,1.0,1.0,1.0,1.0,,,
E181,S050,SP06,29,1.0,1.0,1.0,1.0,1.0,1.0,,,
E181,S050,SP06,30,1.0,1.0,1.0,1.0,1.0,1.0,,,
E181,S050,SP06,31,1.0,1.0,1.0,1.0,1.0,1.0,,,
E181,S050,SP06,32,1.0,0.0,1.0,1.0,1.0,1.0,0.5,1.0,1.0
E181,S050,SP06,33,1.0,1.0,1.0,1.0,1.0,1.0,,,
E181,S050,SP06,34,2.0,2.0,2.0,2.0,2.0,2.0,,,
E181,S050,SP06,35,1.0,1.0,1.0,1.0,1.0,1.0,,,
E181,S050,SP06,36,2.0,2.0,2.0,2.0,2.0,2.0,,,
E179,S051,SP01,1,2.0,2.0,2.0,2.0,2.0,2.0,,,
E179,S051,SP01,2,3.0,3.0,3.0,3.0,3.0,3.0,,,
E179,S051,SP01,3,2.0,2.0,2.0,2.0,2.0,2.0,,,
E179,S051,SP01,4,2.0,2.0,2.0,2.0,2.0,2.0,,,
E179,S051,SP01,5,2.0,2.0,2.0,2.0,2.0,2.0,,,
E179,S051,SP01,6,2.0,2.0,2.0,2.0,2.0,2.0,,,
E179,S051,SP01,7,2.0,2.0,2.0,2.0,2.0,2.0,,,
E179,S051,SP01,8,2.0,2.0,2.0,2.0,2.0,2.0,,,
E179,S051,SP01,9,2.0,2.0,1.0,1.0,2.0,2.0,1.0,1.0,0.5
E179,S051,SP01,10,2.0,2.0,2.0,2.0,2.0,2.0,,,
E179,S051,SP01,11,2.0,2.0,2.0,2.0,2.0,2.0,,,
E179,S051,SP01,12,1.0,1.0,1.0,1.0,1.0,1.0,,,
E179,S051,SP01,13,1.0,1.0,1.0,1.0,1.0,1.0,,,
E179,S051,SP01,14,1.0,1.0,1.0,1.0,1.0,1.0,,,
E179,S051,SP01,15,1.0,1.0,1.0,1.0,1.0,1.0,,,
E179,S051,SP01,16,1.0,1.0,1.0,1.0,1.0,1.0,,,
E179,S051,SP01,17,1.0,1.0,1.0,1.0,1.0,1.0,,,
E179,S051,SP01,18,1.0,0.0,1.0,1.0,1.0,1.0,1.0,1.0,1.0
E179,S051,SP01,19,1.0,1.0,1.0,1.0,1.0,1.0,,,
E179,S051,SP01,20,1.0,1.0,1.0,1.0,1.0,1.0,,,
E179,S051,SP01,21,1.0,1.0,1.0,1.0,1.0,1.0,,,
E179,S051,SP01,22,1.0,1.0,1.0,1.0,1.0,1.0,,,
E179,S051,SP01,23,1.0,0.0,1.0,1.0,1.0,1.0,1.0,1.0,1.0
E179,S051,SP01,24,1.0,1.0,1.0,1.0,1.0,1.0,,,
E179,S051,SP01,25,2.0,2.0,2.0,2.0,2.0,2.0,,,
E179,S051,SP01,26,1.0,1.0,1.0,1.0,1.0,1.0,,,
E179,S051,SP01,27,1.0,1.0,1.0,1.0,1.0,1.0,,,
E179,S051,SP01,28,1.0,1.0,1.0,1.0,1.0,1.0,,,
E179,S051,SP01,29,2.0,2.0,2.0,2.0,2.0,2.0,,,
E179,S051,SP01,30,2.0,2.0,2.0,2.0,2.0,2.0,,,
E179,S051,SP01,31,2.0,2.0,2.0,2.0,2.0,2.0,,,
E179,S051,SP01,32,1.0,1.0,1.0,1.0,1.0,1.0,,,
E179,S051,SP01,33,2.0,2.0,2.0,2.0,2.0,2.0,,,
E048,S051,SP02,1,2.0,2.0,2.0,2.0,2.0,2.0,,,
E048,S051,SP02,2,3.0,3.0,3.0,3.0,3.0,3.0,,,
E048,S051,SP02,3,2.0,2.0,2.0,2.0,2.0,2.0,,,
E048,S051,SP02,4,2.0,2.0,2.0,2.0,2.0,2.0,,,
E048,S051,SP02,5,1.0,1.0,1.0,1.0,1.0,1.0,,,
E048,S051,SP02,6,1.0,1.0,1.0,1.0,1.0,1.0,,,
E048,S051,SP02,7,2.0,2.0,2.0,2.0,2.0,2.0,,,
E048,S051,SP02,8,2.0,2.0,2.0,2.0,2.0,2.0,,,
E048,S051,SP02,9,2.0,2.0,2.0,2.0,2.0,2.0,,,
E048,S051,SP02,10,1.0,1.0,1.0,1.0,1.0,1.0,,,
E048,S051,SP02,11,2.0,2.0,2.0,2.0,2.0,2.0,,,
E048,S051,SP02,12,2.0,1.0,2.0,2.0,2.0,2.0,1.0,1.0,1.0
E048,S051,SP02,13,2.0,1.0,2.0,2.0,2.0,2.0,0.0,1.0,1.0
E048,S051,SP02,14,1.0,1.0,1.0,1.0,1.0,1.0,,,
E048,S051,SP02,15,1.0,1.0,1.0,1.0,1.0,1.0,,,
E048,S051,SP02,16,2.0,2.0,2.0,2.0,2.0,2.0,,,
E048,S051,SP02,17,1.0,1.0,1.0,1.0,1.0,1.0,,,
E048,S051,SP02,18,1.0,1.0,1.0,1.0,1.0,1.0,,,
E048,S051,SP02,19,1.0,0.0,1.0,1.0,1.0,1.0,0.0,0.0,0.0
E048,S051,SP02,20,1.0,1.0,1.0,1.0,1.0,1.0,,,
E048,S051,SP02,21,1.0,1.0,1.0,1.0,1.0,1.0,,,
E048,S051,SP02,22,1.0,1.0,1.0,1.0,1.0,1.0,,,
E048,S051,SP02,23,1.0,1.0,1.0,1.0,1.0,1.0,,,
E048,S051,SP02,24,1.0,1.0,1.0,1.0,1.0,1.0,,,
E048,S051,SP02,25,1.0,1.0,1.0,1.0,1.0,1.0,,,
E048,S051,SP02,26,1.0,1.0,1.0,1.0,0.0,0.0,,,
E048,S051,SP02,27,1.0,1.0,1.0,1.0,1.0,1.0,,,
E048,S051,SP02,28,1.0,1.0,1.0,1.0,1.0,1.0,,,
E048,S051,SP02,29,1.0,1.0,1.0,1.0,1.0,1.0,,,
E048,S051,SP02,30,2.0,2.0,2.0,2.0,2.0,2.0,,,
E048,S051,SP02,31,2.0,2.0,2.0,2.0,2.0,2.0,,,
E048,S051,SP02,32,2.0,2.0,2.0,2.0,2.0,2.0,,,
E048,S051,SP02,33,1.0,1.0,1.0,1.0,1.0,1.0,,,
E048,S051,SP02,34,2.0,2.0,2.0,2.0,2.0,2.0,,,
E135,S051,SP03,1,2.0,2.0,2.0,2.0,2.0,2.0,,,
E135,S051,SP03,2,3.0,3.0,3.0,3.0,3.0,3.0,,,
E135,S051,SP03,3,3.0,3.0,3.0,3.0,3.0,3.0,,,
E135,S051,SP03,4,2.0,2.0,2.0,2.0,2.0,2.0,,,
E135,S051,SP03,5,1.0,1.0,1.0,1.0,1.0,1.0,,,
E135,S051,SP03,6,2.0,2.0,2.0,2.0,2.0,2.0,,,
E135,S051,SP03,7,2.0,2.0,2.0,2.0,2.0,2.0,,,
E135,S051,SP03,8,1.0,1.0,1.0,1.0,1.0,1.0,,,
E135,S051,SP03,9,1.0,1.0,1.0,1.0,1.0,1.0,,,
E135,S051,SP03,10,1.0,1.0,1.0,1.0,1.0,1.0,,,
E135,S051,SP03,11,2.0,2.0,2.0,2.0,2.0,2.0,,,
E135,S051,SP03,12,2.0,2.0,2.0,2.0,2.0,2.0,,,
E135,S051,SP03,13,2.0,0.0,1.0,1.0,2.0,2.0,2.0,2.0,2.0
E135,S051,SP03,14,2.0,2.0,1.0,1.0,2.0,2.0,2.0,1.0,2.0
E135,S051,SP03,15,2.0,0.0,1.0,1.0,2.0,0.0,0.0,0.0,0.0
E135,S051,SP03,16,2.0,2.0,1.0,1.0,2.0,2.0,1.0,1.0,1.0
E135,S051,SP03,17,2.0,2.0,2.0,2.0,2.0,2.0,,,
E135,S051,SP03,18,1.0,1.0,0.0,0.0,1.0,0.0,0.0,0.0,0.0
E135,S051,SP03,19,1.0,1.0,1.0,1.0,1.0,1.0,,,
E135,S051,SP03,20,1.0,1.0,1.0,1.0,1.0,1.0,,,
E135,S051,SP03,21,1.0,1.0,1.0,1.0,1.0,1.0,,,
E135,S051,SP03,22,1.0,1.0,1.0,1.0,1.0,1.0,,,
E135,S051,SP03,23,1.0,1.0,1.0,1.0,1.0,1.0,,,
E135,S051,SP03,24,1.0,1.0,1.0,1.0,1.0,1.0,,,
E135,S051,SP03,25,1.0,1.0,1.0,1.0,1.0,1.0,,,
E135,S051,SP03,26,1.0,1.0,1.0,1.0,1.0,1.0,,,
E135,S051,SP03,27,1.0,1.0,0.0,0.0,1.0,1.0,0.0,1.0,1.0
E135,S051,SP03,28,1.0,1.0,1.0,1.0,1.0,1.0,,,
E135,S051,SP03,29,1.0,1.0,1.0,1.0,1.0,1.0,,,
E135,S051,SP03,30,1.0,1.0,1.0,1.0,1.0,1.0,,,
E135,S051,SP03,31,1.0,1.0,1.0,1.0,1.0,1.0,,,
E135,S051,SP03,32,1.0,1.0,1.0,1.0,1.0,1.0,,,
E135,S051,SP03,33,3.0,3.0,3.0,3.0,3.0,3.0,,,
E002,S052,SP01,1,2.0,2.0,2.0,2.0,2.0,2.0,,,
E002,S052,SP01,2,3.0,3.0,3.0,3.0,3.0,3.0,,,
E002,S052,SP01,3,2.0,2.0,2.0,2.0,2.0,2.0,,,
E002,S052,SP01,4,2.0,2.0,2.0,2.0,2.0,2.0,,,
E002,S052,SP01,5,2.0,2.0,0.0,0.0,1.0,0.0,0.0,0.0,1.0
E002,S052,SP01,6,2.0,2.0,2.0,2.0,2.0,2.0,,,
E002,S052,SP01,7,2.0,2.0,2.0,2.0,2.0,2.0,,,
E002,S052,SP01,8,2.0,2.0,2.0,2.0,2.0,2.0,,,
E002,S052,SP01,9,2.0,2.0,0.0,0.0,2.0,2.0,1.0,1.0,0.5
E002,S052,SP01,10,2.0,1.5,2.0,2.0,2.0,2.0,2.0,2.0,1.0
E002,S052,SP01,11,2.0,1.5,1.0,1.0,2.0,2.0,1.0,1.0,0.5
E002,S052,SP01,12,1.0,1.0,1.0,1.0,1.0,1.0,,,
E002,S052,SP01,13,1.0,1.0,0.5,0.5,1.0,1.0,0.0,1.0,0.5
E002,S052,SP01,14,1.0,1.0,0.0,0.0,1.0,1.0,0.0,0.0,1.0
E002,S052,SP01,15,1.0,1.0,1.0,1.0,1.0,1.0,,,
E002,S052,SP01,16,1.0,1.0,1.0,1.0,1.0,1.0,,,
E002,S052,SP01,17,1.0,1.0,1.0,1.0,1.0,1.0,,,
E002,S052,SP01,18,1.0,1.0,0.0,0.0,1.0,1.0,0.0,1.0,0.0
E002,S052,SP01,19,1.0,1.0,1.0,1.0,1.0,1.0,,,
E002,S052,SP01,20,1.0,1.0,1.0,1.0,1.0,1.0,,,
E002,S052,SP01,21,1.0,1.0,1.0,1.0,1.0,1.0,,,
E002,S052,SP01,22,1.0,1.0,1.0,1.0,1.0,1.0,,,
E002,S052,SP01,23,1.0,1.0,0.0,0.0,0.0,1.0,0.0,0.0,0.0
E002,S052,SP01,24,1.0,1.0,1.0,1.0,1.0,1.0,,,
E002,S052,SP01,25,2.0,2.0,2.0,2.0,2.0,2.0,,,
E002,S052,SP01,26,1.0,1.0,1.0,1.0,1.0,1.0,,,
E002,S052,SP01,27,1.0,1.0,1.0,1.0,1.0,1.0,,,
E002,S052,SP01,28,1.0,1.0,1.0,1.0,1.0,1.0,,,
E002,S052,SP01,29,2.0,2.0,2.0,2.0,2.0,2.0,,,
E002,S052,SP01,30,2.0,2.0,2.0,2.0,2.0,2.0,,,
E002,S052,SP01,31,2.0,2.0,2.0,2.0,2.0,2.0,,,
E002,S052,SP01,32,1.0,1.0,1.0,1.0,1.0,1.0,,,
E002,S052,SP01,33,2.0,2.0,2.0,2.0,2.0,2.0,,,
E091,S052,SP02,1,2.0,2.0,2.0,2.0,2.0,2.0,,,
E091,S052,SP02,2,3.0,3.0,1.0,1.0,3.0,3.0,3.0,3.0,1.0
E091,S052,SP02,3,2.0,2.0,2.0,2.0,2.0,2.0,,,
E091,S052,SP02,4,2.0,2.0,2.0,2.0,2.0,2.0,,,
E091,S052,SP02,5,1.0,1.0,1.0,1.0,1.0,1.0,,,
E091,S052,SP02,6,1.0,1.0,1.0,1.0,1.0,1.0,,,
E091,S052,SP02,7,2.0,2.0,2.0,2.0,2.0,2.0,,,
E091,S052,SP02,8,2.0,2.0,2.0,2.0,2.0,2.0,,,
E091,S052,SP02,9,2.0,2.0,2.0,2.0,2.0,2.0,,,
E091,S052,SP02,10,1.0,0.0,0.0,0.0,0.0,1.0,,,
E091,S052,SP02,11,2.0,2.0,2.0,2.0,2.0,2.0,,,
E091,S052,SP02,12,2.0,0.0,1.0,1.0,2.0,2.0,0.0,0.0,1.0
E091,S052,SP02,13,2.0,1.0,1.0,1.0,2.0,2.0,,,
E091,S052,SP02,14,1.0,0.0,0.0,0.0,0.0,1.0,,,
E091,S052,SP02,15,1.0,0.0,0.0,0.0,0.0,0.0,,,
E091,S052,SP02,16,2.0,0.0,0.0,0.0,0.0,0.0,,,
E091,S052,SP02,17,1.0,0.0,0.0,0.0,0.0,1.0,,,
E091,S052,SP02,18,1.0,1.0,1.0,1.0,1.0,1.0,,,
E091,S052,SP02,19,1.0,1.0,0.0,0.0,1.0,1.0,0.0,0.0,0.0
E091,S052,SP02,20,1.0,1.0,1.0,1.0,1.0,1.0,,,
E091,S052,SP02,21,1.0,1.0,1.0,1.0,1.0,1.0,,,
E091,S052,SP02,22,1.0,1.0,1.0,1.0,1.0,1.0,,,
E091,S052,SP02,23,1.0,1.0,1.0,1.0,1.0,1.0,,,
E091,S052,SP02,24,1.0,1.0,1.0,1.0,1.0,1.0,,,
E091,S052,SP02,25,1.0,1.0,1.0,1.0,1.0,1.0,,,
E091,S052,SP02,26,1.0,1.0,1.0,1.0,1.0,1.0,,,
E091,S052,SP02,27,1.0,1.0,1.0,1.0,1.0,1.0,,,
E091,S052,SP02,28,1.0,1.0,1.0,1.0,1.0,1.0,,,
E091,S052,SP02,29,1.0,1.0,1.0,1.0,1.0,1.0,,,
E091,S052,SP02,30,2.0,2.0,2.0,2.0,2.0,2.0,,,
E091,S052,SP02,31,2.0,2.0,2.0,2.0,2.0,2.0,,,
E091,S052,SP02,32,2.0,2.0,2.0,2.0,2.0,2.0,,,
E091,S052,SP02,33,1.0,1.0,1.0,1.0,1.0,1.0,,,
E091,S052,SP02,34,2.0,2.0,2.0,2.0,2.0,2.0,,,
E118,S052,SP03,1,2.0,2.0,2.0,2.0,2.0,2.0,,,
E118,S052,SP03,2,3.0,3.0,3.0,3.0,3.0,3.0,,,
E118,S052,SP03,3,3.0,3.0,3.0,3.0,3.0,3.0,,,
E118,S052,SP03,4,2.0,1.0,2.0,2.0,2.0,2.0,2.0,2.0,2.0
E118,S052,SP03,5,1.0,1.0,1.0,1.0,1.0,1.0,,,
E118,S052,SP03,6,2.0,2.0,2.0,2.0,2.0,2.0,,,
E118,S052,SP03,7,2.0,2.0,2.0,2.0,2.0,2.0,,,
E118,S052,SP03,8,1.0,1.0,1.0,1.0,1.0,1.0,,,
E118,S052,SP03,9,1.0,1.0,1.0,1.0,1.0,1.0,,,
E118,S052,SP03,10,1.0,1.0,1.0,1.0,1.0,1.0,,,
E118,S052,SP03,11,2.0,2.0,2.0,2.0,2.0,2.0,,,
E118,S052,SP03,12,2.0,2.0,2.0,2.0,2.0,2.0,,,
E118,S052,SP03,13,2.0,1.0,1.0,1.0,2.0,2.0,,,
E118,S052,SP03,14,2.0,0.0,0.0,0.0,0.0,0.0,,,
E118,S052,SP03,15,2.0,1.0,0.0,0.0,1.0,0.0,0.0,0.0,0.0
E118,S052,SP03,16,2.0,2.0,2.0,2.0,2.0,2.0,,,
E118,S052,SP03,17,2.0,2.0,2.0,2.0,2.0,2.0,,,
E118,S052,SP03,18,1.0,1.0,0.0,0.0,0.0,1.0,0.0,0.0,0.0
E118,S052,SP03,19,1.0,1.0,1.0,1.0,1.0,1.0,,,
E118,S052,SP03,20,1.0,1.0,1.0,1.0,1.0,1.0,,,
E118,S052,SP03,21,1.0,1.0,1.0,1.0,1.0,1.0,,,
E118,S052,SP03,22,1.0,1.0,1.0,1.0,1.0,1.0,,,
E118,S052,SP03,23,1.0,1.0,1.0,1.0,1.0,1.0,,,
E118,S052,SP03,24,1.0,1.0,1.0,1.0,1.0,1.0,,,
E118,S052,SP03,25,1.0,1.0,1.0,1.0,1.0,1.0,,,
E118,S052,SP03,26,1.0,1.0,1.0,1.0,1.0,1.0,,,
E118,S052,SP03,27,1.0,1.0,1.0,1.0,1.0,1.0,,,
E118,S052,SP03,28,1.0,1.0,1.0,1.0,1.0,1.0,,,
E118,S052,SP03,29,1.0,1.0,1.0,1.0,1.0,1.0,,,
E118,S052,SP03,30,1.0,1.0,1.0,1.0,1.0,1.0,,,
E118,S052,SP03,31,1.0,0.0,0.0,0.0,0.0,0.0,,,
E118,S052,SP03,32,1.0,1.0,1.0,1.0,1.0,1.0,,,
E118,S052,SP03,33,3.0,3.0,3.0,3.0,3.0,3.0,,,
E009,S053,SP01,1,2.0,2.0,2.0,2.0,2.0,2.0,,,
E009,S053,SP01,2,3.0,3.0,3.0,3.0,3.0,3.0,,,
E009,S053,SP01,3,2.0,2.0,2.0,2.0,2.0,2.0,,,
E009,S053,SP01,4,2.0,2.0,0.0,0.0,2.0,2.0,0.0,0.0,0.0
E009,S053,SP01,5,2.0,2.0,2.0,2.0,2.0,2.0,,,
E009,S053,SP01,6,2.0,2.0,2.0,2.0,2.0,2.0,,,
E009,S053,SP01,7,2.0,2.0,2.0,2.0,2.0,2.0,,,
E009,S053,SP01,8,2.0,2.0,2.0,2.0,2.0,2.0,,,
E009,S053,SP01,9,2.0,1.5,0.0,0.0,2.0,2.0,0.0,1.0,0.5
E009,S053,SP01,10,2.0,1.0,0.0,0.0,2.0,2.0,0.0,0.0,0.0
E009,S053,SP01,11,2.0,0.0,0.0,0.0,2.0,2.0,,,
E009,S053,SP01,12,1.0,1.0,1.0,1.0,1.0,1.0,,,
E009,S053,SP01,13,1.0,1.0,1.0,1.0,1.0,1.0,,,
E009,S053,SP01,14,1.0,1.0,1.0,1.0,1.0,1.0,,,
E009,S053,SP01,15,1.0,1.0,1.0,1.0,1.0,1.0,,,
E009,S053,SP01,16,1.0,1.0,1.0,1.0,1.0,1.0,,,
E009,S053,SP01,17,1.0,1.0,1.0,1.0,1.0,1.0,,,
E009,S053,SP01,18,1.0,1.0,0.0,0.0,1.0,1.0,0.0,0.0,0.0
E009,S053,SP01,19,1.0,1.0,1.0,1.0,1.0,1.0,,,
E009,S053,SP01,20,1.0,1.0,1.0,1.0,1.0,1.0,,,
E009,S053,SP01,21,1.0,1.0,1.0,1.0,1.0,1.0,,,
E009,S053,SP01,22,1.0,1.0,1.0,1.0,1.0,1.0,,,
E009,S053,SP01,23,1.0,1.0,1.0,1.0,1.0,1.0,,,
E009,S053,SP01,24,1.0,1.0,1.0,1.0,1.0,1.0,,,
E009,S053,SP01,25,2.0,2.0,2.0,2.0,2.0,2.0,,,
E009,S053,SP01,26,1.0,1.0,1.0,1.0,1.0,1.0,,,
E009,S053,SP01,27,1.0,1.0,1.0,1.0,1.0,1.0,,,
E009,S053,SP01,28,1.0,1.0,1.0,1.0,1.0,1.0,,,
E009,S053,SP01,29,2.0,2.0,2.0,2.0,2.0,2.0,,,
E009,S053,SP01,30,2.0,2.0,2.0,2.0,2.0,2.0,,,
E009,S053,SP01,31,2.0,2.0,2.0,2.0,2.0,2.0,,,
E009,S053,SP01,32,1.0,1.0,1.0,1.0,1.0,1.0,,,
E009,S053,SP01,33,2.0,2.0,2.0,2.0,2.0,2.0,,,
E001,S053,SP02,1,2.0,2.0,2.0,2.0,2.0,2.0,,,
E001,S053,SP02,2,3.0,3.0,3.0,3.0,3.0,3.0,,,
E001,S053,SP02,3,2.0,2.0,2.0,2.0,2.0,2.0,,,
E001,S053,SP02,4,2.0,2.0,2.0,2.0,2.0,2.0,,,
E001,S053,SP02,5,1.0,1.0,1.0,1.0,1.0,1.0,,,
E001,S053,SP02,6,1.0,1.0,1.0,1.0,1.0,1.0,,,
E001,S053,SP02,7,2.0,2.0,2.0,2.0,2.0,2.0,,,
E001,S053,SP02,8,2.0,2.0,2.0,2.0,2.0,2.0,,,
E001,S053,SP02,9,2.0,2.0,2.0,2.0,2.0,2.0,,,
E001,S053,SP02,10,1.0,1.0,1.0,1.0,1.0,1.0,,,
E001,S053,SP02,11,2.0,2.0,2.0,2.0,2.0,2.0,,,
E001,S053,SP02,12,2.0,2.0,1.0,1.0,2.0,2.0,0.0,0.0,1.0
E001,S053,SP02,13,2.0,0.0,0.0,0.0,0.0,2.0,,,
E001,S053,SP02,14,1.0,0.0,0.0,0.0,0.0,1.0,,,
E001,S053,SP02,15,1.0,1.0,1.0,1.0,1.0,1.0,,,
E001,S053,SP02,16,2.0,2.0,2.0,2.0,2.0,2.0,,,
E001,S053,SP02,17,1.0,1.0,1.0,1.0,1.0,1.0,,,
E001,S053,SP02,18,1.0,1.0,1.0,1.0,1.0,1.0,,,
E001,S053,SP02,19,1.0,1.0,1.0,1.0,1.0,1.0,,,
E001,S053,SP02,20,1.0,1.0,1.0,1.0,1.0,1.0,,,
E001,S053,SP02,21,1.0,1.0,1.0,1.0,1.0,1.0,,,
E001,S053,SP02,22,1.0,1.0,1.0,1.0,1.0,1.0,,,
E001,S053,SP02,23,1.0,1.0,1.0,1.0,1.0,1.0,,,
E001,S053,SP02,24,1.0,1.0,1.0,1.0,1.0,1.0,,,
E001,S053,SP02,25,1.0,1.0,1.0,1.0,1.0,1.0,,,
E001,S053,SP02,26,1.0,1.0,1.0,1.0,1.0,1.0,,,
E001,S053,SP02,27,1.0,1.0,1.0,1.0,1.0,1.0,,,
E001,S053,SP02,28,1.0,1.0,1.0,1.0,1.0,1.0,,,
E001,S053,SP02,29,1.0,1.0,1.0,1.0,1.0,1.0,,,
E001,S053,SP02,30,2.0,2.0,2.0,2.0,2.0,2.0,,,
E001,S053,SP02,31,2.0,2.0,2.0,2.0,2.0,2.0,,,
E001,S053,SP02,32,2.0,2.0,2.0,2.0,2.0,2.0,,,
E001,S053,SP02,33,1.0,1.0,1.0,1.0,1.0,1.0,,,
E001,S053,SP02,34,2.0,2.0,2.0,2.0,2.0,2.0,,,
E015,S053,SP03,1,2.0,2.0,2.0,2.0,2.0,2.0,,,
E015,S053,SP03,2,3.0,3.0,3.0,3.0,3.0,3.0,,,
E015,S053,SP03,3,3.0,3.0,3.0,3.0,3.0,3.0,,,
E015,S053,SP03,4,2.0,2.0,2.0,2.0,2.0,2.0,,,
E015,S053,SP03,5,1.0,1.0,1.0,1.0,1.0,1.0,,,
E015,S053,SP03,6,2.0,2.0,2.0,2.0,2.0,2.0,,,
E015,S053,SP03,7,2.0,2.0,2.0,2.0,2.0,2.0,,,
E015,S053,SP03,8,1.0,1.0,1.0,1.0,1.0,1.0,,,
E015,S053,SP03,9,1.0,1.0,1.0,1.0,1.0,1.0,,,
E015,S053,SP03,10,1.0,1.0,1.0,1.0,1.0,1.0,,,
E015,S053,SP03,11,2.0,2.0,2.0,2.0,2.0,2.0,,,
E015,S053,SP03,12,2.0,2.0,2.0,2.0,2.0,2.0,,,
E015,S053,SP03,13,2.0,2.0,2.0,2.0,2.0,2.0,,,
E015,S053,SP03,14,2.0,2.0,2.0,2.0,2.0,2.0,,,
E015,S053,SP03,15,2.0,1.0,2.0,2.0,0.0,0.0,0.0,0.0,0.0
E015,S053,SP03,16,2.0,1.0,2.0,2.0,2.0,2.0,1.0,1.0,0.0
E015,S053,SP03,17,2.0,2.0,2.0,2.0,2.0,2.0,,,
E015,S053,SP03,18,1.0,0.0,1.0,1.0,1.0,0.0,0.0,0.0,0.0
E015,S053,SP03,19,1.0,1.0,1.0,1.0,1.0,1.0,,,
E015,S053,SP03,20,1.0,1.0,1.0,1.0,1.0,1.0,,,
E015,S053,SP03,21,1.0,1.0,1.0,1.0,1.0,1.0,,,
E015,S053,SP03,22,1.0,1.0,1.0,1.0,1.0,1.0,,,
E015,S053,SP03,23,1.0,1.0,1.0,1.0,1.0,1.0,,,
E015,S053,SP03,24,1.0,0.0,1.0,1.0,1.0,1.0,1.0,1.0,1.0
E015,S053,SP03,25,1.0,1.0,1.0,1.0,1.0,1.0,,,
E015,S053,SP03,26,1.0,1.0,1.0,1.0,1.0,1.0,,,
E015,S053,SP03,27,1.0,1.0,1.0,1.0,1.0,1.0,,,
E015,S053,SP03,28,1.0,1.0,1.0,1.0,1.0,1.0,,,
E015,S053,SP03,29,1.0,1.0,1.0,1.0,1.0,1.0,,,
E015,S053,SP03,30,1.0,1.0,1.0,1.0,1.0,1.0,,,
E015,S053,SP03,31,1.0,1.0,1.0,1.0,1.0,1.0,,,
E015,S053,SP03,32,1.0,1.0,1.0,1.0,1.0,1.0,,,
E015,S053,SP03,33,3.0,3.0,3.0,3.0,3.0,3.0,,,
E175,S054,SP04,1,2.0,2.0,2.0,2.0,2.0,2.0,,,
E175,S054,SP04,2,3.0,3.0,3.0,3.0,3.0,3.0,,,
E175,S054,SP04,3,3.0,3.0,3.0,3.0,3.0,3.0,,,
E175,S054,SP04,4,2.0,2.0,2.0,2.0,2.0,2.0,,,
E175,S054,SP04,5,1.0,1.0,1.0,1.0,1.0,1.0,,,
E175,S054,SP04,6,1.0,1.0,1.0,1.0,1.0,1.0,,,
E175,S054,SP04,7,2.0,2.0,2.0,2.0,2.0,2.0,,,
E175,S054,SP04,8,1.0,0.0,1.0,1.0,1.0,1.0,0.0,0.0,1.0
E175,S054,SP04,9,1.0,1.0,1.0,1.0,1.0,1.0,,,
E175,S054,SP04,10,1.0,1.0,1.0,1.0,1.0,1.0,,,
E175,S054,SP04,11,1.0,1.0,1.0,1.0,1.0,1.0,,,
E175,S054,SP04,12,1.0,0.0,1.0,1.0,1.0,0.0,0.0,0.0,0.0
E175,S054,SP04,13,1.0,1.0,1.0,1.0,1.0,1.0,,,
E175,S054,SP04,14,1.0,1.0,1.0,1.0,1.0,1.0,,,
E175,S054,SP04,15,1.0,0.0,1.0,1.0,1.0,1.0,1.0,1.0,1.0
E175,S054,SP04,16,1.0,1.0,1.0,1.0,1.0,1.0,,,
E175,S054,SP04,17,1.0,1.0,1.0,1.0,1.0,1.0,,,
E175,S054,SP04,18,1.0,1.0,1.0,1.0,1.0,1.0,,,
E175,S054,SP04,19,1.0,1.0,1.0,1.0,1.0,1.0,,,
E175,S054,SP04,20,1.0,1.0,1.0,1.0,1.0,1.0,,,
E175,S054,SP04,21,2.0,2.0,2.0,2.0,2.0,2.0,,,
E175,S054,SP04,22,1.0,1.0,1.0,1.0,1.0,1.0,,,
E175,S054,SP04,23,1.0,1.0,1.0,1.0,1.0,1.0,,,
E175,S054,SP04,24,1.0,1.0,1.0,1.0,1.0,1.0,,,
E175,S054,SP04,25,1.0,1.0,1.0,1.0,1.0,1.0,,,
E175,S054,SP04,26,1.0,1.0,1.0,1.0,1.0,1.0,,,
E175,S054,SP04,27,1.0,1.0,1.0,1.0,1.0,1.0,,,
E175,S054,SP04,28,1.0,1.0,1.0,1.0,1.0,1.0,,,
E175,S054,SP04,29,1.0,1.0,1.0,1.0,1.0,1.0,,,
E175,S054,SP04,30,2.0,2.0,2.0,2.0,2.0,2.0,,,
E175,S054,SP04,31,1.0,1.0,1.0,1.0,1.0,1.0,,,
E175,S054,SP04,32,1.0,1.0,1.0,1.0,1.0,1.0,,,
E175,S054,SP04,33,1.0,1.0,1.0,1.0,1.0,1.0,,,
E175,S054,SP04,34,1.0,1.0,1.0,1.0,1.0,1.0,,,
E175,S054,SP04,35,1.0,1.0,0.0,0.0,1.0,0.0,0.0,1.0,0.0
E175,S054,SP04,36,2.0,2.0,2.0,2.0,2.0,2.0,,,
E175,S054,SP04,37,1.0,1.0,1.0,1.0,1.0,1.0,,,
E175,S054,SP04,38,1.0,1.0,1.0,1.0,1.0,1.0,,,
E175,S054,SP04,39,2.0,2.0,2.0,2.0,2.0,2.0,,,
E159,S054,SP05,1,2.0,2.0,2.0,2.0,2.0,2.0,,,
E159,S054,SP05,2,3.0,3.0,3.0,3.0,3.0,3.0,,,
E159,S054,SP05,3,3.0,3.0,3.0,3.0,3.0,3.0,,,
E159,S054,SP05,4,2.0,2.0,2.0,2.0,2.0,2.0,,,
E159,S054,SP05,5,1.0,1.0,1.0,1.0,1.0,1.0,,,
E159,S054,SP05,6,1.0,1.0,1.0,1.0,1.0,1.0,,,
E159,S054,SP05,7,1.0,1.0,1.0,1.0,1.0,1.0,,,
E159,S054,SP05,8,1.0,0.5,1.0,1.0,1.0,1.0,1.0,1.0,1.0
E159,S054,SP05,9,1.0,1.0,1.0,1.0,1.0,1.0,,,
E159,S054,SP05,10,1.0,1.0,1.0,1.0,1.0,1.0,,,
E159,S054,SP05,11,1.0,1.0,1.0,1.0,1.0,1.0,,,
E159,S054,SP05,12,1.0,1.0,1.0,1.0,1.0,1.0,,,
E159,S054,SP05,13,1.0,1.0,1.0,1.0,1.0,1.0,,,
E159,S054,SP05,14,1.0,1.0,1.0,1.0,1.0,1.0,,,
E159,S054,SP05,15,1.0,1.0,1.0,1.0,1.0,1.0,,,
E159,S054,SP05,16,1.0,0.0,0.0,0.0,0.0,0.0,,,
E159,S054,SP05,17,1.0,1.0,1.0,1.0,1.0,1.0,,,
E159,S054,SP05,18,1.0,1.0,1.0,1.0,1.0,1.0,,,
E159,S054,SP05,19,1.0,1.0,1.0,1.0,1.0,1.0,,,
E159,S054,SP05,20,1.0,1.0,1.0,1.0,1.0,1.0,,,
E159,S054,SP05,21,1.0,1.0,1.0,1.0,1.0,1.0,,,
E159,S054,SP05,22,1.0,1.0,1.0,1.0,1.0,1.0,,,
E159,S054,SP05,23,1.0,1.0,1.0,1.0,1.0,1.0,,,
E159,S054,SP05,24,1.0,1.0,1.0,1.0,1.0,1.0,,,
E159,S054,SP05,25,1.0,1.0,1.0,1.0,1.0,1.0,,,
E159,S054,SP05,26,1.0,1.0,1.0,1.0,1.0,1.0,,,
E159,S054,SP05,27,1.0,1.0,1.0,1.0,1.0,1.0,,,
E159,S054,SP05,28,1.0,1.0,1.0,1.0,1.0,1.0,,,
E159,S054,SP05,29,1.0,0.0,0.0,0.0,1.0,0.0,,,
E159,S054,SP05,30,1.0,1.0,1.0,1.0,1.0,1.0,,,
E159,S054,SP05,31,1.0,1.0,1.0,1.0,1.0,1.0,,,
E159,S054,SP05,32,1.0,1.0,1.0,1.0,1.0,1.0,,,
E159,S054,SP05,33,2.0,2.0,2.0,2.0,2.0,2.0,,,
E159,S054,SP05,34,1.0,1.0,1.0,1.0,1.0,1.0,,,
E159,S054,SP05,35,1.0,1.0,1.0,1.0,1.0,1.0,,,
E159,S054,SP05,36,1.0,1.0,1.0,1.0,1.0,1.0,,,
E159,S054,SP05,37,1.0,1.0,1.0,1.0,1.0,1.0,,,
E159,S054,SP05,38,2.0,2.0,2.0,2.0,2.0,2.0,,,
E159,S054,SP05,39,2.0,2.0,2.0,2.0,2.0,2.0,,,
E159,S054,SP05,40,2.0,2.0,2.0,2.0,2.0,2.0,,,
E055,S055,SP01,1,2.0,2.0,2.0,2.0,2.0,2.0,,,
E055,S055,SP01,2,3.0,3.0,3.0,3.0,3.0,3.0,,,
E055,S055,SP01,3,2.0,2.0,2.0,2.0,2.0,2.0,,,
E055,S055,SP01,4,2.0,2.0,2.0,2.0,2.0,2.0,,,
E055,S055,SP01,5,2.0,2.0,2.0,2.0,2.0,2.0,,,
E055,S055,SP01,6,2.0,2.0,2.0,2.0,2.0,2.0,,,
E055,S055,SP01,7,2.0,2.0,2.0,2.0,2.0,2.0,,,
E055,S055,SP01,8,2.0,2.0,2.0,2.0,2.0,2.0,,,
E055,S055,SP01,9,2.0,1.0,2.0,2.0,2.0,2.0,0.0,2.0,1.0
E055,S055,SP01,10,2.0,2.0,2.0,2.0,2.0,2.0,,,
E055,S055,SP01,11,2.0,0.0,2.0,2.0,2.0,2.0,1.0,1.0,1.0
E055,S055,SP01,12,1.0,1.0,1.0,1.0,1.0,1.0,,,
E055,S055,SP01,13,1.0,1.0,1.0,1.0,1.0,1.0,,,
E055,S055,SP01,14,1.0,1.0,1.0,1.0,1.0,1.0,,,
E055,S055,SP01,15,1.0,1.0,1.0,1.0,1.0,1.0,,,
E055,S055,SP01,16,1.0,1.0,1.0,1.0,1.0,1.0,,,
E055,S055,SP01,17,1.0,1.0,1.0,1.0,1.0,1.0,,,
E055,S055,SP01,18,1.0,0.0,0.0,0.0,1.0,1.0,,,
E055,S055,SP01,19,1.0,1.0,1.0,1.0,1.0,1.0,,,
E055,S055,SP01,20,1.0,1.0,1.0,1.0,1.0,1.0,,,
E055,S055,SP01,21,1.0,1.0,1.0,1.0,1.0,1.0,,,
E055,S055,SP01,22,1.0,1.0,1.0,1.0,1.0,1.0,,,
E055,S055,SP01,23,1.0,1.0,1.0,1.0,1.0,1.0,,,
E055,S055,SP01,24,1.0,1.0,1.0,1.0,1.0,1.0,,,
E055,S055,SP01,25,2.0,2.0,2.0,2.0,2.0,2.0,,,
E055,S055,SP01,26,1.0,1.0,1.0,1.0,1.0,1.0,,,
E055,S055,SP01,27,1.0,1.0,1.0,1.0,1.0,1.0,,,
E055,S055,SP01,28,1.0,1.0,1.0,1.0,1.0,1.0,,,
E055,S055,SP01,29,2.0,2.0,2.0,2.0,2.0,2.0,,,
E055,S055,SP01,30,2.0,2.0,2.0,2.0,2.0,2.0,,,
E055,S055,SP01,31,2.0,1.0,2.0,2.0,2.0,2.0,1.0,1.0,2.0
E055,S055,SP01,32,1.0,1.0,1.0,1.0,1.0,1.0,,,
E055,S055,SP01,33,2.0,1.0,2.0,2.0,2.0,2.0,1.0,2.0,2.0
E204,S055,SP02,1,2.0,2.0,2.0,2.0,2.0,2.0,,,
E204,S055,SP02,2,3.0,3.0,3.0,3.0,3.0,3.0,,,
E204,S055,SP02,3,2.0,2.0,2.0,2.0,2.0,2.0,,,
E204,S055,SP02,4,2.0,2.0,2.0,2.0,2.0,2.0,,,
E204,S055,SP02,5,1.0,1.0,1.0,1.0,1.0,1.0,,,
E204,S055,SP02,6,1.0,1.0,1.0,1.0,1.0,1.0,,,
E204,S055,SP02,7,2.0,1.0,2.0,2.0,2.0,2.0,2.0,2.0,2.0
E204,S055,SP02,8,2.0,2.0,2.0,2.0,2.0,2.0,,,
E204,S055,SP02,9,2.0,1.0,2.0,2.0,2.0,2.0,0.0,1.0,1.0
E204,S055,SP02,10,1.0,0.0,1.0,1.0,1.0,1.0,0.0,0.0,1.0
E204,S055,SP02,11,2.0,2.0,2.0,2.0,2.0,2.0,,,
E204,S055,SP02,12,2.0,1.0,2.0,2.0,2.0,2.0,1.0,1.0,1.0
E204,S055,SP02,13,2.0,2.0,2.0,2.0,2.0,2.0,,,
E204,S055,SP02,14,1.0,0.0,0.0,0.0,1.0,1.0,,,
E204,S055,SP02,15,1.0,1.0,1.0,1.0,1.0,1.0,,,
E204,S055,SP02,16,2.0,2.0,2.0,2.0,2.0,2.0,,,
E204,S055,SP02,17,1.0,1.0,1.0,1.0,1.0,1.0,,,
E204,S055,SP02,18,1.0,1.0,1.0,1.0,1.0,1.0,,,
E204,S055,SP02,19,1.0,1.0,1.0,1.0,1.0,1.0,,,
E204,S055,SP02,20,1.0,1.0,1.0,1.0,1.0,1.0,,,
E204,S055,SP02,21,1.0,1.0,1.0,1.0,1.0,0.0,,,
E204,S055,SP02,22,1.0,1.0,1.0,1.0,1.0,1.0,,,
E204,S055,SP02,23,1.0,1.0,1.0,1.0,1.0,1.0,,,
E204,S055,SP02,24,1.0,1.0,1.0,1.0,1.0,1.0,,,
E204,S055,SP02,25,1.0,1.0,1.0,1.0,1.0,1.0,,,
E204,S055,SP02,26,1.0,1.0,1.0,1.0,1.0,1.0,,,
E204,S055,SP02,27,1.0,1.0,1.0,1.0,1.0,1.0,,,
E204,S055,SP02,28,1.0,1.0,1.0,1.0,1.0,1.0,,,
E204,S055,SP02,29,1.0,1.0,1.0,1.0,1.0,1.0,,,
E204,S055,SP02,30,2.0,2.0,2.0,2.0,2.0,2.0,,,
E204,S055,SP02,31,2.0,2.0,2.0,2.0,2.0,2.0,,,
E204,S055,SP02,32,2.0,2.0,2.0,2.0,2.0,2.0,,,
E204,S055,SP02,33,1.0,1.0,1.0,1.0,1.0,1.0,,,
E204,S055,SP02,34,2.0,2.0,2.0,2.0,2.0,2.0,,,
E226,S055,SP03,1,2.0,2.0,2.0,2.0,2.0,2.0,,,
E226,S055,SP03,2,3.0,3.0,3.0,3.0,3.0,3.0,,,
E226,S055,SP03,3,3.0,3.0,3.0,3.0,3.0,3.0,,,
E226,S055,SP03,4,2.0,2.0,2.0,2.0,2.0,2.0,,,
E226,S055,SP03,5,1.0,1.0,1.0,1.0,1.0,1.0,,,
E226,S055,SP03,6,2.0,1.0,2.0,2.0,2.0,2.0,2.0,2.0,2.0
E226,S055,SP03,7,2.0,1.0,2.0,2.0,2.0,2.0,2.0,2.0,2.0
E226,S055,SP03,8,1.0,1.0,1.0,1.0,1.0,1.0,,,
E226,S055,SP03,9,1.0,1.0,1.0,1.0,1.0,1.0,,,
E226,S055,SP03,10,1.0,1.0,1.0,1.0,1.0,1.0,,,
E226,S055,SP03,11,2.0,2.0,2.0,2.0,2.0,2.0,,,
E226,S055,SP03,12,2.0,2.0,2.0,2.0,2.0,2.0,,,
E226,S055,SP03,13,2.0,1.0,2.0,2.0,2.0,2.0,1.0,0.0,0.0
E226,S055,SP03,14,2.0,1.0,2.0,2.0,0.0,0.0,1.0,1.0,1.0
E226,S055,SP03,15,2.0,1.0,2.0,2.0,2.0,2.0,2.0,2.0,0.0
E226,S055,SP03,16,2.0,1.0,2.0,2.0,2.0,2.0,1.0,2.0,1.0
E226,S055,SP03,17,2.0,2.0,2.0,2.0,2.0,2.0,,,
E226,S055,SP03,18,1.0,0.0,1.0,1.0,1.0,1.0,0.0,0.0,0.0
E226,S055,SP03,19,1.0,1.0,1.0,1.0,1.0,1.0,,,
E226,S055,SP03,20,1.0,1.0,1.0,1.0,1.0,1.0,,,
E226,S055,SP03,21,1.0,1.0,1.0,1.0,1.0,1.0,,,
E226,S055,SP03,22,1.0,1.0,1.0,1.0,1.0,1.0,,,
E226,S055,SP03,23,1.0,1.0,1.0,1.0,1.0,1.0,,,
E226,S055,SP03,24,1.0,1.0,1.0,1.0,1.0,1.0,,,
E226,S055,SP03,25,1.0,1.0,1.0,1.0,1.0,1.0,,,
E226,S055,SP03,26,1.0,1.0,1.0,1.0,1.0,1.0,,,
E226,S055,SP03,27,1.0,1.0,1.0,1.0,1.0,1.0,,,
E226,S055,SP03,28,1.0,1.0,1.0,1.0,1.0,1.0,,,
E226,S055,SP03,29,1.0,1.0,1.0,1.0,1.0,1.0,,,
E226,S055,SP03,30,1.0,1.0,1.0,1.0,1.0,1.0,,,
E226,S055,SP03,31,1.0,1.0,1.0,1.0,1.0,1.0,,,
E226,S055,SP03,32,1.0,1.0,1.0,1.0,1.0,1.0,,,
E226,S055,SP03,33,3.0,2.0,3.0,3.0,3.0,3.0,1.0,3.0,2.0
E046,S056,SP01,1,2.0,2.0,2.0,2.0,2.0,2.0,,,
E046,S056,SP01,2,3.0,3.0,3.0,3.0,3.0,3.0,,,
E046,S056,SP01,3,2.0,2.0,2.0,2.0,2.0,2.0,,,
E046,S056,SP01,4,2.0,2.0,2.0,2.0,2.0,2.0,,,
E046,S056,SP01,5,2.0,2.0,2.0,2.0,2.0,2.0,,,
E046,S056,SP01,6,2.0,2.0,2.0,2.0,2.0,2.0,,,
E046,S056,SP01,7,2.0,2.0,2.0,2.0,2.0,2.0,,,
E046,S056,SP01,8,2.0,2.0,2.0,2.0,2.0,2.0,,,
E046,S056,SP01,9,2.0,1.0,2.0,2.0,2.0,2.0,0.0,1.0,1.0
E046,S056,SP01,10,2.0,0.0,0.0,0.0,2.0,2.0,,,
E046,S056,SP01,11,2.0,1.0,1.0,1.0,1.0,2.0,,,
E046,S056,SP01,12,1.0,1.0,1.0,1.0,1.0,1.0,,,
E046,S056,SP01,13,1.0,1.0,1.0,1.0,1.0,1.0,,,
E046,S056,SP01,14,1.0,1.0,1.0,1.0,1.0,1.0,,,
E046,S056,SP01,15,1.0,1.0,1.0,1.0,1.0,1.0,,,
E046,S056,SP01,16,1.0,1.0,1.0,1.0,1.0,1.0,,,
E046,S056,SP01,17,1.0,1.0,1.0,1.0,1.0,1.0,,,
E046,S056,SP01,18,1.0,0.0,0.0,0.0,1.0,1.0,,,
E046,S056,SP01,19,1.0,1.0,1.0,1.0,1.0,1.0,,,
E046,S056,SP01,20,1.0,1.0,1.0,1.0,1.0,1.0,,,
E046,S056,SP01,21,1.0,1.0,1.0,1.0,1.0,1.0,,,
E046,S056,SP01,22,1.0,1.0,1.0,1.0,1.0,1.0,,,
E046,S056,SP01,23,1.0,1.0,1.0,1.0,1.0,1.0,,,
E046,S056,SP01,24,1.0,1.0,1.0,1.0,1.0,1.0,,,
E046,S056,SP01,25,2.0,2.0,2.0,2.0,2.0,2.0,,,
E046,S056,SP01,26,1.0,1.0,1.0,1.0,1.0,1.0,,,
E046,S056,SP01,27,1.0,1.0,1.0,1.0,1.0,1.0,,,
E046,S056,SP01,28,1.0,1.0,1.0,1.0,1.0,1.0,,,
E046,S056,SP01,29,2.0,2.0,2.0,2.0,2.0,2.0,,,
E046,S056,SP01,30,2.0,2.0,2.0,2.0,2.0,2.0,,,
E046,S056,SP01,31,2.0,2.0,2.0,2.0,2.0,2.0,,,
E046,S056,SP01,32,1.0,1.0,0.0,0.0,1.0,1.0,0.0,0.0,0.0
E046,S056,SP01,33,2.0,2.0,2.0,2.0,2.0,2.0,,,
E067,S056,SP02,1,2.0,2.0,2.0,2.0,2.0,2.0,,,
E067,S056,SP02,2,3.0,3.0,3.0,3.0,3.0,3.0,,,
E067,S056,SP02,3,2.0,2.0,2.0,2.0,2.0,2.0,,,
E067,S056,SP02,4,2.0,2.0,2.0,2.0,2.0,2.0,,,
E067,S056,SP02,5,1.0,1.0,1.0,1.0,1.0,1.0,,,
E067,S056,SP02,6,1.0,1.0,1.0,1.0,1.0,1.0,,,
E067,S056,SP02,7,2.0,2.0,2.0,2.0,2.0,2.0,,,
E067,S056,SP02,8,2.0,2.0,2.0,2.0,2.0,2.0,,,
E067,S056,SP02,9,2.0,2.0,2.0,2.0,2.0,2.0,,,
E067,S056,SP02,10,1.0,1.0,1.0,1.0,1.0,1.0,,,
E067,S056,SP02,11,2.0,2.0,2.0,2.0,2.0,2.0,,,
E067,S056,SP02,12,2.0,1.0,2.0,2.0,2.0,2.0,1.0,1.0,1.0
E067,S056,SP02,13,2.0,2.0,0.0,0.0,0.0,2.0,0.0,0.0,0.0
E067,S056,SP02,14,1.0,1.0,1.0,1.0,1.0,1.0,,,
E067,S056,SP02,15,1.0,1.0,1.0,1.0,1.0,1.0,,,
E067,S056,SP02,16,2.0,2.0,2.0,2.0,2.0,2.0,,,
E067,S056,SP02,17,1.0,0.0,1.0,1.0,1.0,1.0,0.0,1.0,0.0
E067,S056,SP02,18,1.0,1.0,1.0,1.0,1.0,1.0,,,
E067,S056,SP02,19,1.0,1.0,1.0,1.0,1.0,1.0,,,
E067,S056,SP02,20,1.0,1.0,1.0,1.0,1.0,1.0,,,
E067,S056,SP02,21,1.0,1.0,1.0,1.0,1.0,1.0,,,
E067,S056,SP02,22,1.0,1.0,1.0,1.0,1.0,1.0,,,
E067,S056,SP02,23,1.0,1.0,1.0,1.0,1.0,1.0,,,
E067,S056,SP02,24,1.0,1.0,1.0,1.0,1.0,1.0,,,
E067,S056,SP02,25,1.0,1.0,1.0,1.0,1.0,1.0,,,
E067,S056,SP02,26,1.0,1.0,1.0,1.0,1.0,1.0,,,
E067,S056,SP02,27,1.0,1.0,1.0,1.0,1.0,1.0,,,
E067,S056,SP02,28,1.0,1.0,1.0,1.0,1.0,1.0,,,
E067,S056,SP02,29,1.0,1.0,1.0,1.0,1.0,1.0,,,
E067,S056,SP02,30,2.0,2.0,2.0,2.0,2.0,2.0,,,
E067,S056,SP02,31,2.0,2.0,2.0,2.0,2.0,2.0,,,
E067,S056,SP02,32,2.0,2.0,2.0,2.0,2.0,2.0,,,
E067,S056,SP02,33,1.0,1.0,1.0,1.0,1.0,1.0,,,
E067,S056,SP02,34,2.0,2.0,2.0,2.0,2.0,2.0,,,
E038,S056,SP03,1,2.0,2.0,2.0,2.0,2.0,2.0,,,
E038,S056,SP03,2,3.0,3.0,3.0,3.0,3.0,3.0,,,
E038,S056,SP03,3,3.0,3.0,3.0,3.0,3.0,3.0,,,
E038,S056,SP03,4,2.0,2.0,2.0,2.0,2.0,2.0,,,
E038,S056,SP03,5,1.0,1.0,1.0,1.0,1.0,1.0,,,
E038,S056,SP03,6,2.0,0.0,2.0,2.0,2.0,2.0,2.0,2.0,2.0
E038,S056,SP03,7,2.0,2.0,2.0,2.0,2.0,2.0,,,
E038,S056,SP03,8,1.0,1.0,1.0,1.0,1.0,1.0,,,
E038,S056,SP03,9,1.0,1.0,1.0,1.0,1.0,1.0,,,
E038,S056,SP03,10,1.0,1.0,1.0,1.0,1.0,1.0,,,
E038,S056,SP03,11,2.0,2.0,2.0,2.0,2.0,2.0,,,
E038,S056,SP03,12,2.0,2.0,2.0,2.0,2.0,2.0,,,
E038,S056,SP03,13,2.0,1.0,2.0,2.0,2.0,2.0,2.0,2.0,2.0
E038,S056,SP03,14,2.0,0.0,0.0,0.0,2.0,0.0,,,
E038,S056,SP03,15,2.0,1.0,2.0,2.0,2.0,2.0,1.0,1.0,1.0
E038,S056,SP03,16,2.0,2.0,2.0,2.0,2.0,2.0,,,
E038,S056,SP03,17,2.0,2.0,2.0,2.0,2.0,2.0,,,
E038,S056,SP03,18,1.0,1.0,0.0,0.0,1.0,0.0,0.0,0.0,0.0
E038,S056,SP03,19,1.0,1.0,1.0,1.0,1.0,1.0,,,
E038,S056,SP03,20,1.0,1.0,1.0,1.0,1.0,1.0,,,
E038,S056,SP03,21,1.0,1.0,1.0,1.0,1.0,1.0,,,
E038,S056,SP03,22,1.0,1.0,1.0,1.0,1.0,1.0,,,
E038,S056,SP03,23,1.0,1.0,1.0,1.0,1.0,1.0,,,
E038,S056,SP03,24,1.0,1.0,1.0,1.0,1.0,1.0,,,
E038,S056,SP03,25,1.0,1.0,1.0,1.0,1.0,1.0,,,
E038,S056,SP03,26,1.0,1.0,1.0,1.0,1.0,1.0,,,
E038,S056,SP03,27,1.0,1.0,0.0,0.0,1.0,1.0,1.0,1.0,1.0
E038,S056,SP03,28,1.0,1.0,1.0,1.0,1.0,1.0,,,
E038,S056,SP03,29,1.0,1.0,1.0,1.0,1.0,1.0,,,
E038,S056,SP03,30,1.0,1.0,1.0,1.0,1.0,1.0,,,
E038,S056,SP03,31,1.0,1.0,1.0,1.0,1.0,1.0,,,
E038,S056,SP03,32,1.0,1.0,1.0,1.0,1.0,1.0,,,
E038,S056,SP03,33,3.0,3.0,3.0,3.0,3.0,3.0,,,
E171,S057,SP01,1,2.0,2.0,2.0,2.0,2.0,2.0,,,
E171,S057,SP01,2,3.0,3.0,3.0,3.0,3.0,3.0,,,
E171,S057,SP01,3,2.0,2.0,2.0,2.0,2.0,2.0,,,
E171,S057,SP01,4,2.0,2.0,2.0,2.0,2.0,2.0,,,
E171,S057,SP01,5,2.0,2.0,2.0,2.0,2.0,2.0,,,
E171,S057,SP01,6,2.0,2.0,2.0,2.0,2.0,2.0,,,
E171,S057,SP01,7,2.0,2.0,2.0,2.0,2.0,2.0,,,
E171,S057,SP01,8,2.0,2.0,2.0,2.0,2.0,2.0,,,
E171,S057,SP01,9,2.0,2.0,2.0,2.0,2.0,2.0,,,
E171,S057,SP01,10,2.0,0.0,2.0,2.0,2.0,2.0,0.0,2.0,1.0
E171,S057,SP01,11,2.0,0.0,2.0,2.0,2.0,2.0,1.0,2.0,1.5
E171,S057,SP01,12,1.0,1.0,1.0,1.0,1.0,1.0,,,
E171,S057,SP01,13,1.0,1.0,1.0,1.0,1.0,1.0,,,
E171,S057,SP01,14,1.0,1.0,1.0,1.0,1.0,1.0,,,
E171,S057,SP01,15,1.0,1.0,1.0,1.0,1.0,1.0,,,
E171,S057,SP01,16,1.0,1.0,1.0,1.0,1.0,1.0,,,
E171,S057,SP01,17,1.0,1.0,1.0,1.0,1.0,1.0,,,
E171,S057,SP01,18,1.0,0.0,0.0,0.0,1.0,1.0,,,
E171,S057,SP01,19,1.0,1.0,1.0,1.0,1.0,1.0,,,
E171,S057,SP01,20,1.0,1.0,1.0,1.0,1.0,1.0,,,
E171,S057,SP01,21,1.0,1.0,1.0,1.0,1.0,1.0,,,
E171,S057,SP01,22,1.0,1.0,1.0,1.0,1.0,1.0,,,
E171,S057,SP01,23,1.0,1.0,1.0,1.0,1.0,1.0,,,
E171,S057,SP01,24,1.0,1.0,1.0,1.0,1.0,1.0,,,
E171,S057,SP01,25,2.0,2.0,2.0,2.0,2.0,2.0,,,
E171,S057,SP01,26,1.0,1.0,1.0,1.0,1.0,1.0,,,
E171,S057,SP01,27,1.0,1.0,1.0,1.0,1.0,1.0,,,
E171,S057,SP01,28,1.0,1.0,1.0,1.0,1.0,1.0,,,
E171,S057,SP01,29,2.0,0.0,2.0,2.0,2.0,2.0,1.0,1.0,1.0
E171,S057,SP01,30,2.0,0.0,0.0,0.0,2.0,0.0,,,
E171,S057,SP01,31,2.0,1.0,2.0,2.0,2.0,2.0,0.0,0.0,0.0
E171,S057,SP01,32,1.0,1.0,0.0,0.0,1.0,1.0,0.0,0.0,0.0
E171,S057,SP01,33,2.0,0.0,0.0,0.0,2.0,2.0,,,
E227,S057,SP02,1,2.0,2.0,2.0,2.0,2.0,2.0,,,
E227,S057,SP02,2,3.0,3.0,3.0,3.0,3.0,3.0,,,
E227,S057,SP02,3,2.0,2.0,2.0,2.0,2.0,2.0,,,
E227,S057,SP02,4,2.0,2.0,2.0,2.0,2.0,2.0,,,
E227,S057,SP02,5,1.0,1.0,1.0,1.0,1.0,1.0,,,
E227,S057,SP02,6,1.0,1.0,0.0,0.0,1.0,1.0,0.0,1.0,1.0
E227,S057,SP02,7,2.0,2.0,2.0,2.0,2.0,2.0,,,
E227,S057,SP02,8,2.0,2.0,2.0,2.0,2.0,2.0,,,
E227,S057,SP02,9,2.0,2.0,2.0,2.0,2.0,2.0,,,
E227,S057,SP02,10,1.0,0.0,1.0,1.0,1.0,1.0,0.0,1.0,1.0
E227,S057,SP02,11,2.0,2.0,1.5,1.5,2.0,2.0,1.5,2.0,1.0
E227,S057,SP02,12,2.0,1.0,1.0,1.0,2.0,2.0,,,
E227,S057,SP02,13,2.0,1.0,0.5,0.5,1.0,2.0,2.0,2.0,0.5
E227,S057,SP02,14,1.0,0.0,0.0,0.0,0.0,1.0,,,
E227,S057,SP02,15,1.0,1.0,1.0,1.0,1.0,1.0,,,
E227,S057,SP02,16,2.0,2.0,2.0,2.0,2.0,2.0,,,
E227,S057,SP02,17,1.0,1.0,1.0,1.0,1.0,1.0,,,
E227,S057,SP02,18,1.0,1.0,1.0,1.0,1.0,1.0,,,
E227,S057,SP02,19,1.0,1.0,1.0,1.0,1.0,1.0,,,
E227,S057,SP02,20,1.0,1.0,1.0,1.0,1.0,1.0,,,
E227,S057,SP02,21,1.0,1.0,1.0,1.0,1.0,1.0,,,
E227,S057,SP02,22,1.0,1.0,1.0,1.0,1.0,1.0,,,
E227,S057,SP02,23,1.0,1.0,1.0,1.0,1.0,1.0,,,
E227,S057,SP02,24,1.0,1.0,1.0,1.0,1.0,1.0,,,
E227,S057,SP02,25,1.0,1.0,1.0,1.0,1.0,1.0,,,
E227,S057,SP02,26,1.0,1.0,1.0,1.0,1.0,1.0,,,
E227,S057,SP02,27,1.0,1.0,1.0,1.0,1.0,1.0,,,
E227,S057,SP02,28,1.0,1.0,0.0,0.0,1.0,1.0,1.0,0.0,0.0
E227,S057,SP02,29,1.0,1.0,1.0,1.0,1.0,1.0,,,
E227,S057,SP02,30,2.0,2.0,2.0,2.0,2.0,2.0,,,
E227,S057,SP02,31,2.0,2.0,2.0,2.0,2.0,2.0,,,
E227,S057,SP02,32,2.0,2.0,1.0,1.0,2.0,2.0,2.0,1.0,2.0
E227,S057,SP02,33,1.0,1.0,1.0,1.0,1.0,1.0,,,
E227,S057,SP02,34,2.0,2.0,2.0,2.0,2.0,2.0,,,
E213,S057,SP03,1,2.0,2.0,2.0,2.0,2.0,2.0,,,
E213,S057,SP03,2,3.0,2.0,3.0,3.0,3.0,3.0,3.0,3.0,3.0
E213,S057,SP03,3,3.0,3.0,3.0,3.0,3.0,3.0,,,
E213,S057,SP03,4,2.0,2.0,2.0,2.0,2.0,2.0,,,
E213,S057,SP03,5,1.0,1.0,1.0,1.0,1.0,1.0,,,
E213,S057,SP03,6,2.0,1.0,2.0,2.0,2.0,2.0,2.0,2.0,2.0
E213,S057,SP03,7,2.0,2.0,2.0,2.0,2.0,2.0,,,
E213,S057,SP03,8,1.0,1.0,1.0,1.0,1.0,1.0,,,
E213,S057,SP03,9,1.0,1.0,1.0,1.0,1.0,1.0,,,
E213,S057,SP03,10,1.0,1.0,1.0,1.0,1.0,1.0,,,
E213,S057,SP03,11,2.0,2.0,2.0,2.0,2.0,2.0,,,
E213,S057,SP03,12,2.0,2.0,2.0,2.0,2.0,2.0,,,
E213,S057,SP03,13,2.0,1.0,2.0,2.0,2.0,2.0,2.0,2.0,1.0
E213,S057,SP03,14,2.0,0.0,0.0,0.0,0.0,2.0,,,
E213,S057,SP03,15,2.0,0.0,2.0,2.0,2.0,2.0,2.0,2.0,1.0
E213,S057,SP03,16,2.0,2.0,2.0,2.0,2.0,2.0,,,
E213,S057,SP03,17,2.0,2.0,2.0,2.0,2.0,2.0,,,
E213,S057,SP03,18,1.0,1.0,1.0,1.0,1.0,1.0,,,
E213,S057,SP03,19,1.0,1.0,1.0,1.0,1.0,1.0,,,
E213,S057,SP03,20,1.0,1.0,1.0,1.0,1.0,1.0,,,
E213,S057,SP03,21,1.0,1.0,1.0,1.0,1.0,1.0,,,
E213,S057,SP03,22,1.0,1.0,1.0,1.0,1.0,1.0,,,
E213,S057,SP03,23,1.0,1.0,1.0,1.0,1.0,1.0,,,
E213,S057,SP03,24,1.0,1.0,1.0,1.0,1.0,1.0,,,
E213,S057,SP03,25,1.0,1.0,1.0,1.0,1.0,1.0,,,
E213,S057,SP03,26,1.0,1.0,1.0,1.0,1.0,1.0,,,
E213,S057,SP03,27,1.0,1.0,0.0,0.0,1.0,1.0,1.0,1.0,1.0
E213,S057,SP03,28,1.0,1.0,1.0,1.0,1.0,1.0,,,
E213,S057,SP03,29,1.0,1.0,1.0,1.0,1.0,1.0,,,
E213,S057,SP03,30,1.0,1.0,1.0,1.0,1.0,1.0,,,
E213,S057,SP03,31,1.0,1.0,1.0,1.0,1.0,1.0,,,
E213,S057,SP03,32,1.0,1.0,1.0,1.0,1.0,1.0,,,
E213,S057,SP03,33,3.0,2.0,3.0,3.0,3.0,3.0,2.0,3.0,3.0
E178,S058,SP01,1,2.0,2.0,2.0,2.0,2.0,2.0,,,
E178,S058,SP01,2,3.0,3.0,3.0,3.0,3.0,3.0,,,
E178,S058,SP01,3,2.0,2.0,2.0,2.0,2.0,2.0,,,
E178,S058,SP01,4,2.0,2.0,2.0,2.0,2.0,2.0,,,
E178,S058,SP01,5,2.0,2.0,2.0,2.0,2.0,2.0,,,
E178,S058,SP01,6,2.0,2.0,2.0,2.0,2.0,2.0,,,
E178,S058,SP01,7,2.0,2.0,2.0,2.0,2.0,2.0,,,
E178,S058,SP01,8,2.0,2.0,2.0,2.0,2.0,2.0,,,
E178,S058,SP01,9,2.0,1.0,2.0,2.0,2.0,2.0,1.0,2.0,1.0
E178,S058,SP01,10,2.0,2.0,2.0,2.0,2.0,2.0,,,
E178,S058,SP01,11,2.0,2.0,2.0,2.0,2.0,2.0,,,
E178,S058,SP01,12,1.0,1.0,1.0,1.0,1.0,1.0,,,
E178,S058,SP01,13,1.0,1.0,1.0,1.0,1.0,1.0,,,
E178,S058,SP01,14,1.0,1.0,1.0,1.0,1.0,1.0,,,
E178,S058,SP01,15,1.0,1.0,1.0,1.0,1.0,1.0,,,
E178,S058,SP01,16,1.0,1.0,1.0,1.0,1.0,1.0,,,
E178,S058,SP01,17,1.0,1.0,1.0,1.0,1.0,1.0,,,
E178,S058,SP01,18,1.0,1.0,0.0,0.0,1.0,1.0,1.0,1.0,0.5
E178,S058,SP01,19,1.0,1.0,1.0,1.0,1.0,1.0,,,
E178,S058,SP01,20,1.0,0.0,1.0,1.0,1.0,1.0,1.0,1.0,1.0
E178,S058,SP01,21,1.0,1.0,1.0,1.0,1.0,1.0,,,
E178,S058,SP01,22,1.0,1.0,1.0,1.0,1.0,1.0,,,
E178,S058,SP01,23,1.0,1.0,1.0,1.0,1.0,1.0,,,
E178,S058,SP01,24,1.0,1.0,1.0,1.0,1.0,1.0,,,
E178,S058,SP01,25,2.0,2.0,2.0,2.0,2.0,2.0,,,
E178,S058,SP01,26,1.0,1.0,1.0,1.0,1.0,1.0,,,
E178,S058,SP01,27,1.0,1.0,1.0,1.0,1.0,1.0,,,
E178,S058,SP01,28,1.0,1.0,1.0,1.0,1.0,1.0,,,
E178,S058,SP01,29,2.0,2.0,2.0,2.0,2.0,2.0,,,
E178,S058,SP01,30,2.0,2.0,2.0,2.0,2.0,2.0,,,
E178,S058,SP01,31,2.0,2.0,2.0,2.0,2.0,2.0,,,
E178,S058,SP01,32,1.0,1.0,1.0,1.0,1.0,1.0,,,
E178,S058,SP01,33,2.0,2.0,2.0,2.0,2.0,2.0,,,
E061,S058,SP02,1,2.0,2.0,2.0,2.0,2.0,2.0,,,
E061,S058,SP02,2,3.0,3.0,3.0,3.0,3.0,3.0,,,
E061,S058,SP02,3,2.0,2.0,2.0,2.0,2.0,2.0,,,
E061,S058,SP02,4,2.0,2.0,2.0,2.0,2.0,2.0,,,
E061,S058,SP02,5,1.0,1.0,1.0,1.0,1.0,1.0,,,
E061,S058,SP02,6,1.0,1.0,1.0,1.0,1.0,1.0,,,
E061,S058,SP02,7,2.0,2.0,2.0,2.0,2.0,2.0,,,
E061,S058,SP02,8,2.0,2.0,2.0,2.0,2.0,2.0,,,
E061,S058,SP02,9,2.0,2.0,2.0,2.0,2.0,2.0,,,
E061,S058,SP02,10,1.0,0.0,1.0,1.0,1.0,1.0,1.0,1.0,1.0
E061,S058,SP02,11,2.0,2.0,2.0,2.0,2.0,2.0,,,
E061,S058,SP02,12,2.0,2.0,1.0,1.0,2.0,2.0,0.0,1.0,1.0
E061,S058,SP02,13,2.0,1.0,1.0,1.0,2.0,2.0,,,
E061,S058,SP02,14,1.0,1.0,0.0,0.0,1.0,1.0,0.0,0.0,0.5
E061,S058,SP02,15,1.0,1.0,1.0,1.0,1.0,1.0,,,
E061,S058,SP02,16,2.0,2.0,1.0,1.0,2.0,2.0,2.0,2.0,2.0
E061,S058,SP02,17,1.0,1.0,1.0,1.0,1.0,1.0,,,
E061,S058,SP02,18,1.0,1.0,1.0,1.0,1.0,1.0,,,
E061,S058,SP02,19,1.0,1.0,0.0,0.0,1.0,1.0,0.0,0.0,1.0
E061,S058,SP02,20,1.0,1.0,1.0,1.0,1.0,1.0,,,
E061,S058,SP02,21,1.0,1.0,1.0,1.0,1.0,1.0,,,
E061,S058,SP02,22,1.0,1.0,1.0,1.0,1.0,1.0,,,
E061,S058,SP02,23,1.0,1.0,1.0,1.0,1.0,1.0,,,
E061,S058,SP02,24,1.0,1.0,1.0,1.0,1.0,1.0,,,
E061,S058,SP02,25,1.0,1.0,1.0,1.0,1.0,1.0,,,
E061,S058,SP02,26,1.0,1.0,1.0,1.0,1.0,1.0,,,
E061,S058,SP02,27,1.0,1.0,1.0,1.0,1.0,1.0,,,
E061,S058,SP02,28,1.0,1.0,1.0,1.0,1.0,1.0,,,
E061,S058,SP02,29,1.0,1.0,1.0,1.0,1.0,1.0,,,
E061,S058,SP02,30,2.0,2.0,2.0,2.0,2.0,2.0,,,
E061,S058,SP02,31,2.0,2.0,2.0,2.0,2.0,2.0,,,
E061,S058,SP02,32,2.0,2.0,2.0,2.0,2.0,2.0,,,
E061,S058,SP02,33,1.0,1.0,1.0,1.0,1.0,1.0,,,
E061,S058,SP02,34,2.0,2.0,2.0,2.0,2.0,2.0,,,
E233,S058,SP03,1,2.0,2.0,2.0,2.0,2.0,2.0,,,
E233,S058,SP03,2,3.0,3.0,3.0,3.0,3.0,3.0,,,
E233,S058,SP03,3,3.0,3.0,3.0,3.0,3.0,3.0,,,
E233,S058,SP03,4,2.0,2.0,2.0,2.0,2.0,2.0,,,
E233,S058,SP03,5,1.0,1.0,1.0,1.0,1.0,1.0,,,
E233,S058,SP03,6,2.0,2.0,2.0,2.0,2.0,2.0,,,
E233,S058,SP03,7,2.0,2.0,2.0,2.0,2.0,2.0,,,
E233,S058,SP03,8,1.0,1.0,1.0,1.0,1.0,1.0,,,
E233,S058,SP03,9,1.0,1.0,1.0,1.0,1.0,1.0,,,
E233,S058,SP03,10,1.0,1.0,1.0,1.0,1.0,1.0,,,
E233,S058,SP03,11,2.0,2.0,2.0,2.0,2.0,2.0,,,
E233,S058,SP03,12,2.0,2.0,2.0,2.0,2.0,2.0,,,
E233,S058,SP03,13,2.0,1.0,2.0,2.0,2.0,2.0,2.0,2.0,2.0
E233,S058,SP03,14,2.0,2.0,2.0,2.0,2.0,2.0,,,
E233,S058,SP03,15,2.0,2.0,2.0,2.0,2.0,2.0,,,
E233,S058,SP03,16,2.0,2.0,2.0,2.0,2.0,2.0,,,
E233,S058,SP03,17,2.0,0.0,2.0,2.0,2.0,2.0,0.0,0.0,2.0
E233,S058,SP03,18,1.0,1.0,1.0,1.0,1.0,1.0,,,
E233,S058,SP03,19,1.0,1.0,1.0,1.0,1.0,1.0,,,
E233,S058,SP03,20,1.0,1.0,1.0,1.0,1.0,1.0,,,
E233,S058,SP03,21,1.0,1.0,1.0,1.0,1.0,1.0,,,
E233,S058,SP03,22,1.0,1.0,1.0,1.0,1.0,1.0,,,
E233,S058,SP03,23,1.0,1.0,1.0,1.0,1.0,1.0,,,
E233,S058,SP03,24,1.0,1.0,1.0,1.0,1.0,1.0,,,
E233,S058,SP03,25,1.0,1.0,1.0,1.0,1.0,1.0,,,
E233,S058,SP03,26,1.0,1.0,1.0,1.0,1.0,1.0,,,
E233,S058,SP03,27,1.0,1.0,1.0,1.0,1.0,1.0,,,
E233,S058,SP03,28,1.0,1.0,1.0,1.0,1.0,1.0,,,
E233,S058,SP03,29,1.0,1.0,1.0,1.0,1.0,1.0,,,
E233,S058,SP03,30,1.0,1.0,1.0,1.0,1.0,1.0,,,
E233,S058,SP03,31,1.0,1.0,1.0,1.0,1.0,1.0,,,
E233,S058,SP03,32,1.0,1.0,1.0,1.0,1.0,1.0,,,
E233,S058,SP03,33,3.0,3.0,3.0,3.0,3.0,3.0,,,
E032,S059,SP04,1,2.0,2.0,2.0,2.0,2.0,2.0,,,
E032,S059,SP04,2,3.0,3.0,3.0,3.0,3.0,3.0,,,
E032,S059,SP04,3,3.0,3.0,3.0,3.0,3.0,3.0,,,
E032,S059,SP04,4,2.0,2.0,2.0,2.0,2.0,2.0,,,
E032,S059,SP04,5,1.0,1.0,1.0,1.0,1.0,1.0,,,
E032,S059,SP04,6,1.0,1.0,1.0,1.0,1.0,1.0,,,
E032,S059,SP04,7,2.0,2.0,2.0,2.0,2.0,2.0,,,
E032,S059,SP04,8,1.0,0.0,0.0,0.0,1.0,0.0,,,
E032,S059,SP04,9,1.0,0.0,0.0,0.0,0.0,0.0,,,
E032,S059,SP04,10,1.0,1.0,1.0,1.0,1.0,1.0,,,
E032,S059,SP04,11,1.0,1.0,1.0,1.0,1.0,1.0,,,
E032,S059,SP04,12,1.0,0.0,0.0,0.0,0.0,1.0,,,
E032,S059,SP04,13,1.0,1.0,1.0,1.0,1.0,1.0,,,
E032,S059,SP04,14,1.0,1.0,1.0,1.0,1.0,1.0,,,
E032,S059,SP04,15,1.0,1.0,1.0,1.0,1.0,1.0,,,
E032,S059,SP04,16,1.0,1.0,1.0,1.0,1.0,1.0,,,
E032,S059,SP04,17,1.0,1.0,1.0,1.0,1.0,1.0,,,
E032,S059,SP04,18,1.0,1.0,1.0,1.0,1.0,1.0,,,
E032,S059,SP04,19,1.0,1.0,1.0,1.0,1.0,1.0,,,
E032,S059,SP04,20,1.0,1.0,1.0,1.0,1.0,1.0,,,
E032,S059,SP04,21,2.0,2.0,2.0,2.0,2.0,2.0,,,
E032,S059,SP04,22,1.0,1.0,1.0,1.0,1.0,1.0,,,
E032,S059,SP04,23,1.0,1.0,1.0,1.0,1.0,1.0,,,
E032,S059,SP04,24,1.0,1.0,1.0,1.0,1.0,1.0,,,
E032,S059,SP04,25,1.0,1.0,1.0,1.0,1.0,1.0,,,
E032,S059,SP04,26,1.0,1.0,1.0,1.0,1.0,1.0,,,
E032,S059,SP04,27,1.0,1.0,1.0,1.0,1.0,1.0,,,
E032,S059,SP04,28,1.0,1.0,1.0,1.0,1.0,1.0,,,
E032,S059,SP04,29,1.0,1.0,1.0,1.0,1.0,1.0,,,
E032,S059,SP04,30,2.0,2.0,2.0,2.0,2.0,2.0,,,
E032,S059,SP04,31,1.0,1.0,1.0,1.0,1.0,1.0,,,
E032,S059,SP04,32,1.0,1.0,1.0,1.0,1.0,1.0,,,
E032,S059,SP04,33,1.0,1.0,1.0,1.0,1.0,1.0,,,
E032,S059,SP04,34,1.0,1.0,1.0,1.0,1.0,1.0,,,
E032,S059,SP04,35,1.0,1.0,0.0,0.0,1.0,0.0,0.0,1.0,0.0
E032,S059,SP04,36,2.0,2.0,2.0,2.0,2.0,2.0,,,
E032,S059,SP04,37,1.0,1.0,1.0,1.0,1.0,1.0,,,
E032,S059,SP04,38,1.0,1.0,1.0,1.0,1.0,1.0,,,
E032,S059,SP04,39,2.0,2.0,2.0,2.0,2.0,2.0,,,
E128,S059,SP05,1,2.0,2.0,2.0,2.0,2.0,2.0,,,
E128,S059,SP05,2,3.0,3.0,3.0,3.0,3.0,3.0,,,
E128,S059,SP05,3,3.0,3.0,3.0,3.0,3.0,3.0,,,
E128,S059,SP05,4,2.0,2.0,2.0,2.0,2.0,2.0,,,
E128,S059,SP05,5,1.0,1.0,1.0,1.0,1.0,1.0,,,
E128,S059,SP05,6,1.0,1.0,1.0,1.0,1.0,1.0,,,
E128,S059,SP05,7,1.0,1.0,0.0,0.0,1.0,0.0,0.0,1.0,0.0
E128,S059,SP05,8,1.0,1.0,1.0,1.0,1.0,1.0,,,
E128,S059,SP05,9,1.0,1.0,1.0,1.0,1.0,1.0,,,
E128,S059,SP05,10,1.0,1.0,1.0,1.0,1.0,1.0,,,
E128,S059,SP05,11,1.0,1.0,1.0,1.0,1.0,1.0,,,
E128,S059,SP05,12,1.0,1.0,1.0,1.0,1.0,1.0,,,
E128,S059,SP05,13,1.0,1.0,1.0,1.0,1.0,1.0,,,
E128,S059,SP05,14,1.0,1.0,0.0,0.0,1.0,1.0,0.0,0.0,0.0
E128,S059,SP05,15,1.0,1.0,0.0,0.0,1.0,1.0,0.0,1.0,0.0
E128,S059,SP05,16,1.0,0.0,0.0,0.0,0.0,0.0,,,
E128,S059,SP05,17,1.0,1.0,1.0,1.0,1.0,1.0,,,
E128,S059,SP05,18,1.0,1.0,1.0,1.0,1.0,1.0,,,
E128,S059,SP05,19,1.0,1.0,1.0,1.0,1.0,1.0,,,
E128,S059,SP05,20,1.0,0.0,0.5,0.5,1.0,1.0,0.0,1.0,1.0
E128,S059,SP05,21,1.0,1.0,1.0,1.0,1.0,1.0,,,
E128,S059,SP05,22,1.0,1.0,1.0,1.0,1.0,1.0,,,
E128,S059,SP05,23,1.0,0.0,0.0,0.0,0.0,0.0,,,
E128,S059,SP05,24,1.0,1.0,1.0,1.0,1.0,1.0,,,
E128,S059,SP05,25,1.0,1.0,1.0,1.0,1.0,1.0,,,
E128,S059,SP05,26,1.0,1.0,1.0,1.0,1.0,1.0,,,
E128,S059,SP05,27,1.0,1.0,1.0,1.0,1.0,1.0,,,
E128,S059,SP05,28,1.0,1.0,1.0,1.0,1.0,1.0,,,
E128,S059,SP05,29,1.0,1.0,1.0,1.0,1.0,1.0,,,
E128,S059,SP05,30,1.0,0.0,0.0,0.0,0.0,0.0,,,
E128,S059,SP05,31,1.0,0.0,0.0,0.0,0.0,0.0,,,
E128,S059,SP05,32,1.0,1.0,1.0,1.0,1.0,1.0,,,
E128,S059,SP05,33,2.0,0.0,2.0,2.0,2.0,2.0,2.0,2.0,2.0
E128,S059,SP05,34,1.0,1.0,1.0,1.0,1.0,1.0,,,
E128,S059,SP05,35,1.0,1.0,1.0,1.0,1.0,1.0,,,
E128,S059,SP05,36,1.0,1.0,1.0,1.0,1.0,1.0,,,
E128,S059,SP05,37,1.0,1.0,1.0,1.0,1.0,1.0,,,
E128,S059,SP05,38,2.0,2.0,2.0,2.0,2.0,2.0,,,
E128,S059,SP05,39,2.0,2.0,2.0,2.0,2.0,2.0,,,
E128,S059,SP05,40,2.0,2.0,2.0,2.0,2.0,2.0,,,
E209,S059,SP06,1,2.0,2.0,2.0,2.0,2.0,2.0,,,
E209,S059,SP06,2,4.0,4.0,4.0,4.0,4.0,4.0,,,
E209,S059,SP06,3,3.0,3.0,3.0,3.0,3.0,3.0,,,
E209,S059,SP06,4,2.0,2.0,2.0,2.0,2.0,2.0,,,
E209,S059,SP06,5,2.0,2.0,2.0,2.0,2.0,2.0,,,
E209,S059,SP06,6,2.0,2.0,2.0,2.0,2.0,2.0,,,
E209,S059,SP06,7,1.0,1.0,1.0,1.0,1.0,1.0,,,
E209,S059,SP06,8,1.0,1.0,1.0,1.0,1.0,1.0,,,
E209,S059,SP06,9,2.0,1.0,2.0,2.0,2.0,2.0,2.0,2.0,2.0
E209,S059,SP06,10,2.0,2.0,2.0,2.0,2.0,2.0,,,
E209,S059,SP06,11,2.0,1.0,2.0,2.0,2.0,2.0,0.0,2.0,2.0
E209,S059,SP06,12,1.0,1.0,1.0,1.0,1.0,1.0,,,
E209,S059,SP06,13,1.0,0.0,1.0,1.0,1.0,1.0,0.0,1.0,1.0
E209,S059,SP06,14,1.0,1.0,1.0,1.0,1.0,1.0,,,
E209,S059,SP06,15,1.0,0.0,0.0,0.0,1.0,0.0,,,
E209,S059,SP06,16,1.0,1.0,1.0,1.0,1.0,1.0,,,
E209,S059,SP06,17,1.0,1.0,1.0,1.0,1.0,1.0,,,
E209,S059,SP06,18,1.0,1.0,1.0,1.0,1.0,1.0,,,
E209,S059,SP06,19,1.0,1.0,1.0,1.0,1.0,1.0,,,
E209,S059,SP06,20,1.0,1.0,1.0,1.0,1.0,1.0,,,
E209,S059,SP06,21,1.0,1.0,1.0,1.0,1.0,1.0,,,
E209,S059,SP06,22,1.0,1.0,1.0,1.0,1.0,1.0,,,
E209,S059,SP06,23,1.0,1.0,1.0,1.0,1.0,1.0,,,
E209,S059,SP06,24,1.0,1.0,1.0,1.0,1.0,1.0,,,
E209,S059,SP06,25,1.0,1.0,1.0,1.0,1.0,1.0,,,
E209,S059,SP06,26,1.0,1.0,1.0,1.0,1.0,1.0,,,
E209,S059,SP06,27,1.0,1.0,1.0,1.0,1.0,1.0,,,
E209,S059,SP06,28,1.0,0.0,0.0,0.0,0.0,0.0,,,
E209,S059,SP06,29,1.0,1.0,1.0,1.0,1.0,1.0,,,
E209,S059,SP06,30,1.0,1.0,1.0,1.0,1.0,1.0,,,
E209,S059,SP06,31,1.0,1.0,1.0,1.0,1.0,1.0,,,
E209,S059,SP06,32,1.0,1.0,0.0,0.0,1.0,1.0,0.0,0.0,0.0
E209,S059,SP06,33,1.0,1.0,1.0,1.0,1.0,1.0,,,
E209,S059,SP06,34,2.0,2.0,2.0,2.0,2.0,2.0,,,
E209,S059,SP06,35,1.0,1.0,1.0,1.0,1.0,1.0,,,
E209,S059,SP06,36,2.0,2.0,2.0,2.0,0.0,2.0,,,
E085,S060,SP02,1,2.0,2.0,2.0,2.0,2.0,2.0,,,
E085,S060,SP02,2,3.0,3.0,3.0,3.0,3.0,3.0,,,
E085,S060,SP02,3,2.0,2.0,2.0,2.0,2.0,2.0,,,
E085,S060,SP02,4,2.0,2.0,2.0,2.0,2.0,2.0,,,
E085,S060,SP02,5,1.0,1.0,1.0,1.0,1.0,1.0,,,
E085,S060,SP02,6,1.0,1.0,1.0,1.0,1.0,1.0,,,
E085,S060,SP02,7,2.0,0.0,2.0,2.0,2.0,2.0,2.0,2.0,2.0
E085,S060,SP02,8,2.0,2.0,2.0,2.0,2.0,2.0,,,
E085,S060,SP02,9,2.0,1.0,2.0,2.0,2.0,2.0,2.0,2.0,2.0
E085,S060,SP02,10,1.0,1.0,1.0,1.0,1.0,1.0,,,
E085,S060,SP02,11,2.0,2.0,2.0,2.0,0.0,2.0,,,
E085,S060,SP02,12,2.0,1.0,2.0,2.0,2.0,2.0,1.0,1.0,1.0
E085,S060,SP02,13,2.0,1.0,2.0,2.0,2.0,2.0,2.0,2.0,1.0
E085,S060,SP02,14,1.0,0.0,1.0,1.0,0.0,1.0,0.0,0.0,0.5
E085,S060,SP02,15,1.0,1.0,1.0,1.0,1.0,1.0,,,
E085,S060,SP02,16,2.0,2.0,2.0,2.0,2.0,2.0,,,
E085,S060,SP02,17,1.0,1.0,1.0,1.0,1.0,1.0,,,
E085,S060,SP02,18,1.0,1.0,1.0,1.0,1.0,1.0,,,
E085,S060,SP02,19,1.0,1.0,1.0,1.0,1.0,1.0,,,
E085,S060,SP02,20,1.0,1.0,1.0,1.0,1.0,1.0,,,
E085,S060,SP02,21,1.0,1.0,1.0,1.0,1.0,1.0,,,
E085,S060,SP02,22,1.0,1.0,1.0,1.0,1.0,1.0,,,
E085,S060,SP02,23,1.0,1.0,1.0,1.0,1.0,1.0,,,
E085,S060,SP02,24,1.0,1.0,1.0,1.0,1.0,1.0,,,
E085,S060,SP02,25,1.0,1.0,1.0,1.0,1.0,1.0,,,
E085,S060,SP02,26,1.0,1.0,1.0,1.0,1.0,1.0,,,
E085,S060,SP02,27,1.0,1.0,1.0,1.0,1.0,1.0,,,
E085,S060,SP02,28,1.0,1.0,1.0,1.0,1.0,1.0,,,
E085,S060,SP02,29,1.0,1.0,1.0,1.0,1.0,1.0,,,
E085,S060,SP02,30,2.0,2.0,2.0,2.0,2.0,2.0,,,
E085,S060,SP02,31,2.0,2.0,2.0,2.0,2.0,2.0,,,
E085,S060,SP02,32,2.0,2.0,2.0,2.0,2.0,2.0,,,
E085,S060,SP02,33,1.0,1.0,1.0,1.0,1.0,1.0,,,
E085,S060,SP02,34,2.0,2.0,2.0,2.0,2.0,2.0,,,
E106,S060,SP03,1,2.0,2.0,2.0,2.0,2.0,2.0,,,
E106,S060,SP03,2,3.0,3.0,3.0,3.0,3.0,3.0,,,
E106,S060,SP03,3,3.0,3.0,3.0,3.0,3.0,3.0,,,
E106,S060,SP03,4,2.0,2.0,2.0,2.0,2.0,2.0,,,
E106,S060,SP03,5,1.0,1.0,1.0,1.0,1.0,1.0,,,
E106,S060,SP03,6,2.0,2.0,2.0,2.0,2.0,2.0,,,
E106,S060,SP03,7,2.0,2.0,2.0,2.0,2.0,2.0,,,
E106,S060,SP03,8,1.0,1.0,1.0,1.0,1.0,1.0,,,
E106,S060,SP03,9,1.0,1.0,1.0,1.0,1.0,1.0,,,
E106,S060,SP03,10,1.0,1.0,1.0,1.0,1.0,1.0,,,
E106,S060,SP03,11,2.0,2.0,2.0,2.0,2.0,2.0,,,
E106,S060,SP03,12,2.0,2.0,2.0,2.0,2.0,2.0,,,
E106,S060,SP03,13,2.0,1.0,1.0,1.0,2.0,2.0,,,
E106,S060,SP03,14,2.0,2.0,1.0,1.0,2.0,2.0,2.0,1.0,2.0
E106,S060,SP03,15,2.0,0.0,0.0,0.0,2.0,2.0,,,
E106,S060,SP03,16,2.0,1.0,1.0,1.0,2.0,2.0,,,
E106,S060,SP03,17,2.0,2.0,2.0,2.0,2.0,2.0,,,
E106,S060,SP03,18,1.0,1.0,1.0,1.0,1.0,1.0,,,
E106,S060,SP03,19,1.0,1.0,1.0,1.0,1.0,1.0,,,
E106,S060,SP03,20,1.0,1.0,1.0,1.0,1.0,1.0,,,
E106,S060,SP03,21,1.0,1.0,1.0,1.0,1.0,1.0,,,
E106,S060,SP03,22,1.0,1.0,1.0,1.0,1.0,1.0,,,
E106,S060,SP03,23,1.0,1.0,1.0,1.0,1.0,1.0,,,
E106,S060,SP03,24,1.0,1.0,1.0,1.0,1.0,1.0,,,
E106,S060,SP03,25,1.0,1.0,1.0,1.0,1.0,1.0,,,
E106,S060,SP03,26,1.0,1.0,1.0,1.0,1.0,1.0,,,
E106,S060,SP03,27,1.0,1.0,1.0,1.0,1.0,1.0,,,
E106,S060,SP03,28,1.0,1.0,1.0,1.0,1.0,1.0,,,
E106,S060,SP03,29,1.0,1.0,1.0,1.0,1.0,1.0,,,
E106,S060,SP03,30,1.0,1.0,1.0,1.0,1.0,1.0,,,
E106,S060,SP03,31,1.0,1.0,1.0,1.0,1.0,1.0,,,
E106,S060,SP03,32,1.0,1.0,1.0,1.0,1.0,1.0,,,
E106,S060,SP03,33,3.0,3.0,3.0,3.0,3.0,3.0,,,
E144,S061,SP01,1,2.0,2.0,2.0,2.0,2.0,2.0,,,
E144,S061,SP01,2,3.0,3.0,3.0,3.0,3.0,3.0,,,
E144,S061,SP01,3,2.0,2.0,2.0,2.0,2.0,2.0,,,
E144,S061,SP01,4,2.0,2.0,2.0,2.0,2.0,2.0,,,
E144,S061,SP01,5,2.0,2.0,2.0,2.0,2.0,2.0,,,
E144,S061,SP01,6,2.0,2.0,2.0,2.0,2.0,2.0,,,
E144,S061,SP01,7,2.0,2.0,2.0,2.0,2.0,2.0,,,
E144,S061,SP01,8,2.0,2.0,2.0,2.0,2.0,2.0,,,
E144,S061,SP01,9,2.0,1.5,2.0,2.0,2.0,2.0,1.0,2.0,1.0
E144,S061,SP01,10,2.0,2.0,2.0,2.0,2.0,2.0,,,
E144,S061,SP01,11,2.0,2.0,2.0,2.0,2.0,2.0,,,
E144,S061,SP01,12,1.0,1.0,1.0,1.0,1.0,1.0,,,
E144,S061,SP01,13,1.0,0.5,1.0,1.0,1.0,1.0,0.5,1.0,1.0
E144,S061,SP01,14,1.0,1.0,1.0,1.0,1.0,1.0,,,
E144,S061,SP01,15,1.0,1.0,1.0,1.0,1.0,1.0,,,
E144,S061,SP01,16,1.0,1.0,1.0,1.0,1.0,1.0,,,
E144,S061,SP01,17,1.0,1.0,1.0,1.0,1.0,1.0,,,
E144,S061,SP01,18,1.0,1.0,0.0,0.0,1.0,1.0,0.0,0.0,0.0
E144,S061,SP01,19,1.0,1.0,1.0,1.0,1.0,1.0,,,
E144,S061,SP01,20,1.0,1.0,1.0,1.0,1.0,1.0,,,
E144,S061,SP01,21,1.0,1.0,1.0,1.0,1.0,1.0,,,
E144,S061,SP01,22,1.0,1.0,1.0,1.0,1.0,1.0,,,
E144,S061,SP01,23,1.0,1.0,0.0,0.0,0.0,0.0,0.0,0.0,0.0
E144,S061,SP01,24,1.0,1.0,1.0,1.0,1.0,1.0,,,
E144,S061,SP01,25,2.0,2.0,2.0,2.0,2.0,2.0,,,
E144,S061,SP01,26,1.0,1.0,1.0,1.0,1.0,1.0,,,
E144,S061,SP01,27,1.0,1.0,1.0,1.0,1.0,1.0,,,
E144,S061,SP01,28,1.0,1.0,1.0,1.0,1.0,1.0,,,
E144,S061,SP01,29,2.0,2.0,2.0,2.0,2.0,2.0,,,
E144,S061,SP01,30,2.0,2.0,2.0,2.0,2.0,2.0,,,
E144,S061,SP01,31,2.0,1.0,2.0,2.0,2.0,2.0,2.0,2.0,2.0
E144,S061,SP01,32,1.0,1.0,1.0,1.0,1.0,1.0,,,
E144,S061,SP01,33,2.0,2.0,2.0,2.0,2.0,2.0,,,
E203,S061,SP02,1,2.0,2.0,2.0,2.0,2.0,2.0,,,
E203,S061,SP02,2,3.0,3.0,3.0,3.0,3.0,3.0,,,
E203,S061,SP02,3,2.0,2.0,2.0,2.0,2.0,2.0,,,
E203,S061,SP02,4,2.0,2.0,2.0,2.0,2.0,2.0,,,
E203,S061,SP02,5,1.0,1.0,1.0,1.0,1.0,1.0,,,
E203,S061,SP02,6,1.0,1.0,1.0,1.0,1.0,1.0,,,
E203,S061,SP02,7,2.0,2.0,2.0,2.0,2.0,2.0,,,
E203,S061,SP02,8,2.0,2.0,2.0,2.0,2.0,2.0,,,
E203,S061,SP02,9,2.0,2.0,2.0,2.0,2.0,2.0,,,
E203,S061,SP02,10,1.0,1.0,1.0,1.0,1.0,1.0,,,
E203,S061,SP02,11,2.0,2.0,2.0,2.0,2.0,2.0,,,
E203,S061,SP02,12,2.0,1.0,1.0,1.0,1.0,2.0,,,
E203,S061,SP02,13,2.0,1.0,0.0,0.0,0.0,2.0,0.0,0.0,0.0
E203,S061,SP02,14,1.0,1.0,1.0,1.0,1.0,1.0,,,
E203,S061,SP02,15,1.0,1.0,1.0,1.0,1.0,1.0,,,
E203,S061,SP02,16,2.0,2.0,2.0,2.0,2.0,2.0,,,
E203,S061,SP02,17,1.0,1.0,1.0,1.0,1.0,1.0,,,
E203,S061,SP02,18,1.0,1.0,1.0,1.0,1.0,1.0,,,
E203,S061,SP02,19,1.0,1.0,1.0,1.0,1.0,1.0,,,
E203,S061,SP02,20,1.0,1.0,1.0,1.0,1.0,1.0,,,
E203,S061,SP02,21,1.0,1.0,1.0,1.0,1.0,1.0,,,
E203,S061,SP02,22,1.0,1.0,1.0,1.0,1.0,1.0,,,
E203,S061,SP02,23,1.0,1.0,1.0,1.0,1.0,1.0,,,
E203,S061,SP02,24,1.0,1.0,1.0,1.0,1.0,1.0,,,
E203,S061,SP02,25,1.0,1.0,1.0,1.0,1.0,1.0,,,
E203,S061,SP02,26,1.0,1.0,1.0,1.0,1.0,1.0,,,
E203,S061,SP02,27,1.0,1.0,1.0,1.0,1.0,1.0,,,
E203,S061,SP02,28,1.0,1.0,1.0,1.0,1.0,1.0,,,
E203,S061,SP02,29,1.0,1.0,1.0,1.0,1.0,1.0,,,
E203,S061,SP02,30,2.0,2.0,2.0,2.0,2.0,2.0,,,
E203,S061,SP02,31,2.0,2.0,2.0,2.0,2.0,2.0,,,
E203,S061,SP02,32,2.0,0.0,1.0,1.0,2.0,2.0,0.0,0.0,1.0
E203,S061,SP02,33,1.0,1.0,1.0,1.0,1.0,1.0,,,
E203,S061,SP02,34,2.0,1.0,2.0,2.0,2.0,2.0,1.0,1.0,2.0
E109,S061,SP03,1,2.0,2.0,2.0,2.0,2.0,2.0,,,
E109,S061,SP03,2,3.0,3.0,3.0,3.0,3.0,3.0,,,
E109,S061,SP03,3,3.0,3.0,3.0,3.0,3.0,3.0,,,
E109,S061,SP03,4,2.0,2.0,2.0,2.0,2.0,2.0,,,
E109,S061,SP03,5,1.0,1.0,1.0,1.0,1.0,1.0,,,
E109,S061,SP03,6,2.0,2.0,2.0,2.0,2.0,2.0,,,
E109,S061,SP03,7,2.0,2.0,2.0,2.0,2.0,2.0,,,
E109,S061,SP03,8,1.0,1.0,1.0,1.0,1.0,1.0,,,
E109,S061,SP03,9,1.0,1.0,1.0,1.0,1.0,1.0,,,
E109,S061,SP03,10,1.0,1.0,1.0,1.0,1.0,1.0,,,
E109,S061,SP03,11,2.0,2.0,2.0,2.0,2.0,2.0,,,
E109,S061,SP03,12,2.0,2.0,2.0,2.0,2.0,2.0,,,
E109,S061,SP03,13,2.0,0.0,0.0,0.0,2.0,2.0,,,
E109,S061,SP03,14,2.0,0.0,0.0,0.0,0.0,0.0,,,
E109,S061,SP03,15,2.0,1.0,1.0,1.0,2.0,2.0,,,
E109,S061,SP03,16,2.0,1.0,2.0,2.0,2.0,2.0,1.0,1.0,1.0
E109,S061,SP03,17,2.0,2.0,2.0,2.0,2.0,2.0,,,
E109,S061,SP03,18,1.0,0.0,0.0,0.0,1.0,1.0,,,
E109,S061,SP03,19,1.0,1.0,1.0,1.0,1.0,1.0,,,
E109,S061,SP03,20,1.0,1.0,1.0,1.0,1.0,1.0,,,
E109,S061,SP03,21,1.0,1.0,1.0,1.0,1.0,1.0,,,
E109,S061,SP03,22,1.0,1.0,1.0,1.0,1.0,1.0,,,
E109,S061,SP03,23,1.0,0.0,1.0,1.0,1.0,1.0,1.0,1.0,1.0
E109,S061,SP03,24,1.0,1.0,1.0,1.0,1.0,1.0,,,
E109,S061,SP03,25,1.0,1.0,1.0,1.0,1.0,1.0,,,
E109,S061,SP03,26,1.0,1.0,1.0,1.0,1.0,1.0,,,
E109,S061,SP03,27,1.0,1.0,1.0,1.0,1.0,1.0,,,
E109,S061,SP03,28,1.0,1.0,1.0,1.0,1.0,1.0,,,
E109,S061,SP03,29,1.0,1.0,1.0,1.0,1.0,1.0,,,
E109,S061,SP03,30,1.0,1.0,1.0,1.0,1.0,1.0,,,
E109,S061,SP03,31,1.0,0.0,0.0,0.0,0.0,0.0,,,
E109,S061,SP03,32,1.0,1.0,1.0,1.0,1.0,1.0,,,
E109,S061,SP03,33,3.0,3.0,3.0,3.0,3.0,3.0,,,
E220,S062,SP01,1,2.0,2.0,2.0,2.0,2.0,2.0,,,
E220,S062,SP01,2,3.0,3.0,3.0,3.0,3.0,3.0,,,
E220,S062,SP01,3,2.0,2.0,2.0,2.0,2.0,2.0,,,
E220,S062,SP01,4,2.0,2.0,0.0,0.0,2.0,2.0,0.0,0.0,0.0
E220,S062,SP01,5,2.0,2.0,2.0,2.0,2.0,2.0,,,
E220,S062,SP01,6,2.0,2.0,2.0,2.0,2.0,2.0,,,
E220,S062,SP01,7,2.0,2.0,2.0,2.0,2.0,2.0,,,
E220,S062,SP01,8,2.0,2.0,2.0,2.0,2.0,2.0,,,
E220,S062,SP01,9,2.0,0.0,0.0,0.0,2.0,2.0,,,
E220,S062,SP01,10,2.0,0.0,0.0,0.0,2.0,2.0,,,
E220,S062,SP01,11,2.0,0.0,0.0,0.0,2.0,2.0,,,
E220,S062,SP01,12,1.0,1.0,1.0,1.0,1.0,1.0,,,
E220,S062,SP01,13,1.0,1.0,1.0,1.0,1.0,1.0,,,
E220,S062,SP01,14,1.0,1.0,0.0,0.0,1.0,1.0,0.0,1.0,0.5
E220,S062,SP01,15,1.0,1.0,1.0,1.0,1.0,1.0,,,
E220,S062,SP01,16,1.0,1.0,1.0,1.0,1.0,1.0,,,
E220,S062,SP01,17,1.0,1.0,1.0,1.0,1.0,1.0,,,
E220,S062,SP01,18,1.0,1.0,0.0,0.0,1.0,1.0,0.0,1.0,0.0
E220,S062,SP01,19,1.0,1.0,1.0,1.0,1.0,1.0,,,
E220,S062,SP01,20,1.0,1.0,1.0,1.0,1.0,1.0,,,
E220,S062,SP01,21,1.0,1.0,1.0,1.0,1.0,1.0,,,
E220,S062,SP01,22,1.0,1.0,1.0,1.0,1.0,1.0,,,
E220,S062,SP01,23,1.0,1.0,0.0,0.0,1.0,1.0,0.0,0.0,0.0
E220,S062,SP01,24,1.0,1.0,1.0,1.0,1.0,1.0,,,
E220,S062,SP01,25,2.0,2.0,2.0,2.0,2.0,2.0,,,
E220,S062,SP01,26,1.0,1.0,1.0,1.0,1.0,1.0,,,
E220,S062,SP01,27,1.0,1.0,1.0,1.0,1.0,1.0,,,
E220,S062,SP01,28,1.0,1.0,1.0,1.0,1.0,1.0,,,
E220,S062,SP01,29,2.0,2.0,2.0,2.0,2.0,2.0,,,
E220,S062,SP01,30,2.0,2.0,2.0,2.0,2.0,2.0,,,
E220,S062,SP01,31,2.0,2.0,1.0,1.0,2.0,2.0,1.0,1.0,2.0
E220,S062,SP01,32,1.0,1.0,1.0,1.0,1.0,1.0,,,
E220,S062,SP01,33,2.0,2.0,2.0,2.0,2.0,2.0,,,
E169,S062,SP02,1,2.0,2.0,2.0,2.0,2.0,2.0,,,
E169,S062,SP02,2,3.0,3.0,3.0,3.0,3.0,3.0,,,
E169,S062,SP02,3,2.0,2.0,2.0,2.0,2.0,2.0,,,
E169,S062,SP02,4,2.0,2.0,2.0,2.0,2.0,2.0,,,
E169,S062,SP02,5,1.0,1.0,1.0,1.0,1.0,1.0,,,
E169,S062,SP02,6,1.0,1.0,1.0,1.0,1.0,1.0,,,
E169,S062,SP02,7,2.0,0.0,2.0,2.0,0.0,2.0,0.0,0.0,0.0
E169,S062,SP02,8,2.0,2.0,2.0,2.0,2.0,2.0,,,
E169,S062,SP02,9,2.0,1.0,2.0,2.0,2.0,2.0,0.0,1.0,1.0
E169,S062,SP02,10,1.0,1.0,1.0,1.0,1.0,1.0,,,
E169,S062,SP02,11,2.0,2.0,2.0,2.0,2.0,2.0,,,
E169,S062,SP02,12,2.0,1.0,1.0,1.0,2.0,1.0,,,
E169,S062,SP02,13,2.0,2.0,1.0,1.0,2.0,2.0,2.0,2.0,1.0
E169,S062,SP02,14,1.0,0.0,0.0,0.0,1.0,0.0,,,
E169,S062,SP02,15,1.0,1.0,1.0,1.0,1.0,1.0,,,
E169,S062,SP02,16,2.0,2.0,2.0,2.0,2.0,2.0,,,
E169,S062,SP02,17,1.0,1.0,1.0,1.0,1.0,1.0,,,
E169,S062,SP02,18,1.0,1.0,1.0,1.0,1.0,1.0,,,
E169,S062,SP02,19,1.0,1.0,1.0,1.0,1.0,1.0,,,
E169,S062,SP02,20,1.0,1.0,1.0,1.0,1.0,1.0,,,
E169,S062,SP02,21,1.0,1.0,1.0,1.0,1.0,1.0,,,
E169,S062,SP02,22,1.0,1.0,1.0,1.0,1.0,1.0,,,
E169,S062,SP02,23,1.0,0.0,0.0,0.0,0.0,0.0,,,
E169,S062,SP02,24,1.0,1.0,1.0,1.0,1.0,1.0,,,
E169,S062,SP02,25,1.0,1.0,1.0,1.0,1.0,1.0,,,
E169,S062,SP02,26,1.0,1.0,1.0,1.0,1.0,1.0,,,
E169,S062,SP02,27,1.0,1.0,1.0,1.0,1.0,1.0,,,
E169,S062,SP02,28,1.0,1.0,1.0,1.0,1.0,1.0,,,
E169,S062,SP02,29,1.0,1.0,1.0,1.0,1.0,1.0,,,
E169,S062,SP02,30,2.0,2.0,2.0,2.0,2.0,2.0,,,
E169,S062,SP02,31,2.0,2.0,2.0,2.0,2.0,2.0,,,
E169,S062,SP02,32,2.0,0.0,2.0,2.0,2.0,2.0,1.0,2.0,2.0
E169,S062,SP02,33,1.0,1.0,1.0,1.0,1.0,1.0,,,
E169,S062,SP02,34,2.0,2.0,2.0,2.0,2.0,0.0,,,
E005,S062,SP03,1,2.0,2.0,2.0,2.0,2.0,2.0,,,
E005,S062,SP03,2,3.0,3.0,3.0,3.0,3.0,3.0,,,
E005,S062,SP03,3,3.0,3.0,3.0,3.0,3.0,3.0,,,
E005,S062,SP03,4,2.0,2.0,2.0,2.0,2.0,2.0,,,
E005,S062,SP03,5,1.0,1.0,1.0,1.0,1.0,1.0,,,
E005,S062,SP03,6,2.0,2.0,2.0,2.0,2.0,2.0,,,
E005,S062,SP03,7,2.0,2.0,2.0,2.0,2.0,2.0,,,
E005,S062,SP03,8,1.0,1.0,1.0,1.0,1.0,1.0,,,
E005,S062,SP03,9,1.0,1.0,1.0,1.0,1.0,1.0,,,
E005,S062,SP03,10,1.0,1.0,1.0,1.0,1.0,1.0,,,
E005,S062,SP03,11,2.0,1.0,2.0,2.0,2.0,2.0,2.0,2.0,2.0
E005,S062,SP03,12,2.0,2.0,2.0,2.0,2.0,2.0,,,
E005,S062,SP03,13,2.0,1.0,0.0,0.0,0.0,2.0,0.0,0.0,0.0
E005,S062,SP03,14,2.0,0.0,0.0,0.0,0.0,2.0,,,
E005,S062,SP03,15,2.0,1.0,0.0,0.0,1.0,2.0,0.0,0.0,0.0
E005,S062,SP03,16,2.0,2.0,1.0,1.0,2.0,2.0,1.0,2.0,1.0
E005,S062,SP03,17,2.0,0.0,2.0,2.0,2.0,2.0,2.0,2.0,2.0
E005,S062,SP03,18,1.0,0.0,0.0,0.0,1.0,1.0,,,
E005,S062,SP03,19,1.0,1.0,1.0,1.0,1.0,1.0,,,
E005,S062,SP03,20,1.0,1.0,1.0,1.0,1.0,1.0,,,
E005,S062,SP03,21,1.0,1.0,1.0,1.0,1.0,1.0,,,
E005,S062,SP03,22,1.0,1.0,1.0,1.0,1.0,1.0,,,
E005,S062,SP03,23,1.0,0.0,0.0,0.0,0.0,1.0,,,
E005,S062,SP03,24,1.0,1.0,1.0,1.0,1.0,1.0,,,
E005,S062,SP03,25,1.0,1.0,1.0,1.0,1.0,1.0,,,
E005,S062,SP03,26,1.0,1.0,1.0,1.0,1.0,1.0,,,
E005,S062,SP03,27,1.0,1.0,1.0,1.0,1.0,1.0,,,
E005,S062,SP03,28,1.0,1.0,1.0,1.0,1.0,1.0,,,
E005,S062,SP03,29,1.0,1.0,1.0,1.0,1.0,1.0,,,
E005,S062,SP03,30,1.0,1.0,1.0,1.0,1.0,1.0,,,
E005,S062,SP03,31,1.0,1.0,1.0,1.0,1.0,1.0,,,
E005,S062,SP03,32,1.0,1.0,1.0,1.0,1.0,1.0,,,
E005,S062,SP03,33,3.0,3.0,3.0,3.0,3.0,3.0,,,
E082,S063,SP01,1,2.0,2.0,2.0,2.0,2.0,2.0,,,
E082,S063,SP01,2,3.0,3.0,3.0,3.0,3.0,3.0,,,
E082,S063,SP01,3,2.0,2.0,2.0,2.0,2.0,2.0,,,
E082,S063,SP01,4,2.0,2.0,2.0,2.0,2.0,2.0,,,
E082,S063,SP01,5,2.0,2.0,2.0,2.0,2.0,2.0,,,
E082,S063,SP01,6,2.0,2.0,2.0,2.0,2.0,2.0,,,
E082,S063,SP01,7,2.0,2.0,2.0,2.0,2.0,2.0,,,
E082,S063,SP01,8,2.0,2.0,2.0,2.0,2.0,2.0,,,
E082,S063,SP01,9,2.0,2.0,2.0,2.0,1.0,2.0,,,
E082,S063,SP01,10,2.0,2.0,2.0,2.0,2.0,2.0,,,
E082,S063,SP01,11,2.0,2.0,2.0,2.0,2.0,2.0,,,
E082,S063,SP01,12,1.0,1.0,1.0,1.0,1.0,1.0,,,
E082,S063,SP01,13,1.0,1.0,1.0,1.0,1.0,1.0,,,
E082,S063,SP01,14,1.0,1.0,1.0,1.0,1.0,1.0,,,
E082,S063,SP01,15,1.0,1.0,1.0,1.0,1.0,1.0,,,
E082,S063,SP01,16,1.0,1.0,1.0,1.0,1.0,1.0,,,
E082,S063,SP01,17,1.0,1.0,1.0,1.0,1.0,1.0,,,
E082,S063,SP01,18,1.0,1.0,0.0,0.0,0.0,1.0,0.0,0.0,0.0
E082,S063,SP01,19,1.0,1.0,1.0,1.0,1.0,1.0,,,
E082,S063,SP01,20,1.0,1.0,1.0,1.0,1.0,1.0,,,
E082,S063,SP01,21,1.0,1.0,1.0,1.0,1.0,1.0,,,
E082,S063,SP01,22,1.0,1.0,1.0,1.0,1.0,1.0,,,
E082,S063,SP01,23,1.0,1.0,1.0,1.0,1.0,1.0,,,
E082,S063,SP01,24,1.0,1.0,1.0,1.0,1.0,1.0,,,
E082,S063,SP01,25,2.0,2.0,2.0,2.0,2.0,2.0,,,
E082,S063,SP01,26,1.0,1.0,1.0,1.0,1.0,1.0,,,
E082,S063,SP01,27,1.0,0.0,1.0,1.0,1.0,1.0,1.0,1.0,1.0
E082,S063,SP01,28,1.0,1.0,1.0,1.0,1.0,1.0,,,
E082,S063,SP01,29,2.0,2.0,2.0,2.0,2.0,2.0,,,
E082,S063,SP01,30,2.0,2.0,2.0,2.0,2.0,2.0,,,
E082,S063,SP01,31,2.0,2.0,2.0,2.0,2.0,2.0,,,
E082,S063,SP01,32,1.0,1.0,1.0,1.0,1.0,1.0,,,
E082,S063,SP01,33,2.0,1.0,2.0,2.0,2.0,2.0,2.0,2.0,2.0
E094,S063,SP03,1,2.0,2.0,2.0,2.0,2.0,2.0,,,
E094,S063,SP03,2,3.0,3.0,3.0,3.0,3.0,3.0,,,
E094,S063,SP03,3,3.0,3.0,3.0,3.0,3.0,3.0,,,
E094,S063,SP03,4,2.0,2.0,2.0,2.0,2.0,2.0,,,
E094,S063,SP03,5,1.0,0.0,1.0,1.0,1.0,1.0,1.0,1.0,1.0
E094,S063,SP03,6,2.0,2.0,2.0,2.0,2.0,2.0,,,
E094,S063,SP03,7,2.0,2.0,2.0,2.0,2.0,2.0,,,
E094,S063,SP03,8,1.0,0.5,1.0,1.0,1.0,1.0,0.0,1.0,0.5
E094,S063,SP03,9,1.0,1.0,1.0,1.0,1.0,1.0,,,
E094,S063,SP03,10,1.0,1.0,1.0,1.0,1.0,1.0,,,
E094,S063,SP03,11,2.0,2.0,2.0,2.0,2.0,2.0,,,
E094,S063,SP03,12,2.0,2.0,2.0,2.0,2.0,2.0,,,
E094,S063,SP03,13,2.0,2.0,2.0,2.0,2.0,1.0,,,
E094,S063,SP03,14,2.0,2.0,1.0,1.0,2.0,2.0,0.0,1.0,1.0
E094,S063,SP03,15,2.0,2.0,1.0,1.0,2.0,1.0,1.0,1.0,1.0
E094,S063,SP03,16,2.0,2.0,1.0,1.0,2.0,2.0,1.0,2.0,1.0
E094,S063,SP03,17,2.0,2.0,2.0,2.0,2.0,2.0,,,
E094,S063,SP03,18,1.0,1.0,1.0,1.0,1.0,1.0,,,
E094,S063,SP03,19,1.0,1.0,1.0,1.0,1.0,1.0,,,
E094,S063,SP03,20,1.0,1.0,1.0,1.0,1.0,1.0,,,
E094,S063,SP03,21,1.0,1.0,1.0,1.0,1.0,1.0,,,
E094,S063,SP03,22,1.0,1.0,1.0,1.0,1.0,1.0,,,
E094,S063,SP03,23,1.0,1.0,1.0,1.0,1.0,1.0,,,
E094,S063,SP03,24,1.0,1.0,1.0,1.0,1.0,1.0,,,
E094,S063,SP03,25,1.0,1.0,1.0,1.0,1.0,1.0,,,
E094,S063,SP03,26,1.0,1.0,1.0,1.0,1.0,1.0,,,
E094,S063,SP03,27,1.0,1.0,1.0,1.0,1.0,1.0,,,
E094,S063,SP03,28,1.0,1.0,1.0,1.0,1.0,1.0,,,
E094,S063,SP03,29,1.0,1.0,1.0,1.0,1.0,1.0,,,
E094,S063,SP03,30,1.0,1.0,1.0,1.0,1.0,1.0,,,
E094,S063,SP03,31,1.0,1.0,1.0,1.0,1.0,1.0,,,
E094,S063,SP03,32,1.0,1.0,1.0,1.0,1.0,1.0,,,
E094,S063,SP03,33,3.0,3.0,3.0,3.0,3.0,3.0,,,
E229,S064,SP04,1,2.0,2.0,2.0,2.0,2.0,2.0,,,
E229,S064,SP04,2,3.0,3.0,3.0,3.0,3.0,3.0,,,
E229,S064,SP04,3,3.0,3.0,3.0,3.0,3.0,3.0,,,
E229,S064,SP04,4,2.0,2.0,2.0,2.0,2.0,2.0,,,
E229,S064,SP04,5,1.0,1.0,1.0,1.0,1.0,1.0,,,
E229,S064,SP04,6,1.0,1.0,1.0,1.0,1.0,1.0,,,
E229,S064,SP04,7,2.0,2.0,2.0,2.0,2.0,2.0,,,
E229,S064,SP04,8,1.0,1.0,1.0,1.0,1.0,1.0,,,
E229,S064,SP04,9,1.0,0.0,1.0,1.0,1.0,1.0,0.0,0.0,1.0
E229,S064,SP04,10,1.0,1.0,1.0,1.0,1.0,1.0,,,
E229,S064,SP04,11,1.0,1.0,1.0,1.0,1.0,1.0,,,
E229,S064,SP04,12,1.0,0.0,1.0,1.0,1.0,1.0,0.0,0.0,1.0
E229,S064,SP04,13,1.0,1.0,1.0,1.0,1.0,1.0,,,
E229,S064,SP04,14,1.0,1.0,1.0,1.0,1.0,1.0,,,
E229,S064,SP04,15,1.0,1.0,1.0,1.0,1.0,1.0,,,
E229,S064,SP04,16,1.0,0.0,1.0,1.0,1.0,0.0,0.0,1.0,1.0
E229,S064,SP04,17,1.0,1.0,1.0,1.0,1.0,1.0,,,
E229,S064,SP04,18,1.0,0.0,0.0,0.0,0.0,0.0,,,
E229,S064,SP04,19,1.0,1.0,1.0,1.0,1.0,1.0,,,
E229,S064,SP04,20,1.0,1.0,1.0,1.0,1.0,1.0,,,
E229,S064,SP04,21,2.0,2.0,2.0,2.0,2.0,2.0,,,
E229,S064,SP04,22,1.0,1.0,1.0,1.0,1.0,1.0,,,
E229,S064,SP04,23,1.0,1.0,1.0,1.0,1.0,1.0,,,
E229,S064,SP04,24,1.0,1.0,1.0,1.0,1.0,1.0,,,
E229,S064,SP04,25,1.0,1.0,1.0,1.0,1.0,1.0,,,
E229,S064,SP04,26,1.0,1.0,1.0,1.0,1.0,1.0,,,
E229,S064,SP04,27,1.0,1.0,1.0,1.0,1.0,1.0,,,
E229,S064,SP04,28,1.0,1.0,1.0,1.0,1.0,1.0,,,
E229,S064,SP04,29,1.0,1.0,1.0,1.0,1.0,1.0,,,
E229,S064,SP04,30,2.0,2.0,2.0,2.0,2.0,2.0,,,
E229,S064,SP04,31,1.0,1.0,1.0,1.0,1.0,1.0,,,
E229,S064,SP04,32,1.0,1.0,1.0,1.0,1.0,1.0,,,
E229,S064,SP04,33,1.0,1.0,1.0,1.0,1.0,1.0,,,
E229,S064,SP04,34,1.0,1.0,1.0,1.0,1.0,1.0,,,
E229,S064,SP04,35,1.0,0.0,0.0,0.0,0.0,0.0,,,
E229,S064,SP04,36,2.0,2.0,2.0,2.0,2.0,2.0,,,
E229,S064,SP04,37,1.0,1.0,1.0,1.0,1.0,1.0,,,
E229,S064,SP04,38,1.0,1.0,1.0,1.0,1.0,1.0,,,
E229,S064,SP04,39,2.0,2.0,2.0,2.0,2.0,2.0,,,
E076,S064,SP05,1,2.0,2.0,2.0,2.0,2.0,2.0,,,
E076,S064,SP05,2,3.0,3.0,3.0,3.0,3.0,3.0,,,
E076,S064,SP05,3,3.0,3.0,3.0,3.0,3.0,3.0,,,
E076,S064,SP05,4,2.0,2.0,2.0,2.0,2.0,2.0,,,
E076,S064,SP05,5,1.0,1.0,1.0,1.0,1.0,1.0,,,
E076,S064,SP05,6,1.0,1.0,1.0,1.0,1.0,1.0,,,
E076,S064,SP05,7,1.0,0.0,0.0,0.0,0.0,0.0,,,
E076,S064,SP05,8,1.0,1.0,1.0,1.0,1.0,1.0,,,
E076,S064,SP05,9,1.0,0.5,1.0,1.0,1.0,1.0,1.0,1.0,1.0
E076,S064,SP05,10,1.0,1.0,1.0,1.0,1.0,1.0,,,
E076,S064,SP05,11,1.0,1.0,1.0,1.0,1.0,1.0,,,
E076,S064,SP05,12,1.0,1.0,1.0,1.0,1.0,1.0,,,
E076,S064,SP05,13,1.0,1.0,1.0,1.0,1.0,1.0,,,
E076,S064,SP05,14,1.0,1.0,0.0,0.0,1.0,1.0,0.0,0.0,0.0
E076,S064,SP05,15,1.0,0.5,1.0,1.0,1.0,1.0,1.0,1.0,1.0
E076,S064,SP05,16,1.0,1.0,1.0,1.0,1.0,1.0,,,
E076,S064,SP05,17,1.0,1.0,1.0,1.0,1.0,1.0,,,
E076,S064,SP05,18,1.0,1.0,1.0,1.0,1.0,1.0,,,
E076,S064,SP05,19,1.0,1.0,1.0,1.0,1.0,1.0,,,
E076,S064,SP05,20,1.0,0.5,1.0,1.0,1.0,1.0,0.5,1.0,1.0
E076,S064,SP05,21,1.0,1.0,1.0,1.0,1.0,1.0,,,
E076,S064,SP05,22,1.0,1.0,1.0,1.0,1.0,1.0,,,
E076,S064,SP05,23,1.0,0.5,1.0,1.0,1.0,1.0,0.0,0.0,0.5
E076,S064,SP05,24,1.0,1.0,1.0,1.0,1.0,1.0,,,
E076,S064,SP05,25,1.0,1.0,1.0,1.0,1.0,1.0,,,
E076,S064,SP05,26,1.0,1.0,1.0,1.0,1.0,1.0,,,
E076,S064,SP05,27,1.0,1.0,1.0,1.0,1.0,1.0,,,
E076,S064,SP05,28,1.0,1.0,1.0,1.0,1.0,1.0,,,
E076,S064,SP05,29,1.0,1.0,0.0,0.0,0.0,1.0,0.0,0.0,0.0
E076,S064,SP05,30,1.0,0.0,0.0,0.0,1.0,0.0,,,
E076,S064,SP05,31,1.0,0.0,0.0,0.0,0.0,0.0,,,
E076,S064,SP05,32,1.0,1.0,1.0,1.0,1.0,1.0,,,
E076,S064,SP05,33,2.0,2.0,2.0,2.0,2.0,2.0,,,
E076,S064,SP05,34,1.0,1.0,1.0,1.0,1.0,1.0,,,
E076,S064,SP05,35,1.0,1.0,1.0,1.0,1.0,1.0,,,
E076,S064,SP05,36,1.0,1.0,1.0,1.0,1.0,1.0,,,
E076,S064,SP05,37,1.0,1.0,1.0,1.0,1.0,1.0,,,
E076,S064,SP05,38,2.0,2.0,2.0,2.0,2.0,2.0,,,
E076,S064,SP05,39,2.0,2.0,2.0,2.0,2.0,2.0,,,
E076,S064,SP05,40,2.0,2.0,2.0,2.0,2.0,2.0,,,
E129,S064,SP06,1,2.0,2.0,2.0,2.0,2.0,2.0,,,
E129,S064,SP06,2,4.0,4.0,4.0,4.0,4.0,4.0,,,
E129,S064,SP06,3,3.0,3.0,3.0,3.0,3.0,3.0,,,
E129,S064,SP06,4,2.0,0.0,0.0,0.0,0.0,2.0,,,
E129,S064,SP06,5,2.0,2.0,2.0,2.0,2.0,2.0,,,
E129,S064,SP06,6,2.0,2.0,2.0,2.0,2.0,2.0,,,
E129,S064,SP06,7,1.0,1.0,1.0,1.0,1.0,1.0,,,
E129,S064,SP06,8,1.0,1.0,1.0,1.0,1.0,1.0,,,
E129,S064,SP06,9,2.0,2.0,2.0,2.0,2.0,2.0,,,
E129,S064,SP06,10,2.0,2.0,2.0,2.0,2.0,2.0,,,
E129,S064,SP06,11,2.0,2.0,2.0,2.0,2.0,2.0,,,
E129,S064,SP06,12,1.0,1.0,0.0,0.0,1.0,0.0,1.0,1.0,0.0
E129,S064,SP06,13,1.0,0.0,0.0,0.0,1.0,1.0,,,
E129,S064,SP06,14,1.0,1.0,1.0,1.0,1.0,1.0,,,
E129,S064,SP06,15,1.0,0.0,0.0,0.0,1.0,0.0,,,
E129,S064,SP06,16,1.0,1.0,1.0,1.0,1.0,1.0,,,
E129,S064,SP06,17,1.0,1.0,1.0,1.0,1.0,1.0,,,
E129,S064,SP06,18,1.0,1.0,1.0,1.0,1.0,1.0,,,
E129,S064,SP06,19,1.0,1.0,1.0,1.0,1.0,1.0,,,
E129,S064,SP06,20,1.0,1.0,1.0,1.0,1.0,1.0,,,
E129,S064,SP06,21,1.0,1.0,1.0,1.0,1.0,1.0,,,
E129,S064,SP06,22,1.0,1.0,1.0,1.0,1.0,1.0,,,
E129,S064,SP06,23,1.0,1.0,1.0,1.0,1.0,0.0,,,
E129,S064,SP06,24,1.0,1.0,1.0,1.0,1.0,1.0,,,
E129,S064,SP06,25,1.0,1.0,1.0,1.0,1.0,1.0,,,
E129,S064,SP06,26,1.0,1.0,0.0,0.0,1.0,0.0,1.0,1.0,1.0
E129,S064,SP06,27,1.0,0.0,0.0,0.0,0.0,0.0,,,
E129,S064,SP06,28,1.0,1.0,1.0,1.0,1.0,1.0,,,
E129,S064,SP06,29,1.0,1.0,1.0,1.0,1.0,1.0,,,
E129,S064,SP06,30,1.0,1.0,1.0,1.0,1.0,1.0,,,
E129,S064,SP06,31,1.0,1.0,1.0,1.0,1.0,1.0,,,
E129,S064,SP06,32,1.0,1.0,1.0,1.0,1.0,1.0,,,
E129,S064,SP06,33,1.0,1.0,1.0,1.0,1.0,1.0,,,
E129,S064,SP06,34,2.0,2.0,2.0,2.0,2.0,2.0,,,
E129,S064,SP06,35,1.0,1.0,1.0,1.0,1.0,1.0,,,
E129,S064,SP06,36,2.0,2.0,2.0,2.0,2.0,2.0,,,
E087,S065,SP01,1,2.0,2.0,2.0,2.0,2.0,2.0,,,
E087,S065,SP01,2,3.0,3.0,3.0,3.0,3.0,3.0,,,
E087,S065,SP01,3,2.0,2.0,2.0,2.0,2.0,2.0,,,
E087,S065,SP01,4,2.0,2.0,2.0,2.0,2.0,2.0,,,
E087,S065,SP01,5,2.0,2.0,2.0,2.0,2.0,2.0,,,
E087,S065,SP01,6,2.0,2.0,2.0,2.0,2.0,2.0,,,
E087,S065,SP01,7,2.0,2.0,2.0,2.0,2.0,2.0,,,
E087,S065,SP01,8,2.0,2.0,2.0,2.0,2.0,2.0,,,
E087,S065,SP01,9,2.0,0.0,0.0,0.0,0.0,2.0,,,
E087,S065,SP01,10,2.0,1.0,2.0,2.0,2.0,2.0,0.0,2.0,0.0
E087,S065,SP01,11,2.0,0.0,2.0,2.0,2.0,2.0,0.0,1.0,0.0
E087,S065,SP01,12,1.0,1.0,1.0,1.0,1.0,1.0,,,
E087,S065,SP01,13,1.0,1.0,1.0,1.0,1.0,1.0,,,
E087,S065,SP01,14,1.0,1.0,1.0,1.0,1.0,1.0,,,
E087,S065,SP01,15,1.0,1.0,1.0,1.0,1.0,1.0,,,
E087,S065,SP01,16,1.0,1.0,1.0,1.0,1.0,1.0,,,
E087,S065,SP01,17,1.0,1.0,1.0,1.0,1.0,1.0,,,
E087,S065,SP01,18,1.0,1.0,1.0,1.0,1.0,1.0,,,
E087,S065,SP01,19,1.0,1.0,1.0,1.0,1.0,1.0,,,
E087,S065,SP01,20,1.0,1.0,1.0,1.0,1.0,1.0,,,
E087,S065,SP01,21,1.0,1.0,1.0,1.0,1.0,1.0,,,
E087,S065,SP01,22,1.0,1.0,1.0,1.0,1.0,1.0,,,
E087,S065,SP01,23,1.0,1.0,1.0,1.0,1.0,1.0,,,
E087,S065,SP01,24,1.0,1.0,1.0,1.0,1.0,1.0,,,
E087,S065,SP01,25,2.0,2.0,2.0,2.0,2.0,2.0,,,
E087,S065,SP01,26,1.0,1.0,1.0,1.0,1.0,1.0,,,
E087,S065,SP01,27,1.0,1.0,1.0,1.0,1.0,1.0,,,
E087,S065,SP01,28,1.0,0.0,0.0,0.0,0.0,0.0,,,
E087,S065,SP01,29,2.0,2.0,2.0,2.0,2.0,2.0,,,
E087,S065,SP01,30,2.0,2.0,2.0,2.0,2.0,2.0,,,
E087,S065,SP01,31,2.0,2.0,2.0,2.0,2.0,2.0,,,
E087,S065,SP01,32,1.0,1.0,1.0,1.0,1.0,1.0,,,
E087,S065,SP01,33,2.0,2.0,2.0,2.0,2.0,2.0,,,
E208,S065,SP02,1,2.0,2.0,2.0,2.0,2.0,2.0,,,
E208,S065,SP02,2,3.0,3.0,3.0,3.0,3.0,3.0,,,
E208,S065,SP02,3,2.0,2.0,2.0,2.0,2.0,2.0,,,
E208,S065,SP02,4,2.0,2.0,2.0,2.0,2.0,2.0,,,
E208,S065,SP02,5,1.0,1.0,1.0,1.0,1.0,1.0,,,
E208,S065,SP02,6,1.0,1.0,1.0,1.0,1.0,1.0,,,
E208,S065,SP02,7,2.0,2.0,2.0,2.0,2.0,2.0,,,
E208,S065,SP02,8,2.0,2.0,2.0,2.0,2.0,2.0,,,
E208,S065,SP02,9,2.0,2.0,2.0,2.0,2.0,2.0,,,
E208,S065,SP02,10,1.0,1.0,1.0,1.0,1.0,1.0,,,
E208,S065,SP02,11,2.0,1.0,2.0,2.0,2.0,2.0,0.0,1.0,1.0
E208,S065,SP02,12,2.0,1.0,2.0,2.0,2.0,2.0,1.0,1.0,1.5
E208,S065,SP02,13,2.0,0.0,0.0,0.0,2.0,2.0,,,
E208,S065,SP02,14,1.0,1.0,1.0,1.0,1.0,1.0,,,
E208,S065,SP02,15,1.0,1.0,1.0,1.0,1.0,1.0,,,
E208,S065,SP02,16,2.0,2.0,2.0,2.0,2.0,2.0,,,
E208,S065,SP02,17,1.0,1.0,1.0,1.0,1.0,1.0,,,
E208,S065,SP02,18,1.0,1.0,1.0,1.0,1.0,1.0,,,
E208,S065,SP02,19,1.0,1.0,0.0,0.0,1.0,1.0,0.0,0.0,0.0
E208,S065,SP02,20,1.0,1.0,1.0,1.0,1.0,1.0,,,
E208,S065,SP02,21,1.0,1.0,1.0,1.0,1.0,1.0,,,
E208,S065,SP02,22,1.0,1.0,1.0,1.0,1.0,1.0,,,
E208,S065,SP02,23,1.0,1.0,1.0,1.0,1.0,1.0,,,
E208,S065,SP02,24,1.0,1.0,1.0,1.0,1.0,1.0,,,
E208,S065,SP02,25,1.0,1.0,1.0,1.0,1.0,1.0,,,
E208,S065,SP02,26,1.0,1.0,1.0,1.0,1.0,1.0,,,
E208,S065,SP02,27,1.0,1.0,1.0,1.0,1.0,1.0,,,
E208,S065,SP02,28,1.0,1.0,1.0,1.0,1.0,1.0,,,
E208,S065,SP02,29,1.0,0.0,0.0,0.0,0.0,1.0,,,
E208,S065,SP02,30,2.0,2.0,2.0,2.0,2.0,2.0,,,
E208,S065,SP02,31,2.0,2.0,2.0,2.0,2.0,2.0,,,
E208,S065,SP02,32,2.0,2.0,2.0,2.0,2.0,2.0,,,
E208,S065,SP02,33,1.0,1.0,1.0,1.0,1.0,1.0,,,
E208,S065,SP02,34,2.0,2.0,2.0,2.0,2.0,2.0,,,
E089,S065,SP03,1,2.0,2.0,2.0,2.0,2.0,2.0,,,
E089,S065,SP03,2,3.0,3.0,3.0,3.0,3.0,3.0,,,
E089,S065,SP03,3,3.0,3.0,3.0,3.0,3.0,3.0,,,
E089,S065,SP03,4,2.0,2.0,2.0,2.0,2.0,2.0,,,
E089,S065,SP03,5,1.0,1.0,1.0,1.0,1.0,1.0,,,
E089,S065,SP03,6,2.0,1.0,2.0,2.0,2.0,2.0,2.0,2.0,2.0
E089,S065,SP03,7,2.0,2.0,2.0,2.0,2.0,2.0,,,
E089,S065,SP03,8,1.0,1.0,1.0,1.0,1.0,1.0,,,
E089,S065,SP03,9,1.0,1.0,1.0,1.0,1.0,1.0,,,
E089,S065,SP03,10,1.0,1.0,1.0,1.0,1.0,1.0,,,
E089,S065,SP03,11,2.0,2.0,2.0,2.0,2.0,2.0,,,
E089,S065,SP03,12,2.0,2.0,2.0,2.0,2.0,2.0,,,
E089,S065,SP03,13,2.0,1.0,0.0,0.0,2.0,2.0,1.0,2.0,0.0
E089,S065,SP03,14,2.0,2.0,2.0,2.0,2.0,2.0,,,
E089,S065,SP03,15,2.0,1.0,0.0,0.0,2.0,2.0,0.0,0.0,0.0
E089,S065,SP03,16,2.0,2.0,1.0,1.0,2.0,2.0,1.0,2.0,1.0
E089,S065,SP03,17,2.0,2.0,2.0,2.0,2.0,2.0,,,
E089,S065,SP03,18,1.0,0.0,0.0,0.0,1.0,1.0,,,
E089,S065,SP03,19,1.0,1.0,1.0,1.0,1.0,1.0,,,
E089,S065,SP03,20,1.0,1.0,1.0,1.0,1.0,1.0,,,
E089,S065,SP03,21,1.0,1.0,1.0,1.0,1.0,1.0,,,
E089,S065,SP03,22,1.0,1.0,1.0,1.0,1.0,1.0,,,
E089,S065,SP03,23,1.0,1.0,1.0,1.0,1.0,1.0,,,
E089,S065,SP03,24,1.0,1.0,1.0,1.0,1.0,1.0,,,
E089,S065,SP03,25,1.0,1.0,1.0,1.0,1.0,1.0,,,
E089,S065,SP03,26,1.0,1.0,1.0,1.0,1.0,1.0,,,
E089,S065,SP03,27,1.0,1.0,1.0,1.0,1.0,1.0,,,
E089,S065,SP03,28,1.0,1.0,1.0,1.0,1.0,1.0,,,
E089,S065,SP03,29,1.0,1.0,1.0,1.0,1.0,1.0,,,
E089,S065,SP03,30,1.0,1.0,0.0,0.0,1.0,0.0,0.0,0.0,0.0
E089,S065,SP03,31,1.0,1.0,1.0,1.0,1.0,1.0,,,
E089,S065,SP03,32,1.0,1.0,1.0,1.0,1.0,1.0,,,
E089,S065,SP03,33,3.0,2.0,3.0,3.0,3.0,3.0,3.0,3.0,3.0
E077,S066,SP05,1,2.0,2.0,2.0,2.0,2.0,2.0,,,
E077,S066,SP05,2,3.0,3.0,3.0,3.0,3.0,3.0,,,
E077,S066,SP05,3,3.0,3.0,3.0,3.0,3.0,3.0,,,
E077,S066,SP05,4,2.0,2.0,2.0,2.0,2.0,2.0,,,
E077,S066,SP05,5,1.0,0.0,0.0,0.0,0.0,1.0,,,
E077,S066,SP05,6,1.0,0.0,0.0,0.0,1.0,1.0,,,
E077,S066,SP05,7,1.0,0.0,0.0,0.0,0.0,1.0,,,
E077,S066,SP05,8,1.0,1.0,1.0,1.0,1.0,1.0,,,
E077,S066,SP05,9,1.0,1.0,1.0,1.0,1.0,1.0,,,
E077,S066,SP05,10,1.0,1.0,1.0,1.0,1.0,1.0,,,
E077,S066,SP05,11,1.0,1.0,1.0,1.0,1.0,1.0,,,
E077,S066,SP05,12,1.0,1.0,1.0,1.0,1.0,1.0,,,
E077,S066,SP05,13,1.0,1.0,1.0,1.0,1.0,1.0,,,
E077,S066,SP05,14,1.0,0.0,0.0,0.0,0.0,0.0,,,
E077,S066,SP05,15,1.0,0.0,0.0,0.0,0.0,1.0,,,
E077,S066,SP05,16,1.0,1.0,0.0,0.0,1.0,1.0,0.0,0.0,1.0
E077,S066,SP05,17,1.0,1.0,1.0,1.0,1.0,1.0,,,
E077,S066,SP05,18,1.0,1.0,1.0,1.0,1.0,1.0,,,
E077,S066,SP05,19,1.0,1.0,1.0,1.0,1.0,1.0,,,
E077,S066,SP05,20,1.0,1.0,0.5,0.5,1.0,1.0,0.0,1.0,0.0
E077,S066,SP05,21,1.0,0.0,0.0,0.0,1.0,1.0,,,
E077,S066,SP05,22,1.0,1.0,0.0,0.0,1.0,1.0,0.0,0.0,0.0
E077,S066,SP05,23,1.0,0.0,0.0,0.0,0.0,1.0,,,
E077,S066,SP05,24,1.0,1.0,0.0,0.0,1.0,1.0,0.0,0.0,0.0
E077,S066,SP05,25,1.0,1.0,1.0,1.0,1.0,1.0,,,
E077,S066,SP05,26,1.0,1.0,1.0,1.0,1.0,1.0,,,
E077,S066,SP05,27,1.0,1.0,0.0,0.0,0.0,1.0,0.0,0.0,0.0
E077,S066,SP05,28,1.0,1.0,1.0,1.0,1.0,1.0,,,
E077,S066,SP05,29,1.0,1.0,1.0,1.0,1.0,1.0,,,
E077,S066,SP05,30,1.0,1.0,1.0,1.0,1.0,1.0,,,
E077,S066,SP05,31,1.0,0.0,0.0,0.0,0.0,0.0,,,
E077,S066,SP05,32,1.0,1.0,1.0,1.0,1.0,1.0,,,
E077,S066,SP05,33,2.0,2.0,2.0,2.0,2.0,2.0,,,
E077,S066,SP05,34,1.0,1.0,1.0,1.0,1.0,1.0,,,
E077,S066,SP05,35,1.0,1.0,1.0,1.0,1.0,1.0,,,
E077,S066,SP05,36,1.0,1.0,1.0,1.0,1.0,1.0,,,
E077,S066,SP05,37,1.0,1.0,1.0,1.0,1.0,1.0,,,
E077,S066,SP05,38,2.0,2.0,2.0,2.0,2.0,2.0,,,
E077,S066,SP05,39,2.0,2.0,2.0,2.0,2.0,2.0,,,
E077,S066,SP05,40,2.0,2.0,2.0,2.0,2.0,2.0,,,
E167,S066,SP06,1,2.0,2.0,2.0,2.0,2.0,2.0,,,
E167,S066,SP06,2,4.0,4.0,4.0,4.0,4.0,4.0,,,
E167,S066,SP06,3,3.0,3.0,3.0,3.0,3.0,3.0,,,
E167,S066,SP06,4,2.0,0.0,2.0,2.0,2.0,2.0,0.0,2.0,2.0
E167,S066,SP06,5,2.0,2.0,2.0,2.0,2.0,2.0,,,
E167,S066,SP06,6,2.0,2.0,2.0,2.0,2.0,2.0,,,
E167,S066,SP06,7,1.0,1.0,1.0,1.0,1.0,1.0,,,
E167,S066,SP06,8,1.0,1.0,1.0,1.0,1.0,1.0,,,
E167,S066,SP06,9,2.0,2.0,2.0,2.0,2.0,2.0,,,
E167,S066,SP06,10,2.0,2.0,2.0,2.0,2.0,2.0,,,
E167,S066,SP06,11,2.0,2.0,2.0,2.0,2.0,2.0,,,
E167,S066,SP06,12,1.0,1.0,1.0,1.0,1.0,1.0,,,
E167,S066,SP06,13,1.0,0.0,0.0,0.0,1.0,1.0,,,
E167,S066,SP06,14,1.0,1.0,1.0,1.0,1.0,1.0,,,
E167,S066,SP06,15,1.0,0.0,0.0,0.0,1.0,0.0,,,
E167,S066,SP06,16,1.0,1.0,1.0,1.0,1.0,1.0,,,
E167,S066,SP06,17,1.0,0.0,1.0,1.0,1.0,1.0,0.0,0.0,1.0
E167,S066,SP06,18,1.0,1.0,1.0,1.0,1.0,1.0,,,
E167,S066,SP06,19,1.0,1.0,1.0,1.0,1.0,1.0,,,
E167,S066,SP06,20,1.0,1.0,1.0,1.0,1.0,1.0,,,
E167,S066,SP06,21,1.0,1.0,1.0,1.0,1.0,1.0,,,
E167,S066,SP06,22,1.0,1.0,1.0,1.0,1.0,1.0,,,
E167,S066,SP06,23,1.0,1.0,1.0,1.0,1.0,1.0,,,
E167,S066,SP06,24,1.0,1.0,1.0,1.0,1.0,1.0,,,
E167,S066,SP06,25,1.0,1.0,1.0,1.0,1.0,1.0,,,
E167,S066,SP06,26,1.0,1.0,1.0,1.0,1.0,1.0,,,
E167,S066,SP06,27,1.0,1.0,1.0,1.0,1.0,1.0,,,
E167,S066,SP06,28,1.0,1.0,1.0,1.0,1.0,1.0,,,
E167,S066,SP06,29,1.0,1.0,1.0,1.0,1.0,1.0,,,
E167,S066,SP06,30,1.0,0.0,1.0,1.0,1.0,1.0,1.0,1.0,1.0
E167,S066,SP06,31,1.0,1.0,1.0,1.0,1.0,1.0,,,
E167,S066,SP06,32,1.0,1.0,1.0,1.0,1.0,1.0,,,
E167,S066,SP06,33,1.0,1.0,1.0,1.0,1.0,1.0,,,
E167,S066,SP06,34,2.0,2.0,2.0,2.0,2.0,2.0,,,
E167,S066,SP06,35,1.0,1.0,1.0,1.0,1.0,1.0,,,
E167,S066,SP06,36,2.0,2.0,2.0,2.0,2.0,2.0,,,
E215,S067,SP04,1,2.0,2.0,2.0,2.0,2.0,2.0,,,
E215,S067,SP04,2,3.0,3.0,3.0,3.0,3.0,3.0,,,
E215,S067,SP04,3,3.0,3.0,3.0,3.0,3.0,3.0,,,
E215,S067,SP04,4,2.0,2.0,2.0,2.0,2.0,2.0,,,
E215,S067,SP04,5,1.0,1.0,1.0,1.0,1.0,1.0,,,
E215,S067,SP04,6,1.0,1.0,1.0,1.0,1.0,0.0,,,
E215,S067,SP04,7,2.0,2.0,2.0,2.0,2.0,2.0,,,
E215,S067,SP04,8,1.0,1.0,1.0,1.0,1.0,1.0,,,
E215,S067,SP04,9,1.0,1.0,1.0,1.0,1.0,1.0,,,
E215,S067,SP04,10,1.0,1.0,1.0,1.0,1.0,1.0,,,
E215,S067,SP04,11,1.0,1.0,1.0,1.0,1.0,1.0,,,
E215,S067,SP04,12,1.0,0.0,1.0,1.0,1.0,0.0,0.0,0.0,0.0
E215,S067,SP04,13,1.0,0.0,1.0,1.0,1.0,1.0,1.0,1.0,0.0
E215,S067,SP04,14,1.0,1.0,1.0,1.0,1.0,1.0,,,
E215,S067,SP04,15,1.0,1.0,1.0,1.0,1.0,1.0,,,
E215,S067,SP04,16,1.0,1.0,0.0,0.0,1.0,0.0,0.0,1.0,1.0
E215,S067,SP04,17,1.0,0.0,1.0,1.0,1.0,1.0,0.0,0.0,0.0
E215,S067,SP04,18,1.0,0.0,0.0,0.0,0.0,1.0,,,
E215,S067,SP04,19,1.0,1.0,1.0,1.0,1.0,1.0,,,
E215,S067,SP04,20,1.0,1.0,1.0,1.0,1.0,1.0,,,
E215,S067,SP04,21,2.0,2.0,2.0,2.0,2.0,2.0,,,
E215,S067,SP04,22,1.0,1.0,1.0,1.0,1.0,1.0,,,
E215,S067,SP04,23,1.0,1.0,1.0,1.0,1.0,1.0,,,
E215,S067,SP04,24,1.0,1.0,1.0,1.0,1.0,1.0,,,
E215,S067,SP04,25,1.0,1.0,1.0,1.0,1.0,1.0,,,
E215,S067,SP04,26,1.0,1.0,1.0,1.0,1.0,1.0,,,
E215,S067,SP04,27,1.0,1.0,1.0,1.0,1.0,1.0,,,
E215,S067,SP04,28,1.0,1.0,1.0,1.0,1.0,1.0,,,
E215,S067,SP04,29,1.0,1.0,1.0,1.0,1.0,1.0,,,
E215,S067,SP04,30,2.0,2.0,2.0,2.0,2.0,2.0,,,
E215,S067,SP04,31,1.0,1.0,1.0,1.0,1.0,1.0,,,
E215,S067,SP04,32,1.0,1.0,1.0,1.0,1.0,1.0,,,
E215,S067,SP04,33,1.0,1.0,1.0,1.0,1.0,1.0,,,
E215,S067,SP04,34,1.0,1.0,1.0,1.0,1.0,1.0,,,
E215,S067,SP04,35,1.0,0.0,0.0,0.0,0.0,0.0,,,
E215,S067,SP04,36,2.0,2.0,2.0,2.0,2.0,2.0,,,
E215,S067,SP04,37,1.0,1.0,1.0,1.0,1.0,1.0,,,
E215,S067,SP04,38,1.0,1.0,0.0,0.0,0.0,1.0,0.0,0.0,0.5
E215,S067,SP04,39,2.0,2.0,2.0,2.0,2.0,2.0,,,
E073,S067,SP06,1,2.0,2.0,2.0,2.0,2.0,2.0,,,
E073,S067,SP06,2,4.0,4.0,4.0,4.0,4.0,4.0,,,
E073,S067,SP06,3,3.0,3.0,3.0,3.0,3.0,3.0,,,
E073,S067,SP06,4,2.0,2.0,2.0,2.0,2.0,2.0,,,
E073,S067,SP06,5,2.0,2.0,2.0,2.0,2.0,2.0,,,
E073,S067,SP06,6,2.0,2.0,2.0,2.0,2.0,2.0,,,
E073,S067,SP06,7,1.0,0.0,1.0,1.0,1.0,1.0,0.0,0.0,1.0
E073,S067,SP06,8,1.0,1.0,1.0,1.0,1.0,1.0,,,
E073,S067,SP06,9,2.0,1.0,2.0,2.0,2.0,2.0,2.0,2.0,2.0
E073,S067,SP06,10,2.0,2.0,2.0,2.0,2.0,2.0,,,
E073,S067,SP06,11,2.0,1.0,2.0,2.0,2.0,2.0,0.0,2.0,2.0
E073,S067,SP06,12,1.0,1.0,1.0,1.0,1.0,1.0,,,
E073,S067,SP06,13,1.0,1.0,1.0,1.0,1.0,1.0,,,
E073,S067,SP06,14,1.0,1.0,1.0,1.0,1.0,1.0,,,
E073,S067,SP06,15,1.0,0.0,0.0,0.0,1.0,0.0,,,
E073,S067,SP06,16,1.0,0.0,1.0,1.0,1.0,1.0,1.0,1.0,1.0
E073,S067,SP06,17,1.0,1.0,1.0,1.0,1.0,1.0,,,
E073,S067,SP06,18,1.0,1.0,1.0,1.0,1.0,1.0,,,
E073,S067,SP06,19,1.0,1.0,1.0,1.0,1.0,1.0,,,
E073,S067,SP06,20,1.0,1.0,1.0,1.0,1.0,1.0,,,
E073,S067,SP06,21,1.0,1.0,1.0,1.0,1.0,1.0,,,
E073,S067,SP06,22,1.0,1.0,1.0,1.0,1.0,1.0,,,
E073,S067,SP06,23,1.0,1.0,1.0,1.0,1.0,1.0,,,
E073,S067,SP06,24,1.0,1.0,1.0,1.0,1.0,1.0,,,
E073,S067,SP06,25,1.0,1.0,1.0,1.0,1.0,1.0,,,
E073,S067,SP06,26,1.0,1.0,1.0,1.0,1.0,1.0,,,
E073,S067,SP06,27,1.0,1.0,1.0,1.0,1.0,1.0,,,
E073,S067,SP06,28,1.0,1.0,1.0,1.0,1.0,1.0,,,
E073,S067,SP06,29,1.0,1.0,0.0,0.0,1.0,1.0,0.5,1.0,0.5
E073,S067,SP06,30,1.0,1.0,1.0,1.0,1.0,1.0,,,
E073,S067,SP06,31,1.0,1.0,1.0,1.0,1.0,1.0,,,
E073,S067,SP06,32,1.0,1.0,1.0,1.0,1.0,1.0,,,
E073,S067,SP06,33,1.0,1.0,1.0,1.0,1.0,1.0,,,
E073,S067,SP06,34,2.0,2.0,2.0,2.0,2.0,2.0,,,
E073,S067,SP06,35,1.0,1.0,1.0,1.0,1.0,1.0,,,
E073,S067,SP06,36,2.0,1.0,2.0,2.0,2.0,2.0,1.0,2.0,1.0
E224,S068,SP02,1,2.0,2.0,2.0,2.0,2.0,2.0,,,
E224,S068,SP02,2,3.0,3.0,3.0,3.0,3.0,3.0,,,
E224,S068,SP02,3,2.0,2.0,2.0,2.0,2.0,2.0,,,
E224,S068,SP02,4,2.0,2.0,2.0,2.0,2.0,2.0,,,
E224,S068,SP02,5,1.0,1.0,1.0,1.0,1.0,1.0,,,
E224,S068,SP02,6,1.0,1.0,1.0,1.0,1.0,1.0,,,
E224,S068,SP02,7,2.0,2.0,2.0,2.0,2.0,2.0,,,
E224,S068,SP02,8,2.0,2.0,2.0,2.0,2.0,2.0,,,
E224,S068,SP02,9,2.0,2.0,2.0,2.0,2.0,2.0,,,
E224,S068,SP02,10,1.0,1.0,1.0,1.0,1.0,1.0,,,
E224,S068,SP02,11,2.0,2.0,2.0,2.0,2.0,2.0,,,
E224,S068,SP02,12,2.0,1.0,2.0,2.0,2.0,2.0,0.0,1.0,1.0
E224,S068,SP02,13,2.0,2.0,2.0,2.0,2.0,2.0,,,
E224,S068,SP02,14,1.0,0.0,1.0,1.0,1.0,1.0,0.0,0.0,0.5
E224,S068,SP02,15,1.0,1.0,1.0,1.0,1.0,1.0,,,
E224,S068,SP02,16,2.0,2.0,2.0,2.0,2.0,2.0,,,
E224,S068,SP02,17,1.0,1.0,1.0,1.0,1.0,1.0,,,
E224,S068,SP02,18,1.0,1.0,1.0,1.0,1.0,1.0,,,
E224,S068,SP02,19,1.0,0.0,1.0,1.0,1.0,1.0,1.0,1.0,1.0
E224,S068,SP02,20,1.0,1.0,1.0,1.0,1.0,1.0,,,
E224,S068,SP02,21,1.0,1.0,1.0,1.0,1.0,1.0,,,
E224,S068,SP02,22,1.0,1.0,1.0,1.0,1.0,1.0,,,
E224,S068,SP02,23,1.0,1.0,1.0,1.0,1.0,1.0,,,
E224,S068,SP02,24,1.0,1.0,1.0,1.0,1.0,1.0,,,
E224,S068,SP02,25,1.0,1.0,1.0,1.0,1.0,1.0,,,
E224,S068,SP02,26,1.0,1.0,1.0,1.0,1.0,1.0,,,
E224,S068,SP02,27,1.0,1.0,1.0,1.0,1.0,1.0,,,
E224,S068,SP02,28,1.0,1.0,1.0,1.0,1.0,1.0,,,
E224,S068,SP02,29,1.0,1.0,1.0,1.0,1.0,1.0,,,
E224,S068,SP02,30,2.0,2.0,2.0,2.0,2.0,2.0,,,
E224,S068,SP02,31,2.0,2.0,2.0,2.0,2.0,2.0,,,
E224,S068,SP02,32,2.0,2.0,2.0,2.0,2.0,2.0,,,
E224,S068,SP02,33,1.0,1.0,1.0,1.0,1.0,1.0,,,
E224,S068,SP02,34,2.0,2.0,2.0,2.0,2.0,2.0,,,
E201,S068,SP03,1,2.0,2.0,2.0,2.0,2.0,2.0,,,
E201,S068,SP03,2,3.0,3.0,3.0,3.0,3.0,3.0,,,
E201,S068,SP03,3,3.0,3.0,3.0,3.0,3.0,3.0,,,
E201,S068,SP03,4,2.0,2.0,2.0,2.0,2.0,2.0,,,
E201,S068,SP03,5,1.0,1.0,1.0,1.0,1.0,1.0,,,
E201,S068,SP03,6,2.0,2.0,2.0,2.0,2.0,2.0,,,
E201,S068,SP03,7,2.0,2.0,2.0,2.0,2.0,2.0,,,
E201,S068,SP03,8,1.0,1.0,1.0,1.0,1.0,1.0,,,
E201,S068,SP03,9,1.0,1.0,1.0,1.0,1.0,1.0,,,
E201,S068,SP03,10,1.0,1.0,1.0,1.0,1.0,1.0,,,
E201,S068,SP03,11,2.0,2.0,2.0,2.0,2.0,2.0,,,
E201,S068,SP03,12,2.0,2.0,2.0,2.0,2.0,2.0,,,
E201,S068,SP03,13,2.0,2.0,0.0,0.0,2.0,2.0,1.0,1.0,2.0
E201,S068,SP03,14,2.0,2.0,2.0,2.0,2.0,2.0,,,
E201,S068,SP03,15,2.0,2.0,2.0,2.0,2.0,2.0,,,
E201,S068,SP03,16,2.0,2.0,2.0,2.0,2.0,2.0,,,
E201,S068,SP03,17,2.0,2.0,2.0,2.0,2.0,2.0,,,
E201,S068,SP03,18,1.0,1.0,1.0,1.0,1.0,1.0,,,
E201,S068,SP03,19,1.0,1.0,1.0,1.0,1.0,1.0,,,
E201,S068,SP03,20,1.0,1.0,1.0,1.0,1.0,1.0,,,
E201,S068,SP03,21,1.0,1.0,1.0,1.0,1.0,1.0,,,
E201,S068,SP03,22,1.0,1.0,1.0,1.0,1.0,1.0,,,
E201,S068,SP03,23,1.0,1.0,1.0,1.0,1.0,1.0,,,
E201,S068,SP03,24,1.0,1.0,1.0,1.0,1.0,1.0,,,
E201,S068,SP03,25,1.0,1.0,1.0,1.0,1.0,1.0,,,
E201,S068,SP03,26,1.0,1.0,1.0,1.0,1.0,1.0,,,
E201,S068,SP03,27,1.0,1.0,1.0,1.0,1.0,1.0,,,
E201,S068,SP03,28,1.0,1.0,1.0,1.0,1.0,1.0,,,
E201,S068,SP03,29,1.0,1.0,1.0,1.0,1.0,1.0,,,
E201,S068,SP03,30,1.0,1.0,1.0,1.0,1.0,1.0,,,
E201,S068,SP03,31,1.0,1.0,1.0,1.0,1.0,1.0,,,
E201,S068,SP03,32,1.0,1.0,1.0,1.0,1.0,1.0,,,
E201,S068,SP03,33,3.0,3.0,3.0,3.0,3.0,3.0,,,
E221,S069,SP01,1,2.0,2.0,2.0,2.0,2.0,2.0,,,
E221,S069,SP01,2,3.0,3.0,3.0,3.0,3.0,3.0,,,
E221,S069,SP01,3,2.0,2.0,2.0,2.0,2.0,2.0,,,
E221,S069,SP01,4,2.0,2.0,2.0,2.0,2.0,2.0,,,
E221,S069,SP01,5,2.0,2.0,2.0,2.0,2.0,2.0,,,
E221,S069,SP01,6,2.0,2.0,2.0,2.0,2.0,2.0,,,
E221,S069,SP01,7,2.0,2.0,2.0,2.0,2.0,2.0,,,
E221,S069,SP01,8,2.0,2.0,2.0,2.0,2.0,2.0,,,
E221,S069,SP01,9,2.0,0.0,0.0,0.0,0.0,2.0,,,
E221,S069,SP01,10,2.0,2.0,2.0,2.0,2.0,2.0,,,
E221,S069,SP01,11,2.0,1.0,1.0,1.0,1.0,2.0,,,
E221,S069,SP01,12,1.0,1.0,1.0,1.0,1.0,1.0,,,
E221,S069,SP01,13,1.0,1.0,1.0,1.0,1.0,1.0,,,
E221,S069,SP01,14,1.0,1.0,1.0,1.0,1.0,1.0,,,
E221,S069,SP01,15,1.0,1.0,1.0,1.0,1.0,1.0,,,
E221,S069,SP01,16,1.0,1.0,1.0,1.0,1.0,1.0,,,
E221,S069,SP01,17,1.0,1.0,1.0,1.0,1.0,1.0,,,
E221,S069,SP01,18,1.0,0.0,0.0,0.0,1.0,1.0,,,
E221,S069,SP01,19,1.0,1.0,1.0,1.0,1.0,1.0,,,
E221,S069,SP01,20,1.0,1.0,1.0,1.0,1.0,1.0,,,
E221,S069,SP01,21,1.0,1.0,1.0,1.0,1.0,1.0,,,
E221,S069,SP01,22,1.0,1.0,1.0,1.0,1.0,1.0,,,
E221,S069,SP01,23,1.0,1.0,1.0,1.0,1.0,1.0,,,
E221,S069,SP01,24,1.0,1.0,1.0,1.0,1.0,1.0,,,
E221,S069,SP01,25,2.0,2.0,2.0,2.0,2.0,2.0,,,
E221,S069,SP01,26,1.0,1.0,1.0,1.0,1.0,1.0,,,
E221,S069,SP01,27,1.0,1.0,1.0,1.0,1.0,1.0,,,
E221,S069,SP01,28,1.0,1.0,1.0,1.0,1.0,1.0,,,
E221,S069,SP01,29,2.0,2.0,2.0,2.0,1.0,2.0,,,
E221,S069,SP01,30,2.0,2.0,2.0,2.0,1.0,2.0,,,
E221,S069,SP01,31,2.0,0.0,2.0,2.0,1.0,2.0,0.0,0.0,0.0
E221,S069,SP01,32,1.0,1.0,1.0,1.0,1.0,1.0,,,
E221,S069,SP01,33,2.0,0.0,0.0,0.0,2.0,2.0,,,
E145,S069,SP02,1,2.0,2.0,2.0,2.0,2.0,2.0,,,
E145,S069,SP02,2,3.0,3.0,3.0,3.0,3.0,3.0,,,
E145,S069,SP02,3,2.0,2.0,2.0,2.0,2.0,2.0,,,
E145,S069,SP02,4,2.0,2.0,2.0,2.0,2.0,2.0,,,
E145,S069,SP02,5,1.0,1.0,1.0,1.0,1.0,1.0,,,
E145,S069,SP02,6,1.0,1.0,1.0,1.0,1.0,1.0,,,
E145,S069,SP02,7,2.0,2.0,2.0,2.0,2.0,2.0,,,
E145,S069,SP02,8,2.0,1.0,2.0,2.0,2.0,2.0,1.0,2.0,2.0
E145,S069,SP02,9,2.0,2.0,2.0,2.0,2.0,2.0,,,
E145,S069,SP02,10,1.0,1.0,1.0,1.0,1.0,1.0,,,
E145,S069,SP02,11,2.0,1.0,1.0,1.0,2.0,2.0,,,
E145,S069,SP02,12,2.0,1.0,1.0,1.0,2.0,0.0,,,
E145,S069,SP02,13,2.0,1.0,1.0,1.0,2.0,2.0,,,
E145,S069,SP02,14,1.0,0.0,0.0,0.0,1.0,0.0,,,
E145,S069,SP02,15,1.0,1.0,1.0,1.0,1.0,1.0,,,
E145,S069,SP02,16,2.0,2.0,2.0,2.0,2.0,2.0,,,
E145,S069,SP02,17,1.0,1.0,1.0,1.0,1.0,1.0,,,
E145,S069,SP02,18,1.0,1.0,1.0,1.0,1.0,1.0,,,
E145,S069,SP02,19,1.0,1.0,0.0,0.0,1.0,1.0,0.0,0.0,0.0
E145,S069,SP02,20,1.0,1.0,1.0,1.0,1.0,1.0,,,
E145,S069,SP02,21,1.0,1.0,1.0,1.0,1.0,1.0,,,
E145,S069,SP02,22,1.0,1.0,1.0,1.0,1.0,1.0,,,
E145,S069,SP02,23,1.0,1.0,1.0,1.0,1.0,1.0,,,
E145,S069,SP02,24,1.0,1.0,1.0,1.0,1.0,1.0,,,
E145,S069,SP02,25,1.0,1.0,1.0,1.0,1.0,1.0,,,
E145,S069,SP02,26,1.0,1.0,1.0,1.0,1.0,1.0,,,
E145,S069,SP02,27,1.0,1.0,1.0,1.0,1.0,1.0,,,
E145,S069,SP02,28,1.0,1.0,1.0,1.0,1.0,1.0,,,
E145,S069,SP02,29,1.0,1.0,1.0,1.0,1.0,1.0,,,
E145,S069,SP02,30,2.0,2.0,2.0,2.0,2.0,2.0,,,
E145,S069,SP02,31,2.0,2.0,2.0,2.0,2.0,2.0,,,
E145,S069,SP02,32,2.0,2.0,2.0,2.0,2.0,2.0,,,
E145,S069,SP02,33,1.0,1.0,1.0,1.0,1.0,1.0,,,
E145,S069,SP02,34,2.0,2.0,2.0,2.0,2.0,2.0,,,
E217,S070,SP04,1,2.0,0.0,2.0,2.0,2.0,2.0,0.0,0.0,0.0
E217,S070,SP04,2,3.0,3.0,3.0,3.0,3.0,3.0,,,
E217,S070,SP04,3,3.0,3.0,3.0,3.0,3.0,3.0,,,
E217,S070,SP04,4,2.0,2.0,2.0,2.0,2.0,2.0,,,
E217,S070,SP04,5,1.0,1.0,1.0,1.0,1.0,1.0,,,
E217,S070,SP04,6,1.0,1.0,1.0,1.0,1.0,1.0,,,
E217,S070,SP04,7,2.0,2.0,2.0,2.0,2.0,2.0,,,
E217,S070,SP04,8,1.0,0.0,1.0,1.0,1.0,1.0,1.0,1.0,1.0
E217,S070,SP04,9,1.0,0.0,0.0,0.0,0.0,1.0,,,
E217,S070,SP04,10,1.0,1.0,1.0,1.0,1.0,1.0,,,
E217,S070,SP04,11,1.0,1.0,1.0,1.0,1.0,1.0,,,
E217,S070,SP04,12,1.0,0.0,0.0,0.0,0.0,0.0,,,
E217,S070,SP04,13,1.0,0.5,1.0,1.0,1.0,1.0,1.0,1.0,1.0
E217,S070,SP04,14,1.0,1.0,1.0,1.0,1.0,1.0,,,
E217,S070,SP04,15,1.0,0.0,0.0,0.0,0.0,0.0,,,
E217,S070,SP04,16,1.0,0.0,0.0,0.0,0.0,1.0,,,
E217,S070,SP04,17,1.0,0.5,1.0,1.0,0.5,1.0,0.5,1.0,0.5
E217,S070,SP04,18,1.0,0.0,0.0,0.0,0.0,1.0,,,
E217,S070,SP04,19,1.0,1.0,1.0,1.0,1.0,1.0,,,
E217,S070,SP04,20,1.0,1.0,1.0,1.0,1.0,1.0,,,
E217,S070,SP04,21,2.0,2.0,2.0,2.0,2.0,2.0,,,
E217,S070,SP04,22,1.0,1.0,1.0,1.0,1.0,1.0,,,
E217,S070,SP04,23,1.0,1.0,1.0,1.0,1.0,1.0,,,
E217,S070,SP04,24,1.0,1.0,0.0,0.0,0.0,0.0,1.0,1.0,0.0
E217,S070,SP04,25,1.0,1.0,1.0,1.0,1.0,1.0,,,
E217,S070,SP04,26,1.0,1.0,1.0,1.0,1.0,1.0,,,
E217,S070,SP04,27,1.0,1.0,1.0,1.0,1.0,1.0,,,
E217,S070,SP04,28,1.0,1.0,1.0,1.0,1.0,1.0,,,
E217,S070,SP04,29,1.0,1.0,1.0,1.0,1.0,1.0,,,
E217,S070,SP04,30,2.0,2.0,2.0,2.0,2.0,2.0,,,
E217,S070,SP04,31,1.0,1.0,1.0,1.0,1.0,1.0,,,
E217,S070,SP04,32,1.0,1.0,1.0,1.0,1.0,1.0,,,
E217,S070,SP04,33,1.0,1.0,1.0,1.0,1.0,1.0,,,
E217,S070,SP04,34,1.0,1.0,1.0,1.0,1.0,1.0,,,
E217,S070,SP04,35,1.0,0.0,0.0,0.0,0.0,0.0,,,
E217,S070,SP04,36,2.0,2.0,2.0,2.0,2.0,2.0,,,
E217,S070,SP04,37,1.0,1.0,1.0,1.0,1.0,1.0,,,
E217,S070,SP04,38,1.0,1.0,1.0,1.0,1.0,1.0,,,
E217,S070,SP04,39,2.0,2.0,2.0,2.0,2.0,2.0,,,
E062,S070,SP06,1,2.0,2.0,2.0,2.0,2.0,2.0,,,
E062,S070,SP06,2,4.0,3.0,4.0,4.0,4.0,4.0,4.0,4.0,4.0
E062,S070,SP06,3,3.0,3.0,3.0,3.0,3.0,3.0,,,
E062,S070,SP06,4,2.0,2.0,2.0,2.0,2.0,2.0,,,
E062,S070,SP06,5,2.0,2.0,2.0,2.0,2.0,2.0,,,
E062,S070,SP06,6,2.0,2.0,2.0,2.0,2.0,2.0,,,
E062,S070,SP06,7,1.0,1.0,1.0,1.0,1.0,1.0,,,
E062,S070,SP06,8,1.0,1.0,1.0,1.0,1.0,1.0,,,
E062,S070,SP06,9,2.0,2.0,2.0,2.0,2.0,2.0,,,
E062,S070,SP06,10,2.0,1.0,2.0,2.0,2.0,2.0,2.0,2.0,2.0
E062,S070,SP06,11,2.0,1.0,2.0,2.0,2.0,2.0,1.0,2.0,2.0
E062,S070,SP06,12,1.0,0.0,0.0,0.0,1.0,1.0,,,
E062,S070,SP06,13,1.0,0.0,0.0,0.0,1.0,1.0,,,
E062,S070,SP06,14,1.0,0.0,0.0,0.0,1.0,0.0,,,
E062,S070,SP06,15,1.0,0.0,0.0,0.0,1.0,0.0,,,
E062,S070,SP06,16,1.0,0.0,0.0,0.0,1.0,0.0,,,
E062,S070,SP06,17,1.0,1.0,1.0,1.0,1.0,1.0,,,
E062,S070,SP06,18,1.0,1.0,1.0,1.0,1.0,1.0,,,
E062,S070,SP06,19,1.0,1.0,1.0,1.0,1.0,1.0,,,
E062,S070,SP06,20,1.0,1.0,1.0,1.0,1.0,1.0,,,
E062,S070,SP06,21,1.0,1.0,1.0,1.0,1.0,1.0,,,
E062,S070,SP06,22,1.0,1.0,1.0,1.0,1.0,1.0,,,
E062,S070,SP06,23,1.0,1.0,1.0,1.0,1.0,1.0,,,
E062,S070,SP06,24,1.0,1.0,1.0,1.0,1.0,1.0,,,
E062,S070,SP06,25,1.0,1.0,1.0,1.0,1.0,1.0,,,
E062,S070,SP06,26,1.0,1.0,1.0,1.0,1.0,1.0,,,
E062,S070,SP06,27,1.0,0.0,0.0,0.0,1.0,0.0,,,
E062,S070,SP06,28,1.0,1.0,1.0,1.0,1.0,1.0,,,
E062,S070,SP06,29,1.0,1.0,1.0,1.0,1.0,1.0,,,
E062,S070,SP06,30,1.0,0.0,1.0,1.0,1.0,1.0,1.0,1.0,1.0
E062,S070,SP06,31,1.0,1.0,1.0,1.0,1.0,1.0,,,
E062,S070,SP06,32,1.0,0.0,0.0,0.0,1.0,0.0,,,
E062,S070,SP06,33,1.0,1.0,1.0,1.0,1.0,1.0,,,
E062,S070,SP06,34,2.0,2.0,2.0,2.0,2.0,2.0,,,
E062,S070,SP06,35,1.0,1.0,1.0,1.0,1.0,1.0,,,
E062,S070,SP06,36,2.0,2.0,2.0,2.0,2.0,2.0,,,
E051,S071,SP04,1,2.0,2.0,2.0,2.0,2.0,2.0,,,
E051,S071,SP04,2,3.0,3.0,3.0,3.0,3.0,3.0,,,
E051,S071,SP04,3,3.0,3.0,3.0,3.0,3.0,3.0,,,
E051,S071,SP04,4,2.0,2.0,2.0,2.0,2.0,2.0,,,
E051,S071,SP04,5,1.0,1.0,1.0,1.0,1.0,1.0,,,
E051,S071,SP04,6,1.0,1.0,1.0,1.0,1.0,1.0,,,
E051,S071,SP04,7,2.0,2.0,2.0,2.0,2.0,2.0,,,
E051,S071,SP04,8,1.0,1.0,1.0,1.0,1.0,1.0,,,
E051,S071,SP04,9,1.0,1.0,1.0,1.0,1.0,1.0,,,
E051,S071,SP04,10,1.0,1.0,1.0,1.0,1.0,1.0,,,
E051,S071,SP04,11,1.0,1.0,1.0,1.0,1.0,1.0,,,
E051,S071,SP04,12,1.0,1.0,1.0,1.0,1.0,0.0,,,
E051,S071,SP04,13,1.0,1.0,1.0,1.0,1.0,1.0,,,
E051,S071,SP04,14,1.0,1.0,1.0,1.0,1.0,1.0,,,
E051,S071,SP04,15,1.0,0.0,0.0,0.0,1.0,0.0,,,
E051,S071,SP04,16,1.0,1.0,1.0,1.0,1.0,1.0,,,
E051,S071,SP04,17,1.0,0.0,0.0,0.0,1.0,0.0,,,
E051,S071,SP04,18,1.0,0.0,0.0,0.0,1.0,0.0,,,
E051,S071,SP04,19,1.0,1.0,1.0,1.0,1.0,1.0,,,
E051,S071,SP04,20,1.0,1.0,1.0,1.0,1.0,1.0,,,
E051,S071,SP04,21,2.0,2.0,2.0,2.0,2.0,2.0,,,
E051,S071,SP04,22,1.0,1.0,1.0,1.0,1.0,1.0,,,
E051,S071,SP04,23,1.0,1.0,1.0,1.0,1.0,1.0,,,
E051,S071,SP04,24,1.0,1.0,1.0,1.0,1.0,1.0,,,
E051,S071,SP04,25,1.0,1.0,1.0,1.0,1.0,1.0,,,
E051,S071,SP04,26,1.0,1.0,1.0,1.0,1.0,1.0,,,
E051,S071,SP04,27,1.0,1.0,1.0,1.0,1.0,1.0,,,
E051,S071,SP04,28,1.0,1.0,1.0,1.0,1.0,1.0,,,
E051,S071,SP04,29,1.0,1.0,1.0,1.0,1.0,1.0,,,
E051,S071,SP04,30,2.0,2.0,2.0,2.0,2.0,2.0,,,
E051,S071,SP04,31,1.0,1.0,1.0,1.0,1.0,1.0,,,
E051,S071,SP04,32,1.0,1.0,1.0,1.0,1.0,1.0,,,
E051,S071,SP04,33,1.0,1.0,1.0,1.0,1.0,1.0,,,
E051,S071,SP04,34,1.0,1.0,1.0,1.0,1.0,1.0,,,
E051,S071,SP04,35,1.0,1.0,1.0,1.0,1.0,1.0,,,
E051,S071,SP04,36,2.0,2.0,2.0,2.0,2.0,2.0,,,
E051,S071,SP04,37,1.0,1.0,1.0,1.0,1.0,1.0,,,
E051,S071,SP04,38,1.0,1.0,1.0,1.0,1.0,1.0,,,
E051,S071,SP04,39,2.0,2.0,2.0,2.0,2.0,2.0,,,
E047,S071,SP05,1,2.0,2.0,2.0,2.0,2.0,2.0,,,
E047,S071,SP05,2,3.0,3.0,3.0,3.0,3.0,3.0,,,
E047,S071,SP05,3,3.0,3.0,3.0,3.0,3.0,3.0,,,
E047,S071,SP05,4,2.0,2.0,2.0,2.0,2.0,2.0,,,
E047,S071,SP05,5,1.0,1.0,1.0,1.0,1.0,1.0,,,
E047,S071,SP05,6,1.0,1.0,1.0,1.0,1.0,1.0,,,
E047,S071,SP05,7,1.0,1.0,1.0,1.0,1.0,1.0,,,
E047,S071,SP05,8,1.0,1.0,1.0,1.0,1.0,1.0,,,
E047,S071,SP05,9,1.0,1.0,1.0,1.0,1.0,1.0,,,
E047,S071,SP05,10,1.0,1.0,1.0,1.0,1.0,1.0,,,
E047,S071,SP05,11,1.0,1.0,1.0,1.0,1.0,1.0,,,
E047,S071,SP05,12,1.0,1.0,1.0,1.0,1.0,1.0,,,
E047,S071,SP05,13,1.0,1.0,1.0,1.0,1.0,1.0,,,
E047,S071,SP05,14,1.0,1.0,1.0,1.0,1.0,1.0,,,
E047,S071,SP05,15,1.0,1.0,1.0,1.0,1.0,1.0,,,
E047,S071,SP05,16,1.0,1.0,1.0,1.0,1.0,1.0,,,
E047,S071,SP05,17,1.0,1.0,1.0,1.0,1.0,1.0,,,
E047,S071,SP05,18,1.0,1.0,1.0,1.0,1.0,1.0,,,
E047,S071,SP05,19,1.0,1.0,1.0,1.0,1.0,1.0,,,
E047,S071,SP05,20,1.0,1.0,1.0,1.0,1.0,1.0,,,
E047,S071,SP05,21,1.0,1.0,1.0,1.0,1.0,1.0,,,
E047,S071,SP05,22,1.0,1.0,0.0,0.0,0.0,0.0,0.0,0.0,0.0
E047,S071,SP05,23,1.0,1.0,0.0,0.0,1.0,0.0,0.0,0.0,0.0
E047,S071,SP05,24,1.0,1.0,1.0,1.0,1.0,1.0,,,
E047,S071,SP05,25,1.0,1.0,1.0,1.0,1.0,1.0,,,
E047,S071,SP05,26,1.0,1.0,1.0,1.0,1.0,1.0,,,
E047,S071,SP05,27,1.0,1.0,1.0,1.0,1.0,1.0,,,
E047,S071,SP05,28,1.0,1.0,1.0,1.0,1.0,1.0,,,
E047,S071,SP05,29,1.0,1.0,1.0,1.0,1.0,1.0,,,
E047,S071,SP05,30,1.0,1.0,1.0,1.0,1.0,1.0,,,
E047,S071,SP05,31,1.0,0.0,1.0,1.0,1.0,1.0,1.0,1.0,1.0
E047,S071,SP05,32,1.0,1.0,1.0,1.0,1.0,1.0,,,
E047,S071,SP05,33,2.0,2.0,2.0,2.0,2.0,2.0,,,
E047,S071,SP05,34,1.0,1.0,1.0,1.0,1.0,1.0,,,
E047,S071,SP05,35,1.0,1.0,1.0,1.0,1.0,1.0,,,
E047,S071,SP05,36,1.0,1.0,1.0,1.0,1.0,1.0,,,
E047,S071,SP05,37,1.0,1.0,1.0,1.0,1.0,1.0,,,
E047,S071,SP05,38,2.0,2.0,2.0,2.0,2.0,2.0,,,
E047,S071,SP05,39,2.0,2.0,2.0,2.0,2.0,2.0,,,
E047,S071,SP05,40,2.0,2.0,2.0,2.0,2.0,2.0,,,
E027,S072,SP04,1,2.0,2.0,2.0,2.0,2.0,2.0,,,
E027,S072,SP04,2,3.0,3.0,3.0,3.0,3.0,3.0,,,
E027,S072,SP04,3,3.0,3.0,3.0,3.0,3.0,3.0,,,
E027,S072,SP04,4,2.0,2.0,2.0,2.0,2.0,2.0,,,
E027,S072,SP04,5,1.0,1.0,1.0,1.0,1.0,1.0,,,
E027,S072,SP04,6,1.0,1.0,1.0,1.0,1.0,1.0,,,
E027,S072,SP04,7,2.0,2.0,2.0,2.0,2.0,2.0,,,
E027,S072,SP04,8,1.0,1.0,1.0,1.0,1.0,1.0,,,
E027,S072,SP04,9,1.0,1.0,1.0,1.0,1.0,1.0,,,
E027,S072,SP04,10,1.0,1.0,1.0,1.0,1.0,1.0,,,
E027,S072,SP04,11,1.0,1.0,1.0,1.0,1.0,1.0,,,
E027,S072,SP04,12,1.0,1.0,1.0,1.0,1.0,1.0,,,
E027,S072,SP04,13,1.0,1.0,1.0,1.0,1.0,1.0,,,
E027,S072,SP04,14,1.0,1.0,1.0,1.0,1.0,1.0,,,
E027,S072,SP04,15,1.0,0.0,0.0,0.0,1.0,0.0,,,
E027,S072,SP04,16,1.0,1.0,1.0,1.0,1.0,1.0,,,
E027,S072,SP04,17,1.0,1.0,1.0,1.0,1.0,1.0,,,
E027,S072,SP04,18,1.0,1.0,0.0,0.0,1.0,1.0,0.0,0.0,0.0
E027,S072,SP04,19,1.0,1.0,1.0,1.0,1.0,1.0,,,
E027,S072,SP04,20,1.0,1.0,1.0,1.0,1.0,1.0,,,
E027,S072,SP04,21,2.0,2.0,2.0,2.0,2.0,2.0,,,
E027,S072,SP04,22,1.0,1.0,1.0,1.0,1.0,1.0,,,
E027,S072,SP04,23,1.0,1.0,1.0,1.0,1.0,1.0,,,
E027,S072,SP04,24,1.0,1.0,0.0,0.0,1.0,0.0,0.0,1.0,0.0
E027,S072,SP04,25,1.0,1.0,1.0,1.0,1.0,1.0,,,
E027,S072,SP04,26,1.0,0.0,1.0,1.0,1.0,1.0,1.0,1.0,1.0
E027,S072,SP04,27,1.0,1.0,1.0,1.0,1.0,1.0,,,
E027,S072,SP04,28,1.0,1.0,1.0,1.0,1.0,1.0,,,
E027,S072,SP04,29,1.0,1.0,1.0,1.0,1.0,1.0,,,
E027,S072,SP04,30,2.0,2.0,2.0,2.0,2.0,2.0,,,
E027,S072,SP04,31,1.0,1.0,1.0,1.0,1.0,1.0,,,
E027,S072,SP04,32,1.0,1.0,1.0,1.0,1.0,1.0,,,
E027,S072,SP04,33,1.0,1.0,1.0,1.0,1.0,1.0,,,
E027,S072,SP04,34,1.0,1.0,1.0,1.0,1.0,1.0,,,
E027,S072,SP04,35,1.0,1.0,1.0,1.0,1.0,1.0,,,
E027,S072,SP04,36,2.0,2.0,2.0,2.0,2.0,2.0,,,
E027,S072,SP04,37,1.0,1.0,1.0,1.0,1.0,1.0,,,
E027,S072,SP04,38,1.0,1.0,1.0,1.0,1.0,1.0,,,
E027,S072,SP04,39,2.0,2.0,2.0,2.0,2.0,2.0,,,
E127,S072,SP06,1,2.0,2.0,2.0,2.0,2.0,2.0,,,
E127,S072,SP06,2,4.0,4.0,4.0,4.0,4.0,4.0,,,
E127,S072,SP06,3,3.0,3.0,3.0,3.0,3.0,3.0,,,
E127,S072,SP06,4,2.0,2.0,2.0,2.0,2.0,2.0,,,
E127,S072,SP06,5,2.0,2.0,2.0,2.0,2.0,2.0,,,
E127,S072,SP06,6,2.0,2.0,2.0,2.0,2.0,2.0,,,
E127,S072,SP06,7,1.0,1.0,1.0,1.0,1.0,1.0,,,
E127,S072,SP06,8,1.0,1.0,1.0,1.0,1.0,1.0,,,
E127,S072,SP06,9,2.0,2.0,2.0,2.0,2.0,2.0,,,
E127,S072,SP06,10,2.0,2.0,2.0,2.0,2.0,2.0,,,
E127,S072,SP06,11,2.0,1.0,2.0,2.0,2.0,2.0,0.0,2.0,2.0
E127,S072,SP06,12,1.0,1.0,1.0,1.0,1.0,1.0,,,
E127,S072,SP06,13,1.0,1.0,1.0,1.0,1.0,1.0,,,
E127,S072,SP06,14,1.0,1.0,1.0,1.0,1.0,1.0,,,
E127,S072,SP06,15,1.0,0.0,0.0,0.0,1.0,1.0,,,
E127,S072,SP06,16,1.0,1.0,1.0,1.0,1.0,1.0,,,
E127,S072,SP06,17,1.0,0.0,1.0,1.0,1.0,1.0,0.0,0.0,1.0
E127,S072,SP06,18,1.0,1.0,1.0,1.0,1.0,1.0,,,
E127,S072,SP06,19,1.0,1.0,1.0,1.0,1.0,1.0,,,
E127,S072,SP06,20,1.0,1.0,1.0,1.0,1.0,1.0,,,
E127,S072,SP06,21,1.0,1.0,1.0,1.0,1.0,1.0,,,
E127,S072,SP06,22,1.0,1.0,1.0,1.0,1.0,1.0,,,
E127,S072,SP06,23,1.0,1.0,1.0,1.0,1.0,1.0,,,
E127,S072,SP06,24,1.0,1.0,1.0,1.0,1.0,1.0,,,
E127,S072,SP06,25,1.0,1.0,1.0,1.0,1.0,1.0,,,
E127,S072,SP06,26,1.0,1.0,0.0,0.0,1.0,1.0,1.0,1.0,1.0
E127,S072,SP06,27,1.0,1.0,1.0,1.0,1.0,1.0,,,
E127,S072,SP06,28,1.0,1.0,1.0,1.0,1.0,1.0,,,
E127,S072,SP06,29,1.0,1.0,1.0,1.0,1.0,1.0,,,
E127,S072,SP06,30,1.0,1.0,1.0,1.0,1.0,1.0,,,
E127,S072,SP06,31,1.0,1.0,1.0,1.0,1.0,1.0,,,
E127,S072,SP06,32,1.0,1.0,1.0,1.0,1.0,1.0,,,
E127,S072,SP06,33,1.0,1.0,1.0,1.0,1.0,1.0,,,
E127,S072,SP06,34,2.0,2.0,2.0,2.0,2.0,2.0,,,
E127,S072,SP06,35,1.0,1.0,1.0,1.0,1.0,0.0,,,
E127,S072,SP06,36,2.0,2.0,2.0,2.0,2.0,2.0,,,
E074,S073,SP01,1,2.0,2.0,2.0,2.0,2.0,2.0,,,
E074,S073,SP01,2,3.0,3.0,3.0,3.0,3.0,3.0,,,
E074,S073,SP01,3,2.0,2.0,2.0,2.0,2.0,2.0,,,
E074,S073,SP01,4,2.0,2.0,2.0,2.0,2.0,2.0,,,
E074,S073,SP01,5,2.0,2.0,2.0,2.0,2.0,2.0,,,
E074,S073,SP01,6,2.0,2.0,2.0,2.0,2.0,2.0,,,
E074,S073,SP01,7,2.0,2.0,2.0,2.0,2.0,2.0,,,
E074,S073,SP01,8,2.0,2.0,2.0,2.0,2.0,2.0,,,
E074,S073,SP01,9,2.0,1.8,2.0,2.0,2.0,2.0,1.0,2.0,2.0
E074,S073,SP01,10,2.0,1.5,2.0,2.0,2.0,2.0,1.0,2.0,0.5
E074,S073,SP01,11,2.0,2.0,2.0,2.0,2.0,2.0,,,
E074,S073,SP01,12,1.0,1.0,1.0,1.0,1.0,1.0,,,
E074,S073,SP01,13,1.0,1.0,1.0,1.0,1.0,1.0,,,
E074,S073,SP01,14,1.0,1.0,1.0,1.0,1.0,1.0,,,
E074,S073,SP01,15,1.0,1.0,1.0,1.0,1.0,1.0,,,
E074,S073,SP01,16,1.0,1.0,1.0,1.0,1.0,1.0,,,
E074,S073,SP01,17,1.0,1.0,1.0,1.0,1.0,1.0,,,
E074,S073,SP01,18,1.0,1.0,0.0,0.0,1.0,1.0,0.0,0.0,0.0
E074,S073,SP01,19,1.0,1.0,1.0,1.0,1.0,1.0,,,
E074,S073,SP01,20,1.0,1.0,1.0,1.0,1.0,1.0,,,
E074,S073,SP01,21,1.0,1.0,1.0,1.0,1.0,1.0,,,
E074,S073,SP01,22,1.0,1.0,1.0,1.0,1.0,1.0,,,
E074,S073,SP01,23,1.0,1.0,1.0,1.0,1.0,1.0,,,
E074,S073,SP01,24,1.0,1.0,1.0,1.0,1.0,1.0,,,
E074,S073,SP01,25,2.0,2.0,2.0,2.0,2.0,2.0,,,
E074,S073,SP01,26,1.0,1.0,1.0,1.0,1.0,1.0,,,
E074,S073,SP01,27,1.0,1.0,1.0,1.0,1.0,1.0,,,
E074,S073,SP01,28,1.0,1.0,1.0,1.0,1.0,1.0,,,
E074,S073,SP01,29,2.0,2.0,2.0,2.0,2.0,2.0,,,
E074,S073,SP01,30,2.0,2.0,2.0,2.0,2.0,2.0,,,
E074,S073,SP01,31,2.0,1.0,2.0,2.0,2.0,2.0,2.0,2.0,2.0
E074,S073,SP01,32,1.0,1.0,1.0,1.0,1.0,1.0,,,
E074,S073,SP01,33,2.0,2.0,2.0,2.0,2.0,2.0,,,
E093,S073,SP02,1,2.0,2.0,2.0,2.0,2.0,2.0,,,
E093,S073,SP02,2,3.0,3.0,3.0,3.0,3.0,3.0,,,
E093,S073,SP02,3,2.0,2.0,2.0,2.0,2.0,2.0,,,
E093,S073,SP02,4,2.0,2.0,2.0,2.0,2.0,2.0,,,
E093,S073,SP02,5,1.0,1.0,1.0,1.0,1.0,1.0,,,
E093,S073,SP02,6,1.0,1.0,1.0,1.0,1.0,1.0,,,
E093,S073,SP02,7,2.0,2.0,2.0,2.0,2.0,2.0,,,
E093,S073,SP02,8,2.0,2.0,2.0,2.0,2.0,2.0,,,
E093,S073,SP02,9,2.0,2.0,2.0,2.0,2.0,2.0,,,
E093,S073,SP02,10,1.0,1.0,1.0,1.0,1.0,1.0,,,
E093,S073,SP02,11,2.0,2.0,2.0,2.0,2.0,2.0,,,
E093,S073,SP02,12,2.0,2.0,1.0,1.0,2.0,2.0,1.0,1.0,1.0
E093,S073,SP02,13,2.0,0.0,0.0,0.0,2.0,2.0,,,
E093,S073,SP02,14,1.0,1.0,0.0,0.0,1.0,0.0,0.5,1.0,0.0
E093,S073,SP02,15,1.0,1.0,1.0,1.0,1.0,1.0,,,
E093,S073,SP02,16,2.0,2.0,2.0,2.0,2.0,2.0,,,
E093,S073,SP02,17,1.0,1.0,1.0,1.0,1.0,1.0,,,
E093,S073,SP02,18,1.0,1.0,1.0,1.0,1.0,1.0,,,
E093,S073,SP02,19,1.0,1.0,1.0,1.0,1.0,1.0,,,
E093,S073,SP02,20,1.0,1.0,1.0,1.0,1.0,1.0,,,
E093,S073,SP02,21,1.0,1.0,1.0,1.0,1.0,1.0,,,
E093,S073,SP02,22,1.0,1.0,1.0,1.0,1.0,1.0,,,
E093,S073,SP02,23,1.0,1.0,1.0,1.0,1.0,1.0,,,
E093,S073,SP02,24,1.0,1.0,1.0,1.0,1.0,1.0,,,
E093,S073,SP02,25,1.0,1.0,1.0,1.0,1.0,1.0,,,
E093,S073,SP02,26,1.0,1.0,1.0,1.0,1.0,1.0,,,
E093,S073,SP02,27,1.0,1.0,1.0,1.0,1.0,1.0,,,
E093,S073,SP02,28,1.0,1.0,1.0,1.0,1.0,1.0,,,
E093,S073,SP02,29,1.0,1.0,1.0,1.0,1.0,1.0,,,
E093,S073,SP02,30,2.0,2.0,2.0,2.0,2.0,2.0,,,
E093,S073,SP02,31,2.0,2.0,2.0,2.0,2.0,2.0,,,
E093,S073,SP02,32,2.0,1.0,2.0,2.0,2.0,2.0,2.0,2.0,2.0
E093,S073,SP02,33,1.0,1.0,1.0,1.0,1.0,1.0,,,
E093,S073,SP02,34,2.0,2.0,2.0,2.0,2.0,2.0,,,
E205,S073,SP03,1,2.0,2.0,2.0,2.0,2.0,2.0,,,
E205,S073,SP03,2,3.0,3.0,3.0,3.0,3.0,3.0,,,
E205,S073,SP03,3,3.0,3.0,3.0,3.0,3.0,3.0,,,
E205,S073,SP03,4,2.0,2.0,2.0,2.0,2.0,2.0,,,
E205,S073,SP03,5,1.0,1.0,1.0,1.0,1.0,1.0,,,
E205,S073,SP03,6,2.0,2.0,2.0,2.0,2.0,2.0,,,
E205,S073,SP03,7,2.0,2.0,2.0,2.0,2.0,2.0,,,
E205,S073,SP03,8,1.0,1.0,1.0,1.0,1.0,1.0,,,
E205,S073,SP03,9,1.0,1.0,1.0,1.0,1.0,1.0,,,
E205,S073,SP03,10,1.0,1.0,1.0,1.0,1.0,1.0,,,
E205,S073,SP03,11,2.0,2.0,2.0,2.0,2.0,2.0,,,
E205,S073,SP03,12,2.0,2.0,2.0,2.0,2.0,2.0,,,
E205,S073,SP03,13,2.0,2.0,2.0,2.0,2.0,2.0,,,
E205,S073,SP03,14,2.0,0.0,0.0,0.0,2.0,0.0,,,
E205,S073,SP03,15,2.0,1.0,2.0,2.0,2.0,2.0,2.0,2.0,2.0
E205,S073,SP03,16,2.0,2.0,2.0,2.0,2.0,2.0,,,
E205,S073,SP03,17,2.0,2.0,2.0,2.0,2.0,2.0,,,
E205,S073,SP03,18,1.0,1.0,1.0,1.0,1.0,1.0,,,
E205,S073,SP03,19,1.0,1.0,1.0,1.0,1.0,1.0,,,
E205,S073,SP03,20,1.0,1.0,1.0,1.0,1.0,1.0,,,
E205,S073,SP03,21,1.0,1.0,1.0,1.0,1.0,1.0,,,
E205,S073,SP03,22,1.0,1.0,1.0,1.0,1.0,1.0,,,
E205,S073,SP03,23,1.0,1.0,1.0,1.0,1.0,1.0,,,
E205,S073,SP03,24,1.0,1.0,1.0,1.0,1.0,1.0,,,
E205,S073,SP03,25,1.0,1.0,1.0,1.0,1.0,1.0,,,
E205,S073,SP03,26,1.0,1.0,1.0,1.0,1.0,1.0,,,
E205,S073,SP03,27,1.0,1.0,1.0,1.0,1.0,1.0,,,
E205,S073,SP03,28,1.0,1.0,1.0,1.0,1.0,1.0,,,
E205,S073,SP03,29,1.0,1.0,1.0,1.0,1.0,1.0,,,
E205,S073,SP03,30,1.0,1.0,1.0,1.0,1.0,1.0,,,
E205,S073,SP03,31,1.0,1.0,1.0,1.0,1.0,1.0,,,
E205,S073,SP03,32,1.0,1.0,1.0,1.0,1.0,1.0,,,
E205,S073,SP03,33,3.0,2.0,3.0,3.0,3.0,3.0,3.0,3.0,3.0
E030,S074,SP01,1,2.0,2.0,2.0,2.0,2.0,2.0,,,
E030,S074,SP01,2,3.0,3.0,3.0,3.0,3.0,3.0,,,
E030,S074,SP01,3,2.0,2.0,2.0,2.0,2.0,2.0,,,
E030,S074,SP01,4,2.0,2.0,2.0,2.0,2.0,2.0,,,
E030,S074,SP01,5,2.0,2.0,2.0,2.0,2.0,2.0,,,
E030,S074,SP01,6,2.0,2.0,2.0,2.0,2.0,2.0,,,
E030,S074,SP01,7,2.0,2.0,2.0,2.0,2.0,2.0,,,
E030,S074,SP01,8,2.0,2.0,2.0,2.0,2.0,2.0,,,
E030,S074,SP01,9,2.0,0.0,0.0,0.0,2.0,2.0,,,
E030,S074,SP01,10,2.0,2.0,1.5,1.5,2.0,2.0,1.0,2.0,2.0
E030,S074,SP01,11,2.0,1.0,1.0,1.0,2.0,2.0,,,
E030,S074,SP01,12,1.0,1.0,1.0,1.0,1.0,1.0,,,
E030,S074,SP01,13,1.0,1.0,0.0,0.0,1.0,1.0,0.0,1.0,0.0
E030,S074,SP01,14,1.0,1.0,1.0,1.0,1.0,1.0,,,
E030,S074,SP01,15,1.0,1.0,1.0,1.0,1.0,1.0,,,
E030,S074,SP01,16,1.0,1.0,1.0,1.0,1.0,1.0,,,
E030,S074,SP01,17,1.0,1.0,1.0,1.0,1.0,1.0,,,
E030,S074,SP01,18,1.0,0.0,0.0,0.0,1.0,0.0,,,
E030,S074,SP01,19,1.0,1.0,1.0,1.0,1.0,1.0,,,
E030,S074,SP01,20,1.0,1.0,1.0,1.0,1.0,1.0,,,
E030,S074,SP01,21,1.0,1.0,1.0,1.0,1.0,1.0,,,
E030,S074,SP01,22,1.0,1.0,1.0,1.0,1.0,1.0,,,
E030,S074,SP01,23,1.0,1.0,1.0,1.0,1.0,1.0,,,
E030,S074,SP01,24,1.0,1.0,1.0,1.0,1.0,1.0,,,
E030,S074,SP01,25,2.0,2.0,2.0,2.0,2.0,2.0,,,
E030,S074,SP01,26,1.0,1.0,1.0,1.0,1.0,1.0,,,
E030,S074,SP01,27,1.0,1.0,1.0,1.0,1.0,1.0,,,
E030,S074,SP01,28,1.0,1.0,1.0,1.0,1.0,1.0,,,
E030,S074,SP01,29,2.0,2.0,2.0,2.0,2.0,2.0,,,
E030,S074,SP01,30,2.0,2.0,2.0,2.0,2.0,2.0,,,
E030,S074,SP01,31,2.0,2.0,2.0,2.0,2.0,2.0,,,
E030,S074,SP01,32,1.0,0.0,1.0,1.0,1.0,1.0,0.0,1.0,1.0
E030,S074,SP01,33,2.0,0.0,2.0,2.0,2.0,2.0,1.0,2.0,2.0
E216,S074,SP02,1,2.0,2.0,2.0,2.0,2.0,2.0,,,
E216,S074,SP02,2,3.0,3.0,3.0,3.0,3.0,3.0,,,
E216,S074,SP02,3,2.0,2.0,2.0,2.0,2.0,2.0,,,
E216,S074,SP02,4,2.0,2.0,2.0,2.0,2.0,2.0,,,
E216,S074,SP02,5,1.0,1.0,1.0,1.0,1.0,1.0,,,
E216,S074,SP02,6,1.0,1.0,1.0,1.0,1.0,1.0,,,
E216,S074,SP02,7,2.0,2.0,2.0,2.0,2.0,2.0,,,
E216,S074,SP02,8,2.0,2.0,2.0,2.0,2.0,2.0,,,
E216,S074,SP02,9,2.0,2.0,2.0,2.0,2.0,2.0,,,
E216,S074,SP02,10,1.0,0.0,0.0,0.0,1.0,1.0,,,
E216,S074,SP02,11,2.0,2.0,2.0,2.0,2.0,2.0,,,
E216,S074,SP02,12,2.0,0.0,1.0,1.0,2.0,1.0,0.0,1.0,1.0
E216,S074,SP02,13,2.0,2.0,2.0,2.0,2.0,2.0,,,
E216,S074,SP02,14,1.0,0.5,1.0,1.0,1.0,1.0,0.5,1.0,1.0
E216,S074,SP02,15,1.0,1.0,1.0,1.0,1.0,1.0,,,
E216,S074,SP02,16,2.0,2.0,2.0,2.0,2.0,2.0,,,
E216,S074,SP02,17,1.0,1.0,1.0,1.0,1.0,1.0,,,
E216,S074,SP02,18,1.0,1.0,1.0,1.0,1.0,1.0,,,
E216,S074,SP02,19,1.0,1.0,1.0,1.0,1.0,1.0,,,
E216,S074,SP02,20,1.0,1.0,1.0,1.0,1.0,1.0,,,
E216,S074,SP02,21,1.0,1.0,1.0,1.0,1.0,1.0,,,
E216,S074,SP02,22,1.0,1.0,1.0,1.0,1.0,1.0,,,
E216,S074,SP02,23,1.0,1.0,1.0,1.0,1.0,1.0,,,
E216,S074,SP02,24,1.0,1.0,1.0,1.0,1.0,1.0,,,
E216,S074,SP02,25,1.0,1.0,1.0,1.0,1.0,1.0,,,
E216,S074,SP02,26,1.0,1.0,1.0,1.0,1.0,1.0,,,
E216,S074,SP02,27,1.0,1.0,1.0,1.0,1.0,1.0,,,
E216,S074,SP02,28,1.0,1.0,1.0,1.0,1.0,1.0,,,
E216,S074,SP02,29,1.0,0.0,0.0,0.0,1.0,0.0,,,
E216,S074,SP02,30,2.0,2.0,2.0,2.0,2.0,2.0,,,
E216,S074,SP02,31,2.0,2.0,2.0,2.0,2.0,2.0,,,
E216,S074,SP02,32,2.0,2.0,2.0,2.0,2.0,2.0,,,
E216,S074,SP02,33,1.0,1.0,0.0,0.0,1.0,1.0,0.0,1.0,0.0
E216,S074,SP02,34,2.0,2.0,2.0,2.0,2.0,2.0,,,
E090,S075,SP01,1,2.0,2.0,2.0,2.0,2.0,2.0,,,
E090,S075,SP01,2,3.0,3.0,3.0,3.0,3.0,3.0,,,
E090,S075,SP01,3,2.0,2.0,2.0,2.0,2.0,2.0,,,
E090,S075,SP01,4,2.0,2.0,2.0,2.0,2.0,2.0,,,
E090,S075,SP01,5,2.0,2.0,2.0,2.0,2.0,2.0,,,
E090,S075,SP01,6,2.0,2.0,2.0,2.0,2.0,2.0,,,
E090,S075,SP01,7,2.0,2.0,2.0,2.0,2.0,2.0,,,
E090,S075,SP01,8,2.0,2.0,2.0,2.0,2.0,2.0,,,
E090,S075,SP01,9,2.0,1.5,0.0,0.0,1.0,2.0,0.0,0.0,0.5
E090,S075,SP01,10,2.0,2.0,2.0,2.0,2.0,2.0,,,
E090,S075,SP01,11,2.0,1.5,1.0,1.0,0.5,2.0,1.0,1.0,0.5
E090,S075,SP01,12,1.0,1.0,1.0,1.0,1.0,1.0,,,
E090,S075,SP01,13,1.0,1.0,1.0,1.0,0.0,1.0,,,
E090,S075,SP01,14,1.0,1.0,1.0,1.0,1.0,1.0,,,
E090,S075,SP01,15,1.0,1.0,1.0,1.0,1.0,1.0,,,
E090,S075,SP01,16,1.0,1.0,1.0,1.0,1.0,1.0,,,
E090,S075,SP01,17,1.0,1.0,1.0,1.0,1.0,1.0,,,
E090,S075,SP01,18,1.0,1.0,0.0,0.0,1.0,1.0,0.0,0.0,0.0
E090,S075,SP01,19,1.0,1.0,1.0,1.0,1.0,1.0,,,
E090,S075,SP01,20,1.0,1.0,1.0,1.0,1.0,1.0,,,
E090,S075,SP01,21,1.0,1.0,1.0,1.0,1.0,1.0,,,
E090,S075,SP01,22,1.0,1.0,1.0,1.0,1.0,1.0,,,
E090,S075,SP01,23,1.0,1.0,0.0,0.0,0.0,1.0,0.0,0.0,0.0
E090,S075,SP01,24,1.0,1.0,1.0,1.0,1.0,1.0,,,
E090,S075,SP01,25,2.0,2.0,2.0,2.0,2.0,2.0,,,
E090,S075,SP01,26,1.0,1.0,1.0,1.0,1.0,1.0,,,
E090,S075,SP01,27,1.0,1.0,1.0,1.0,1.0,1.0,,,
E090,S075,SP01,28,1.0,1.0,1.0,1.0,1.0,1.0,,,
E090,S075,SP01,29,2.0,2.0,2.0,2.0,2.0,2.0,,,
E090,S075,SP01,30,2.0,2.0,2.0,2.0,2.0,2.0,,,
E090,S075,SP01,31,2.0,1.5,2.0,2.0,2.0,2.0,2.0,2.0,2.0
E090,S075,SP01,32,1.0,1.0,1.0,1.0,1.0,1.0,,,
E090,S075,SP01,33,2.0,2.0,2.0,2.0,2.0,2.0,,,
E003,S075,SP02,1,2.0,2.0,2.0,2.0,2.0,2.0,,,
E003,S075,SP02,2,3.0,3.0,3.0,3.0,3.0,3.0,,,
E003,S075,SP02,3,2.0,2.0,2.0,2.0,2.0,2.0,,,
E003,S075,SP02,4,2.0,2.0,2.0,2.0,2.0,2.0,,,
E003,S075,SP02,5,1.0,1.0,1.0,1.0,1.0,1.0,,,
E003,S075,SP02,6,1.0,1.0,1.0,1.0,1.0,1.0,,,
E003,S075,SP02,7,2.0,2.0,2.0,2.0,2.0,2.0,,,
E003,S075,SP02,8,2.0,2.0,2.0,2.0,2.0,2.0,,,
E003,S075,SP02,9,2.0,2.0,2.0,2.0,2.0,2.0,,,
E003,S075,SP02,10,1.0,1.0,1.0,1.0,1.0,1.0,,,
E003,S075,SP02,11,2.0,2.0,2.0,2.0,2.0,2.0,,,
E003,S075,SP02,12,2.0,1.0,2.0,2.0,2.0,2.0,1.0,1.0,1.0
E003,S075,SP02,13,2.0,0.0,2.0,2.0,2.0,2.0,0.0,1.0,1.0
E003,S075,SP02,14,1.0,0.0,1.0,1.0,1.0,1.0,0.0,0.0,0.5
E003,S075,SP02,15,1.0,1.0,1.0,1.0,1.0,1.0,,,
E003,S075,SP02,16,2.0,2.0,2.0,2.0,2.0,2.0,,,
E003,S075,SP02,17,1.0,1.0,1.0,1.0,1.0,1.0,,,
E003,S075,SP02,18,1.0,1.0,0.0,0.0,1.0,1.0,0.0,0.0,0.0
E003,S075,SP02,19,1.0,1.0,0.0,0.0,1.0,1.0,0.0,0.0,0.0
E003,S075,SP02,20,1.0,1.0,0.0,0.0,1.0,1.0,0.0,0.0,0.0
E003,S075,SP02,21,1.0,1.0,0.0,0.0,1.0,1.0,0.0,0.0,0.0
E003,S075,SP02,22,1.0,1.0,1.0,1.0,1.0,1.0,,,
E003,S075,SP02,23,1.0,1.0,1.0,1.0,1.0,1.0,,,
E003,S075,SP02,24,1.0,1.0,1.0,1.0,1.0,1.0,,,
E003,S075,SP02,25,1.0,1.0,1.0,1.0,1.0,1.0,,,
E003,S075,SP02,26,1.0,1.0,1.0,1.0,1.0,1.0,,,
E003,S075,SP02,27,1.0,1.0,1.0,1.0,1.0,1.0,,,
E003,S075,SP02,28,1.0,1.0,1.0,1.0,1.0,1.0,,,
E003,S075,SP02,29,1.0,1.0,1.0,1.0,1.0,1.0,,,
E003,S075,SP02,30,2.0,2.0,2.0,2.0,2.0,2.0,,,
E003,S075,SP02,31,2.0,2.0,2.0,2.0,2.0,2.0,,,
E003,S075,SP02,32,2.0,2.0,2.0,2.0,2.0,2.0,,,
E003,S075,SP02,33,1.0,1.0,1.0,1.0,1.0,1.0,,,
E003,S075,SP02,34,2.0,2.0,2.0,2.0,2.0,2.0,,,
E034,S075,SP03,1,2.0,2.0,2.0,2.0,2.0,2.0,,,
E034,S075,SP03,2,3.0,3.0,3.0,3.0,3.0,3.0,,,
E034,S075,SP03,3,3.0,3.0,3.0,3.0,3.0,3.0,,,
E034,S075,SP03,4,2.0,2.0,2.0,2.0,2.0,2.0,,,
E034,S075,SP03,5,1.0,1.0,1.0,1.0,1.0,1.0,,,
E034,S075,SP03,6,2.0,2.0,2.0,2.0,2.0,2.0,,,
E034,S075,SP03,7,2.0,2.0,2.0,2.0,2.0,2.0,,,
E034,S075,SP03,8,1.0,1.0,1.0,1.0,1.0,1.0,,,
E034,S075,SP03,9,1.0,1.0,1.0,1.0,1.0,1.0,,,
E034,S075,SP03,10,1.0,1.0,1.0,1.0,1.0,1.0,,,
E034,S075,SP03,11,2.0,2.0,2.0,2.0,2.0,2.0,,,
E034,S075,SP03,12,2.0,2.0,2.0,2.0,2.0,2.0,,,
E034,S075,SP03,13,2.0,2.0,2.0,2.0,2.0,2.0,,,
E034,S075,SP03,14,2.0,0.0,0.0,0.0,0.0,0.0,,,
E034,S075,SP03,15,2.0,1.0,0.0,0.0,2.0,2.0,0.0,0.0,0.0
E034,S075,SP03,16,2.0,2.0,2.0,2.0,2.0,2.0,,,
E034,S075,SP03,17,2.0,2.0,2.0,2.0,2.0,2.0,,,
E034,S075,SP03,18,1.0,0.0,0.0,0.0,1.0,1.0,,,
E034,S075,SP03,19,1.0,1.0,1.0,1.0,1.0,1.0,,,
E034,S075,SP03,20,1.0,1.0,1.0,1.0,1.0,1.0,,,
E034,S075,SP03,21,1.0,1.0,1.0,1.0,1.0,1.0,,,
E034,S075,SP03,22,1.0,1.0,1.0,1.0,1.0,1.0,,,
E034,S075,SP03,23,1.0,1.0,0.0,0.0,0.0,1.0,0.0,0.0,0.0
E034,S075,SP03,24,1.0,1.0,1.0,1.0,1.0,1.0,,,
E034,S075,SP03,25,1.0,1.0,1.0,1.0,1.0,1.0,,,
E034,S075,SP03,26,1.0,1.0,1.0,1.0,1.0,1.0,,,
E034,S075,SP03,27,1.0,1.0,1.0,1.0,1.0,1.0,,,
E034,S075,SP03,28,1.0,1.0,1.0,1.0,1.0,1.0,,,
E034,S075,SP03,29,1.0,1.0,1.0,1.0,1.0,1.0,,,
E034,S075,SP03,30,1.0,1.0,1.0,1.0,1.0,1.0,,,
E034,S075,SP03,31,1.0,1.0,1.0,1.0,1.0,1.0,,,
E034,S075,SP03,32,1.0,1.0,1.0,1.0,1.0,1.0,,,
E034,S075,SP03,33,3.0,3.0,3.0,3.0,3.0,3.0,,,
E162,S076,SP04,1,2.0,2.0,2.0,2.0,2.0,2.0,,,
E162,S076,SP04,2,3.0,3.0,3.0,3.0,3.0,3.0,,,
E162,S076,SP04,3,3.0,3.0,3.0,3.0,3.0,3.0,,,
E162,S076,SP04,4,2.0,2.0,2.0,2.0,2.0,2.0,,,
E162,S076,SP04,5,1.0,1.0,1.0,1.0,1.0,1.0,,,
E162,S076,SP04,6,1.0,1.0,1.0,1.0,1.0,1.0,,,
E162,S076,SP04,7,2.0,2.0,2.0,2.0,2.0,2.0,,,
E162,S076,SP04,8,1.0,0.0,0.0,0.0,1.0,0.0,,,
E162,S076,SP04,9,1.0,1.0,1.0,1.0,1.0,1.0,,,
E162,S076,SP04,10,1.0,1.0,1.0,1.0,1.0,1.0,,,
E162,S076,SP04,11,1.0,1.0,1.0,1.0,1.0,1.0,,,
E162,S076,SP04,12,1.0,1.0,0.0,0.0,1.0,1.0,0.0,0.0,0.0
E162,S076,SP04,13,1.0,1.0,1.0,1.0,1.0,1.0,,,
E162,S076,SP04,14,1.0,1.0,0.0,0.0,0.0,1.0,0.0,1.0,0.0
E162,S076,SP04,15,1.0,0.0,0.0,0.0,0.0,0.0,,,
E162,S076,SP04,16,1.0,1.0,0.0,0.0,1.0,1.0,0.0,0.0,0.0
E162,S076,SP04,17,1.0,0.0,0.0,0.0,1.0,1.0,,,
E162,S076,SP04,18,1.0,0.0,0.0,0.0,0.0,1.0,,,
E162,S076,SP04,19,1.0,1.0,1.0,1.0,1.0,1.0,,,
E162,S076,SP04,20,1.0,1.0,1.0,1.0,1.0,1.0,,,
E162,S076,SP04,21,2.0,2.0,2.0,2.0,2.0,2.0,,,
E162,S076,SP04,22,1.0,1.0,1.0,1.0,1.0,1.0,,,
E162,S076,SP04,23,1.0,1.0,1.0,1.0,1.0,1.0,,,
E162,S076,SP04,24,1.0,1.0,1.0,1.0,1.0,1.0,,,
E162,S076,SP04,25,1.0,1.0,1.0,1.0,1.0,1.0,,,
E162,S076,SP04,26,1.0,1.0,1.0,1.0,1.0,1.0,,,
E162,S076,SP04,27,1.0,1.0,1.0,1.0,1.0,1.0,,,
E162,S076,SP04,28,1.0,1.0,1.0,1.0,1.0,1.0,,,
E162,S076,SP04,29,1.0,1.0,1.0,1.0,1.0,1.0,,,
E162,S076,SP04,30,2.0,2.0,2.0,2.0,2.0,2.0,,,
E162,S076,SP04,31,1.0,1.0,1.0,1.0,1.0,1.0,,,
E162,S076,SP04,32,1.0,1.0,1.0,1.0,1.0,1.0,,,
E162,S076,SP04,33,1.0,1.0,1.0,1.0,1.0,1.0,,,
E162,S076,SP04,34,1.0,1.0,1.0,1.0,1.0,1.0,,,
E162,S076,SP04,35,1.0,1.0,1.0,1.0,1.0,0.0,,,
E162,S076,SP04,36,2.0,2.0,2.0,2.0,2.0,2.0,,,
E162,S076,SP04,37,1.0,1.0,1.0,1.0,1.0,1.0,,,
E162,S076,SP04,38,1.0,1.0,1.0,1.0,1.0,1.0,,,
E162,S076,SP04,39,2.0,2.0,2.0,2.0,2.0,2.0,,,
E112,S076,SP05,1,2.0,2.0,2.0,2.0,2.0,2.0,,,
E112,S076,SP05,2,3.0,3.0,3.0,3.0,3.0,3.0,,,
E112,S076,SP05,3,3.0,3.0,3.0,3.0,3.0,3.0,,,
E112,S076,SP05,4,2.0,2.0,2.0,2.0,2.0,2.0,,,
E112,S076,SP05,5,1.0,1.0,1.0,1.0,1.0,1.0,,,
E112,S076,SP05,6,1.0,1.0,1.0,1.0,1.0,1.0,,,
E112,S076,SP05,7,1.0,1.0,1.0,1.0,1.0,1.0,,,
E112,S076,SP05,8,1.0,0.0,1.0,1.0,1.0,1.0,0.0,0.0,0.0
E112,S076,SP05,9,1.0,1.0,1.0,1.0,1.0,1.0,,,
E112,S076,SP05,10,1.0,1.0,1.0,1.0,1.0,1.0,,,
E112,S076,SP05,11,1.0,1.0,1.0,1.0,1.0,1.0,,,
E112,S076,SP05,12,1.0,1.0,1.0,1.0,1.0,1.0,,,
E112,S076,SP05,13,1.0,1.0,1.0,1.0,1.0,1.0,,,
E112,S076,SP05,14,1.0,1.0,1.0,1.0,1.0,1.0,,,
E112,S076,SP05,15,1.0,1.0,1.0,1.0,1.0,1.0,,,
E112,S076,SP05,16,1.0,1.0,1.0,1.0,1.0,1.0,,,
E112,S076,SP05,17,1.0,1.0,1.0,1.0,1.0,1.0,,,
E112,S076,SP05,18,1.0,1.0,1.0,1.0,1.0,1.0,,,
E112,S076,SP05,19,1.0,1.0,1.0,1.0,1.0,1.0,,,
E112,S076,SP05,20,1.0,0.5,0.0,0.0,1.0,1.0,0.0,1.0,0.0
E112,S076,SP05,21,1.0,1.0,1.0,1.0,1.0,1.0,,,
E112,S076,SP05,22,1.0,0.0,0.0,0.0,1.0,1.0,,,
E112,S076,SP05,23,1.0,0.0,1.0,1.0,1.0,1.0,1.0,1.0,1.0
E112,S076,SP05,24,1.0,1.0,1.0,1.0,1.0,1.0,,,
E112,S076,SP05,25,1.0,1.0,1.0,1.0,1.0,1.0,,,
E112,S076,SP05,26,1.0,1.0,1.0,1.0,1.0,1.0,,,
E112,S076,SP05,27,1.0,1.0,1.0,1.0,1.0,1.0,,,
E112,S076,SP05,28,1.0,1.0,1.0,1.0,1.0,1.0,,,
E112,S076,SP05,29,1.0,1.0,1.0,1.0,1.0,1.0,,,
E112,S076,SP05,30,1.0,1.0,1.0,1.0,1.0,1.0,,,
E112,S076,SP05,31,1.0,1.0,1.0,1.0,1.0,1.0,,,
E112,S076,SP05,32,1.0,1.0,1.0,1.0,1.0,1.0,,,
E112,S076,SP05,33,2.0,2.0,2.0,2.0,2.0,2.0,,,
E112,S076,SP05,34,1.0,1.0,1.0,1.0,1.0,1.0,,,
E112,S076,SP05,35,1.0,1.0,1.0,1.0,1.0,1.0,,,
E112,S076,SP05,36,1.0,1.0,1.0,1.0,1.0,1.0,,,
E112,S076,SP05,37,1.0,1.0,1.0,1.0,1.0,1.0,,,
E112,S076,SP05,38,2.0,2.0,2.0,2.0,2.0,2.0,,,
E112,S076,SP05,39,2.0,2.0,2.0,2.0,2.0,2.0,,,
E112,S076,SP05,40,2.0,2.0,2.0,2.0,2.0,2.0,,,
E107,S076,SP06,1,2.0,2.0,2.0,2.0,2.0,2.0,,,
E107,S076,SP06,2,4.0,4.0,4.0,4.0,4.0,4.0,,,
E107,S076,SP06,3,3.0,3.0,3.0,3.0,3.0,3.0,,,
E107,S076,SP06,4,2.0,2.0,2.0,2.0,2.0,2.0,,,
E107,S076,SP06,5,2.0,2.0,2.0,2.0,2.0,2.0,,,
E107,S076,SP06,6,2.0,2.0,2.0,2.0,2.0,2.0,,,
E107,S076,SP06,7,1.0,1.0,1.0,1.0,1.0,1.0,,,
E107,S076,SP06,8,1.0,1.0,1.0,1.0,1.0,1.0,,,
E107,S076,SP06,9,2.0,0.0,2.0,2.0,2.0,2.0,0.0,0.0,2.0
E107,S076,SP06,10,2.0,2.0,2.0,2.0,2.0,2.0,,,
E107,S076,SP06,11,2.0,0.0,2.0,2.0,2.0,2.0,0.0,2.0,2.0
E107,S076,SP06,12,1.0,0.0,0.0,0.0,1.0,1.0,,,
E107,S076,SP06,13,1.0,0.0,0.0,0.0,1.0,1.0,,,
E107,S076,SP06,14,1.0,0.0,1.0,1.0,1.0,1.0,0.0,0.0,1.0
E107,S076,SP06,15,1.0,0.0,0.0,0.0,1.0,1.0,,,
E107,S076,SP06,16,1.0,1.0,1.0,1.0,1.0,1.0,,,
E107,S076,SP06,17,1.0,1.0,1.0,1.0,1.0,1.0,,,
E107,S076,SP06,18,1.0,1.0,1.0,1.0,1.0,1.0,,,
E107,S076,SP06,19,1.0,1.0,1.0,1.0,1.0,1.0,,,
E107,S076,SP06,20,1.0,1.0,1.0,1.0,1.0,1.0,,,
E107,S076,SP06,21,1.0,0.0,1.0,1.0,1.0,1.0,0.0,1.0,0.5
E107,S076,SP06,22,1.0,1.0,1.0,1.0,1.0,1.0,,,
E107,S076,SP06,23,1.0,1.0,1.0,1.0,1.0,1.0,,,
E107,S076,SP06,24,1.0,1.0,1.0,1.0,1.0,1.0,,,
E107,S076,SP06,25,1.0,1.0,1.0,1.0,1.0,1.0,,,
E107,S076,SP06,26,1.0,1.0,1.0,1.0,1.0,1.0,,,
E107,S076,SP06,27,1.0,1.0,0.0,0.0,1.0,0.0,0.0,0.0,0.0
E107,S076,SP06,28,1.0,1.0,1.0,1.0,1.0,1.0,,,
E107,S076,SP06,29,1.0,1.0,1.0,1.0,1.0,1.0,,,
E107,S076,SP06,30,1.0,1.0,1.0,1.0,1.0,1.0,,,
E107,S076,SP06,31,1.0,1.0,1.0,1.0,1.0,1.0,,,
E107,S076,SP06,32,1.0,1.0,1.0,1.0,1.0,1.0,,,
E107,S076,SP06,33,1.0,1.0,1.0,1.0,1.0,1.0,,,
E107,S076,SP06,34,2.0,2.0,2.0,2.0,2.0,2.0,,,
E107,S076,SP06,35,1.0,1.0,1.0,1.0,1.0,1.0,,,
E107,S076,SP06,36,2.0,2.0,2.0,2.0,2.0,2.0,,,
E190,S077,SP01,1,2.0,2.0,2.0,2.0,2.0,2.0,,,
E190,S077,SP01,2,3.0,3.0,3.0,3.0,3.0,3.0,,,
E190,S077,SP01,3,2.0,2.0,2.0,2.0,2.0,2.0,,,
E190,S077,SP01,4,2.0,2.0,2.0,2.0,2.0,2.0,,,
E190,S077,SP01,5,2.0,2.0,2.0,2.0,2.0,2.0,,,
E190,S077,SP01,6,2.0,2.0,2.0,2.0,2.0,2.0,,,
E190,S077,SP01,7,2.0,2.0,2.0,2.0,2.0,2.0,,,
E190,S077,SP01,8,2.0,2.0,2.0,2.0,2.0,2.0,,,
E190,S077,SP01,9,2.0,1.0,0.0,0.0,0.0,2.0,0.0,0.0,0.0
E190,S077,SP01,10,2.0,1.0,1.0,1.0,2.0,2.0,,,
E190,S077,SP01,11,2.0,1.0,1.0,1.0,2.0,2.0,,,
E190,S077,SP01,12,1.0,1.0,1.0,1.0,1.0,1.0,,,
E190,S077,SP01,13,1.0,1.0,1.0,1.0,1.0,1.0,,,
E190,S077,SP01,14,1.0,1.0,1.0,1.0,1.0,1.0,,,
E190,S077,SP01,15,1.0,1.0,1.0,1.0,1.0,1.0,,,
E190,S077,SP01,16,1.0,1.0,1.0,1.0,1.0,1.0,,,
E190,S077,SP01,17,1.0,1.0,1.0,1.0,1.0,1.0,,,
E190,S077,SP01,18,1.0,1.0,1.0,1.0,1.0,1.0,,,
E190,S077,SP01,19,1.0,1.0,1.0,1.0,1.0,1.0,,,
E190,S077,SP01,20,1.0,0.0,1.0,1.0,1.0,1.0,0.0,0.0,0.0
E190,S077,SP01,21,1.0,1.0,1.0,1.0,1.0,1.0,,,
E190,S077,SP01,22,1.0,1.0,1.0,1.0,1.0,1.0,,,
E190,S077,SP01,23,1.0,1.0,1.0,1.0,1.0,1.0,,,
E190,S077,SP01,24,1.0,1.0,1.0,1.0,1.0,1.0,,,
E190,S077,SP01,25,2.0,2.0,2.0,2.0,2.0,2.0,,,
E190,S077,SP01,26,1.0,1.0,1.0,1.0,1.0,1.0,,,
E190,S077,SP01,27,1.0,1.0,1.0,1.0,1.0,1.0,,,
E190,S077,SP01,28,1.0,1.0,1.0,1.0,1.0,1.0,,,
E190,S077,SP01,29,2.0,2.0,2.0,2.0,2.0,2.0,,,
E190,S077,SP01,30,2.0,2.0,2.0,2.0,2.0,2.0,,,
E190,S077,SP01,31,2.0,2.0,1.0,1.0,2.0,2.0,1.0,0.0,1.0
E190,S077,SP01,32,1.0,1.0,1.0,1.0,1.0,1.0,,,
E190,S077,SP01,33,2.0,2.0,0.0,0.0,2.0,2.0,1.0,0.0,1.0
E036,S077,SP02,1,2.0,2.0,2.0,2.0,2.0,2.0,,,
E036,S077,SP02,2,3.0,3.0,3.0,3.0,3.0,3.0,,,
E036,S077,SP02,3,2.0,2.0,2.0,2.0,2.0,2.0,,,
E036,S077,SP02,4,2.0,2.0,2.0,2.0,2.0,2.0,,,
E036,S077,SP02,5,1.0,1.0,1.0,1.0,1.0,1.0,,,
E036,S077,SP02,6,1.0,1.0,1.0,1.0,1.0,1.0,,,
E036,S077,SP02,7,2.0,2.0,2.0,2.0,2.0,2.0,,,
E036,S077,SP02,8,2.0,2.0,2.0,2.0,2.0,2.0,,,
E036,S077,SP02,9,2.0,2.0,2.0,2.0,2.0,2.0,,,
E036,S077,SP02,10,1.0,0.0,1.0,1.0,1.0,1.0,0.0,0.0,0.0
E036,S077,SP02,11,2.0,2.0,2.0,2.0,2.0,2.0,,,
E036,S077,SP02,12,2.0,1.0,1.0,1.0,2.0,2.0,,,
E036,S077,SP02,13,2.0,0.0,0.0,0.0,2.0,2.0,,,
E036,S077,SP02,14,1.0,0.0,0.0,0.0,1.0,1.0,,,
E036,S077,SP02,15,1.0,1.0,1.0,1.0,1.0,1.0,,,
E036,S077,SP02,16,2.0,2.0,2.0,2.0,2.0,2.0,,,
E036,S077,SP02,17,1.0,1.0,1.0,1.0,1.0,1.0,,,
E036,S077,SP02,18,1.0,1.0,1.0,1.0,1.0,1.0,,,
E036,S077,SP02,19,1.0,1.0,0.0,0.0,1.0,1.0,0.0,0.0,0.0
E036,S077,SP02,20,1.0,1.0,0.0,0.0,1.0,1.0,0.0,0.0,0.0
E036,S077,SP02,21,1.0,1.0,1.0,1.0,1.0,1.0,,,
E036,S077,SP02,22,1.0,1.0,1.0,1.0,1.0,1.0,,,
E036,S077,SP02,23,1.0,1.0,1.0,1.0,1.0,1.0,,,
E036,S077,SP02,24,1.0,1.0,1.0,1.0,1.0,1.0,,,
E036,S077,SP02,25,1.0,1.0,1.0,1.0,1.0,1.0,,,
E036,S077,SP02,26,1.0,1.0,1.0,1.0,1.0,1.0,,,
E036,S077,SP02,27,1.0,1.0,1.0,1.0,1.0,1.0,,,
E036,S077,SP02,28,1.0,1.0,1.0,1.0,1.0,1.0,,,
E036,S077,SP02,29,1.0,1.0,1.0,1.0,1.0,1.0,,,
E036,S077,SP02,30,2.0,2.0,2.0,2.0,2.0,2.0,,,
E036,S077,SP02,31,2.0,2.0,2.0,2.0,2.0,2.0,,,
E036,S077,SP02,32,2.0,1.0,2.0,2.0,2.0,2.0,0.0,1.0,1.0
E036,S077,SP02,33,1.0,0.0,1.0,1.0,1.0,1.0,0.0,0.0,0.0
E036,S077,SP02,34,2.0,1.0,0.0,0.0,2.0,2.0,0.0,0.0,2.0
E010,S077,SP03,1,2.0,2.0,2.0,2.0,2.0,2.0,,,
E010,S077,SP03,2,3.0,3.0,3.0,3.0,3.0,3.0,,,
E010,S077,SP03,3,3.0,3.0,3.0,3.0,3.0,3.0,,,
E010,S077,SP03,4,2.0,2.0,2.0,2.0,2.0,2.0,,,
E010,S077,SP03,5,1.0,1.0,1.0,1.0,1.0,1.0,,,
E010,S077,SP03,6,2.0,2.0,2.0,2.0,2.0,2.0,,,
E010,S077,SP03,7,2.0,2.0,2.0,2.0,2.0,2.0,,,
E010,S077,SP03,8,1.0,0.0,1.0,1.0,1.0,1.0,0.0,1.0,1.0
E010,S077,SP03,9,1.0,1.0,1.0,1.0,1.0,1.0,,,
E010,S077,SP03,10,1.0,1.0,1.0,1.0,1.0,1.0,,,
E010,S077,SP03,11,2.0,2.0,2.0,2.0,2.0,2.0,,,
E010,S077,SP03,12,2.0,2.0,2.0,2.0,2.0,2.0,,,
E010,S077,SP03,13,2.0,1.0,0.0,0.0,2.0,1.0,1.0,1.0,1.0
E010,S077,SP03,14,2.0,0.0,0.0,0.0,2.0,0.0,,,
E010,S077,SP03,15,2.0,1.0,2.0,2.0,2.0,2.0,1.0,1.0,1.0
E010,S077,SP03,16,2.0,1.0,2.0,2.0,2.0,2.0,1.0,1.0,1.0
E010,S077,SP03,17,2.0,2.0,2.0,2.0,2.0,2.0,,,
E010,S077,SP03,18,1.0,1.0,0.0,0.0,1.0,1.0,0.0,0.0,1.0
E010,S077,SP03,19,1.0,1.0,0.0,0.0,1.0,1.0,0.0,0.0,0.0
E010,S077,SP03,20,1.0,1.0,1.0,1.0,1.0,1.0,,,
E010,S077,SP03,21,1.0,1.0,1.0,1.0,1.0,1.0,,,
E010,S077,SP03,22,1.0,1.0,1.0,1.0,1.0,1.0,,,
E010,S077,SP03,23,1.0,1.0,1.0,1.0,1.0,1.0,,,
E010,S077,SP03,24,1.0,1.0,1.0,1.0,1.0,1.0,,,
E010,S077,SP03,25,1.0,1.0,1.0,1.0,1.0,1.0,,,
E010,S077,SP03,26,1.0,1.0,1.0,1.0,1.0,1.0,,,
E010,S077,SP03,27,1.0,1.0,1.0,1.0,1.0,1.0,,,
E010,S077,SP03,28,1.0,1.0,1.0,1.0,1.0,1.0,,,
E010,S077,SP03,29,1.0,1.0,1.0,1.0,1.0,1.0,,,
E010,S077,SP03,30,1.0,1.0,1.0,1.0,1.0,1.0,,,
E010,S077,SP03,31,1.0,1.0,1.0,1.0,1.0,1.0,,,
E010,S077,SP03,32,1.0,1.0,1.0,1.0,1.0,1.0,,,
E010,S077,SP03,33,3.0,2.0,3.0,3.0,3.0,3.0,2.0,3.0,3.0
E149,S078,SP04,1,2.0,2.0,2.0,2.0,2.0,2.0,,,
E149,S078,SP04,2,3.0,3.0,3.0,3.0,3.0,3.0,,,
E149,S078,SP04,3,3.0,3.0,3.0,3.0,3.0,3.0,,,
E149,S078,SP04,4,2.0,2.0,2.0,2.0,2.0,2.0,,,
E149,S078,SP04,5,1.0,1.0,1.0,1.0,1.0,1.0,,,
E149,S078,SP04,6,1.0,1.0,1.0,1.0,1.0,1.0,,,
E149,S078,SP04,7,2.0,2.0,2.0,2.0,2.0,2.0,,,
E149,S078,SP04,8,1.0,1.0,1.0,1.0,1.0,1.0,,,
E149,S078,SP04,9,1.0,1.0,1.0,1.0,1.0,1.0,,,
E149,S078,SP04,10,1.0,1.0,1.0,1.0,1.0,1.0,,,
E149,S078,SP04,11,1.0,1.0,1.0,1.0,1.0,1.0,,,
E149,S078,SP04,12,1.0,1.0,1.0,1.0,1.0,1.0,,,
E149,S078,SP04,13,1.0,1.0,1.0,1.0,1.0,1.0,,,
E149,S078,SP04,14,1.0,1.0,1.0,1.0,1.0,1.0,,,
E149,S078,SP04,15,1.0,0.0,0.0,0.0,0.0,0.0,,,
E149,S078,SP04,16,1.0,1.0,0.0,0.0,0.0,1.0,0.0,1.0,0.0
E149,S078,SP04,17,1.0,0.0,0.0,0.0,0.0,0.0,,,
E149,S078,SP04,18,1.0,0.0,0.0,0.0,0.0,0.0,,,
E149,S078,SP04,19,1.0,0.5,1.0,1.0,0.5,1.0,0.0,1.0,0.5
E149,S078,SP04,20,1.0,1.0,1.0,1.0,1.0,1.0,,,
E149,S078,SP04,21,2.0,2.0,2.0,2.0,2.0,2.0,,,
E149,S078,SP04,22,1.0,1.0,1.0,1.0,1.0,1.0,,,
E149,S078,SP04,23,1.0,1.0,1.0,1.0,1.0,1.0,,,
E149,S078,SP04,24,1.0,1.0,1.0,1.0,1.0,1.0,,,
E149,S078,SP04,25,1.0,1.0,1.0,1.0,1.0,1.0,,,
E149,S078,SP04,26,1.0,1.0,1.0,1.0,1.0,1.0,,,
E149,S078,SP04,27,1.0,1.0,1.0,1.0,1.0,1.0,,,
E149,S078,SP04,28,1.0,1.0,1.0,1.0,1.0,1.0,,,
E149,S078,SP04,29,1.0,1.0,1.0,1.0,1.0,1.0,,,
E149,S078,SP04,30,2.0,2.0,2.0,2.0,2.0,2.0,,,
E149,S078,SP04,31,1.0,1.0,1.0,1.0,1.0,1.0,,,
E149,S078,SP04,32,1.0,1.0,1.0,1.0,1.0,1.0,,,
E149,S078,SP04,33,1.0,1.0,1.0,1.0,1.0,1.0,,,
E149,S078,SP04,34,1.0,1.0,1.0,1.0,1.0,1.0,,,
E149,S078,SP04,35,1.0,1.0,1.0,1.0,1.0,1.0,,,
E149,S078,SP04,36,2.0,2.0,2.0,2.0,1.0,2.0,,,
E149,S078,SP04,37,1.0,1.0,1.0,1.0,1.0,1.0,,,
E149,S078,SP04,38,1.0,1.0,1.0,1.0,1.0,1.0,,,
E149,S078,SP04,39,2.0,2.0,2.0,2.0,2.0,2.0,,,
E172,S078,SP05,1,2.0,2.0,2.0,2.0,2.0,2.0,,,
E172,S078,SP05,2,3.0,3.0,3.0,3.0,3.0,3.0,,,
E172,S078,SP05,3,3.0,3.0,3.0,3.0,3.0,3.0,,,
E172,S078,SP05,4,2.0,2.0,2.0,2.0,2.0,2.0,,,
E172,S078,SP05,5,1.0,1.0,1.0,1.0,1.0,1.0,,,
E172,S078,SP05,6,1.0,1.0,1.0,1.0,1.0,1.0,,,
E172,S078,SP05,7,1.0,1.0,1.0,1.0,1.0,1.0,,,
E172,S078,SP05,8,1.0,1.0,1.0,1.0,1.0,1.0,,,
E172,S078,SP05,9,1.0,1.0,1.0,1.0,1.0,1.0,,,
E172,S078,SP05,10,1.0,1.0,1.0,1.0,1.0,1.0,,,
E172,S078,SP05,11,1.0,1.0,1.0,1.0,1.0,1.0,,,
E172,S078,SP05,12,1.0,1.0,1.0,1.0,1.0,1.0,,,
E172,S078,SP05,13,1.0,1.0,1.0,1.0,1.0,1.0,,,
E172,S078,SP05,14,1.0,1.0,1.0,1.0,1.0,1.0,,,
E172,S078,SP05,15,1.0,1.0,1.0,1.0,1.0,1.0,,,
E172,S078,SP05,16,1.0,1.0,1.0,1.0,1.0,1.0,,,
E172,S078,SP05,17,1.0,1.0,1.0,1.0,1.0,1.0,,,
E172,S078,SP05,18,1.0,1.0,1.0,1.0,1.0,1.0,,,
E172,S078,SP05,19,1.0,1.0,1.0,1.0,1.0,1.0,,,
E172,S078,SP05,20,1.0,0.5,1.0,1.0,1.0,1.0,0.0,1.0,1.0
E172,S078,SP05,21,1.0,0.0,1.0,1.0,1.0,1.0,0.0,1.0,0.0
E172,S078,SP05,22,1.0,0.5,1.0,1.0,1.0,1.0,0.5,1.0,0.0
E172,S078,SP05,23,1.0,0.0,1.0,1.0,1.0,1.0,0.0,1.0,0.0
E172,S078,SP05,24,1.0,1.0,1.0,1.0,1.0,1.0,,,
E172,S078,SP05,25,1.0,1.0,1.0,1.0,1.0,1.0,,,
E172,S078,SP05,26,1.0,1.0,1.0,1.0,1.0,1.0,,,
E172,S078,SP05,27,1.0,1.0,1.0,1.0,1.0,1.0,,,
E172,S078,SP05,28,1.0,1.0,1.0,1.0,1.0,1.0,,,
E172,S078,SP05,29,1.0,1.0,1.0,1.0,1.0,1.0,,,
E172,S078,SP05,30,1.0,1.0,1.0,1.0,1.0,1.0,,,
E172,S078,SP05,31,1.0,1.0,1.0,1.0,1.0,1.0,,,
E172,S078,SP05,32,1.0,1.0,1.0,1.0,1.0,1.0,,,
E172,S078,SP05,33,2.0,2.0,2.0,2.0,2.0,2.0,,,
E172,S078,SP05,34,1.0,1.0,1.0,1.0,1.0,1.0,,,
E172,S078,SP05,35,1.0,1.0,1.0,1.0,1.0,1.0,,,
E172,S078,SP05,36,1.0,1.0,1.0,1.0,1.0,1.0,,,
E172,S078,SP05,37,1.0,1.0,1.0,1.0,1.0,1.0,,,
E172,S078,SP05,38,2.0,2.0,2.0,2.0,2.0,2.0,,,
E172,S078,SP05,39,2.0,2.0,2.0,2.0,2.0,2.0,,,
E172,S078,SP05,40,2.0,1.0,2.0,2.0,2.0,2.0,0.0,1.0,1.0
E063,S078,SP06,1,2.0,2.0,2.0,2.0,2.0,2.0,,,
E063,S078,SP06,2,4.0,4.0,4.0,4.0,4.0,4.0,,,
E063,S078,SP06,3,3.0,3.0,3.0,3.0,3.0,3.0,,,
E063,S078,SP06,4,2.0,2.0,2.0,2.0,2.0,2.0,,,
E063,S078,SP06,5,2.0,2.0,2.0,2.0,2.0,2.0,,,
E063,S078,SP06,6,2.0,2.0,2.0,2.0,2.0,2.0,,,
E063,S078,SP06,7,1.0,1.0,1.0,1.0,1.0,1.0,,,
E063,S078,SP06,8,1.0,1.0,1.0,1.0,1.0,1.0,,,
E063,S078,SP06,9,2.0,2.0,2.0,2.0,2.0,2.0,,,
E063,S078,SP06,10,2.0,2.0,2.0,2.0,2.0,2.0,,,
E063,S078,SP06,11,2.0,0.0,2.0,2.0,2.0,2.0,0.0,2.0,2.0
E063,S078,SP06,12,1.0,1.0,1.0,1.0,1.0,1.0,,,
E063,S078,SP06,13,1.0,1.0,1.0,1.0,1.0,1.0,,,
E063,S078,SP06,14,1.0,1.0,1.0,1.0,1.0,1.0,,,
E063,S078,SP06,15,1.0,1.0,1.0,1.0,1.0,1.0,,,
E063,S078,SP06,16,1.0,1.0,1.0,1.0,1.0,1.0,,,
E063,S078,SP06,17,1.0,1.0,1.0,1.0,1.0,1.0,,,
E063,S078,SP06,18,1.0,1.0,1.0,1.0,1.0,1.0,,,
E063,S078,SP06,19,1.0,1.0,1.0,1.0,1.0,1.0,,,
E063,S078,SP06,20,1.0,1.0,1.0,1.0,1.0,1.0,,,
E063,S078,SP06,21,1.0,1.0,1.0,1.0,1.0,1.0,,,
E063,S078,SP06,22,1.0,1.0,1.0,1.0,1.0,1.0,,,
E063,S078,SP06,23,1.0,1.0,1.0,1.0,1.0,1.0,,,
E063,S078,SP06,24,1.0,1.0,1.0,1.0,1.0,1.0,,,
E063,S078,SP06,25,1.0,1.0,1.0,1.0,1.0,1.0,,,
E063,S078,SP06,26,1.0,1.0,0.0,0.0,1.0,1.0,1.0,1.0,1.0
E063,S078,SP06,27,1.0,1.0,1.0,1.0,1.0,1.0,,,
E063,S078,SP06,28,1.0,1.0,1.0,1.0,1.0,1.0,,,
E063,S078,SP06,29,1.0,1.0,1.0,1.0,1.0,1.0,,,
E063,S078,SP06,30,1.0,1.0,1.0,1.0,1.0,1.0,,,
E063,S078,SP06,31,1.0,1.0,1.0,1.0,1.0,1.0,,,
E063,S078,SP06,32,1.0,1.0,1.0,1.0,1.0,1.0,,,
E063,S078,SP06,33,1.0,1.0,1.0,1.0,1.0,1.0,,,
E063,S078,SP06,34,2.0,2.0,2.0,2.0,2.0,2.0,,,
E063,S078,SP06,35,1.0,1.0,1.0,1.0,1.0,1.0,,,
E063,S078,SP06,36,2.0,2.0,2.0,2.0,2.0,2.0,,,
E153,S079,SP01,1,2.0,2.0,2.0,2.0,2.0,2.0,,,
E153,S079,SP01,2,3.0,3.0,3.0,3.0,3.0,3.0,,,
E153,S079,SP01,3,2.0,2.0,2.0,2.0,2.0,2.0,,,
E153,S079,SP01,4,2.0,0.0,0.0,0.0,2.0,2.0,,,
E153,S079,SP01,5,2.0,2.0,2.0,2.0,2.0,2.0,,,
E153,S079,SP01,6,2.0,1.0,2.0,2.0,2.0,2.0,0.0,2.0,2.0
E153,S079,SP01,7,2.0,2.0,2.0,2.0,2.0,2.0,,,
E153,S079,SP01,8,2.0,2.0,2.0,2.0,2.0,2.0,,,
E153,S079,SP01,9,2.0,0.0,0.0,0.0,2.0,2.0,,,
E153,S079,SP01,10,2.0,1.0,0.0,0.0,2.0,2.0,1.0,2.0,0.5
E153,S079,SP01,11,2.0,1.0,1.0,1.0,2.0,2.0,,,
E153,S079,SP01,12,1.0,1.0,1.0,1.0,1.0,1.0,,,
E153,S079,SP01,13,1.0,1.0,1.0,1.0,1.0,1.0,,,
E153,S079,SP01,14,1.0,1.0,1.0,1.0,1.0,1.0,,,
E153,S079,SP01,15,1.0,1.0,1.0,1.0,1.0,1.0,,,
E153,S079,SP01,16,1.0,1.0,1.0,1.0,1.0,1.0,,,
E153,S079,SP01,17,1.0,1.0,1.0,1.0,1.0,1.0,,,
E153,S079,SP01,18,1.0,1.0,0.0,0.0,1.0,1.0,0.0,0.0,0.0
E153,S079,SP01,19,1.0,1.0,1.0,1.0,1.0,1.0,,,
E153,S079,SP01,20,1.0,1.0,1.0,1.0,1.0,1.0,,,
E153,S079,SP01,21,1.0,1.0,1.0,1.0,1.0,1.0,,,
E153,S079,SP01,22,1.0,1.0,0.0,0.0,1.0,0.0,0.0,0.0,0.0
E153,S079,SP01,23,1.0,1.0,1.0,1.0,1.0,1.0,,,
E153,S079,SP01,24,1.0,1.0,1.0,1.0,1.0,1.0,,,
E153,S079,SP01,25,2.0,2.0,2.0,2.0,2.0,2.0,,,
E153,S079,SP01,26,1.0,1.0,1.0,1.0,1.0,1.0,,,
E153,S079,SP01,27,1.0,1.0,1.0,1.0,1.0,1.0,,,
E153,S079,SP01,28,1.0,1.0,1.0,1.0,1.0,1.0,,,
E153,S079,SP01,29,2.0,2.0,2.0,2.0,2.0,2.0,,,
E153,S079,SP01,30,2.0,2.0,2.0,2.0,2.0,2.0,,,
E153,S079,SP01,31,2.0,2.0,2.0,2.0,2.0,2.0,,,
E153,S079,SP01,32,1.0,1.0,1.0,1.0,1.0,1.0,,,
E153,S079,SP01,33,2.0,2.0,2.0,2.0,2.0,2.0,,,
E012,S079,SP02,1,2.0,2.0,2.0,2.0,2.0,2.0,,,
E012,S079,SP02,2,3.0,3.0,3.0,3.0,3.0,3.0,,,
E012,S079,SP02,3,2.0,2.0,2.0,2.0,2.0,2.0,,,
E012,S079,SP02,4,2.0,2.0,2.0,2.0,2.0,2.0,,,
E012,S079,SP02,5,1.0,1.0,1.0,1.0,1.0,1.0,,,
E012,S079,SP02,6,1.0,1.0,1.0,1.0,1.0,1.0,,,
E012,S079,SP02,7,2.0,2.0,2.0,2.0,2.0,2.0,,,
E012,S079,SP02,8,2.0,2.0,2.0,2.0,2.0,2.0,,,
E012,S079,SP02,9,2.0,2.0,2.0,2.0,2.0,2.0,,,
E012,S079,SP02,10,1.0,0.0,0.0,0.0,1.0,1.0,,,
E012,S079,SP02,11,2.0,2.0,2.0,2.0,2.0,2.0,,,
E012,S079,SP02,12,2.0,1.0,1.0,1.0,2.0,1.0,,,
E012,S079,SP02,13,2.0,2.0,2.0,2.0,2.0,2.0,,,
E012,S079,SP02,14,1.0,1.0,1.0,1.0,1.0,1.0,,,
E012,S079,SP02,15,1.0,1.0,1.0,1.0,1.0,1.0,,,
E012,S079,SP02,16,2.0,2.0,2.0,2.0,2.0,2.0,,,
E012,S079,SP02,17,1.0,1.0,1.0,1.0,1.0,1.0,,,
E012,S079,SP02,18,1.0,1.0,1.0,1.0,1.0,1.0,,,
E012,S079,SP02,19,1.0,1.0,0.0,0.0,1.0,1.0,0.0,0.0,0.0
E012,S079,SP02,20,1.0,1.0,1.0,1.0,1.0,1.0,,,
E012,S079,SP02,21,1.0,1.0,1.0,1.0,1.0,1.0,,,
E012,S079,SP02,22,1.0,1.0,1.0,1.0,1.0,1.0,,,
E012,S079,SP02,23,1.0,1.0,1.0,1.0,1.0,1.0,,,
E012,S079,SP02,24,1.0,1.0,1.0,1.0,1.0,1.0,,,
E012,S079,SP02,25,1.0,1.0,1.0,1.0,1.0,1.0,,,
E012,S079,SP02,26,1.0,0.0,1.0,1.0,1.0,1.0,1.0,1.0,1.0
E012,S079,SP02,27,1.0,1.0,1.0,1.0,1.0,1.0,,,
E012,S079,SP02,28,1.0,1.0,1.0,1.0,1.0,1.0,,,
E012,S079,SP02,29,1.0,1.0,1.0,1.0,1.0,1.0,,,
E012,S079,SP02,30,2.0,2.0,2.0,2.0,2.0,2.0,,,
E012,S079,SP02,31,2.0,2.0,2.0,2.0,2.0,2.0,,,
E012,S079,SP02,32,2.0,1.0,2.0,2.0,2.0,2.0,2.0,2.0,2.0
E012,S079,SP02,33,1.0,1.0,1.0,1.0,1.0,1.0,,,
E012,S079,SP02,34,2.0,2.0,2.0,2.0,2.0,2.0,,,
E197,S079,SP03,1,2.0,2.0,2.0,2.0,2.0,2.0,,,
E197,S079,SP03,2,3.0,3.0,3.0,3.0,3.0,3.0,,,
E197,S079,SP03,3,3.0,3.0,3.0,3.0,3.0,3.0,,,
E197,S079,SP03,4,2.0,2.0,2.0,2.0,2.0,2.0,,,
E197,S079,SP03,5,1.0,1.0,1.0,1.0,1.0,1.0,,,
E197,S079,SP03,6,2.0,2.0,2.0,2.0,2.0,2.0,,,
E197,S079,SP03,7,2.0,2.0,2.0,2.0,2.0,2.0,,,
E197,S079,SP03,8,1.0,1.0,1.0,1.0,1.0,1.0,,,
E197,S079,SP03,9,1.0,1.0,0.0,0.0,1.0,1.0,0.0,1.0,1.0
E197,S079,SP03,10,1.0,1.0,1.0,1.0,1.0,1.0,,,
E197,S079,SP03,11,2.0,2.0,2.0,2.0,2.0,2.0,,,
E197,S079,SP03,12,2.0,2.0,2.0,2.0,2.0,2.0,,,
E197,S079,SP03,13,2.0,1.0,1.0,1.0,2.0,1.0,,,
E197,S079,SP03,14,2.0,1.0,1.0,1.0,2.0,0.0,,,
E197,S079,SP03,15,2.0,1.0,1.0,1.0,2.0,1.0,,,
E197,S079,SP03,16,2.0,2.0,2.0,2.0,2.0,2.0,,,
E197,S079,SP03,17,2.0,2.0,2.0,2.0,2.0,2.0,,,
E197,S079,SP03,18,1.0,1.0,0.0,0.0,1.0,1.0,0.0,0.0,1.0
E197,S079,SP03,19,1.0,1.0,1.0,1.0,1.0,1.0,,,
E197,S079,SP03,20,1.0,1.0,1.0,1.0,1.0,1.0,,,
E197,S079,SP03,21,1.0,1.0,1.0,1.0,1.0,1.0,,,
E197,S079,SP03,22,1.0,1.0,1.0,1.0,1.0,1.0,,,
E197,S079,SP03,23,1.0,1.0,1.0,1.0,1.0,1.0,,,
E197,S079,SP03,24,1.0,1.0,1.0,1.0,1.0,1.0,,,
E197,S079,SP03,25,1.0,1.0,1.0,1.0,1.0,1.0,,,
E197,S079,SP03,26,1.0,1.0,1.0,1.0,1.0,1.0,,,
E197,S079,SP03,27,1.0,1.0,1.0,1.0,1.0,0.0,,,
E197,S079,SP03,28,1.0,1.0,1.0,1.0,1.0,1.0,,,
E197,S079,SP03,29,1.0,1.0,1.0,1.0,1.0,1.0,,,
E197,S079,SP03,30,1.0,1.0,1.0,1.0,1.0,1.0,,,
E197,S079,SP03,31,1.0,0.0,0.0,0.0,1.0,0.0,,,
E197,S079,SP03,32,1.0,1.0,1.0,1.0,1.0,1.0,,,
E197,S079,SP03,33,3.0,3.0,3.0,3.0,3.0,3.0,,,
E198,S080,SP01,1,2.0,2.0,2.0,2.0,2.0,2.0,,,
E198,S080,SP01,2,3.0,3.0,3.0,3.0,3.0,3.0,,,
E198,S080,SP01,3,2.0,2.0,2.0,2.0,2.0,2.0,,,
E198,S080,SP01,4,2.0,2.0,2.0,2.0,2.0,2.0,,,
E198,S080,SP01,5,2.0,2.0,2.0,2.0,2.0,2.0,,,
E198,S080,SP01,6,2.0,0.0,2.0,2.0,2.0,2.0,0.0,0.0,2.0
E198,S080,SP01,7,2.0,2.0,2.0,2.0,2.0,2.0,,,
E198,S080,SP01,8,2.0,2.0,2.0,2.0,2.0,2.0,,,
E198,S080,SP01,9,2.0,0.0,1.0,1.0,2.0,2.0,1.0,2.0,0.5
E198,S080,SP01,10,2.0,2.0,2.0,2.0,2.0,2.0,,,
E198,S080,SP01,11,2.0,1.0,1.0,1.0,2.0,2.0,,,
E198,S080,SP01,12,1.0,1.0,1.0,1.0,1.0,1.0,,,
E198,S080,SP01,13,1.0,1.0,1.0,1.0,1.0,1.0,,,
E198,S080,SP01,14,1.0,1.0,1.0,1.0,1.0,1.0,,,
E198,S080,SP01,15,1.0,1.0,1.0,1.0,1.0,1.0,,,
E198,S080,SP01,16,1.0,1.0,1.0,1.0,1.0,1.0,,,
E198,S080,SP01,17,1.0,1.0,1.0,1.0,1.0,1.0,,,
E198,S080,SP01,18,1.0,1.0,0.0,0.0,1.0,0.0,0.0,0.0,0.0
E198,S080,SP01,19,1.0,1.0,1.0,1.0,1.0,1.0,,,
E198,S080,SP01,20,1.0,1.0,1.0,1.0,1.0,1.0,,,
E198,S080,SP01,21,1.0,1.0,1.0,1.0,1.0,1.0,,,
E198,S080,SP01,22,1.0,1.0,1.0,1.0,1.0,1.0,,,
E198,S080,SP01,23,1.0,1.0,1.0,1.0,1.0,1.0,,,
E198,S080,SP01,24,1.0,1.0,1.0,1.0,1.0,1.0,,,
E198,S080,SP01,25,2.0,2.0,2.0,2.0,2.0,2.0,,,
E198,S080,SP01,26,1.0,1.0,1.0,1.0,1.0,1.0,,,
E198,S080,SP01,27,1.0,1.0,1.0,1.0,1.0,1.0,,,
E198,S080,SP01,28,1.0,1.0,1.0,1.0,1.0,1.0,,,
E198,S080,SP01,29,2.0,1.0,2.0,2.0,2.0,2.0,1.0,2.0,1.0
E198,S080,SP01,30,2.0,2.0,2.0,2.0,2.0,2.0,,,
E198,S080,SP01,31,2.0,2.0,2.0,2.0,2.0,2.0,,,
E198,S080,SP01,32,1.0,1.0,2.0,1.0,1.0,1.0,1.0,1.0,1.0
E198,S080,SP01,33,2.0,2.0,2.0,2.0,2.0,2.0,,,
E168,S080,SP02,1,2.0,2.0,2.0,2.0,2.0,2.0,,,
E168,S080,SP02,2,3.0,3.0,3.0,3.0,3.0,3.0,,,
E168,S080,SP02,3,2.0,2.0,2.0,2.0,2.0,2.0,,,
E168,S080,SP02,4,2.0,2.0,2.0,2.0,2.0,2.0,,,
E168,S080,SP02,5,1.0,1.0,1.0,1.0,1.0,1.0,,,
E168,S080,SP02,6,1.0,1.0,1.0,1.0,1.0,1.0,,,
E168,S080,SP02,7,2.0,2.0,2.0,2.0,2.0,2.0,,,
E168,S080,SP02,8,2.0,2.0,2.0,2.0,2.0,2.0,,,
E168,S080,SP02,9,2.0,2.0,1.0,1.0,2.0,2.0,0.0,1.0,2.0
E168,S080,SP02,10,1.0,0.0,1.0,1.0,1.0,1.0,0.0,1.0,1.0
E168,S080,SP02,11,2.0,2.0,2.0,2.0,2.0,2.0,,,
E168,S080,SP02,12,2.0,1.0,2.0,2.0,2.0,2.0,1.0,1.0,1.0
E168,S080,SP02,13,2.0,1.0,2.0,2.0,2.0,2.0,2.0,2.0,1.0
E168,S080,SP02,14,1.0,0.0,0.0,0.0,1.0,1.0,,,
E168,S080,SP02,15,1.0,1.0,1.0,1.0,1.0,1.0,,,
E168,S080,SP02,16,2.0,2.0,2.0,2.0,2.0,2.0,,,
E168,S080,SP02,17,1.0,1.0,1.0,1.0,1.0,1.0,,,
E168,S080,SP02,18,1.0,1.0,1.0,1.0,1.0,1.0,,,
E168,S080,SP02,19,1.0,1.0,0.0,0.0,1.0,1.0,0.0,0.0,0.0
E168,S080,SP02,20,1.0,1.0,1.0,1.0,1.0,1.0,,,
E168,S080,SP02,21,1.0,1.0,1.0,1.0,1.0,1.0,,,
E168,S080,SP02,22,1.0,1.0,1.0,1.0,1.0,1.0,,,
E168,S080,SP02,23,1.0,1.0,1.0,1.0,1.0,1.0,,,
E168,S080,SP02,24,1.0,1.0,1.0,1.0,1.0,1.0,,,
E168,S080,SP02,25,1.0,1.0,1.0,1.0,1.0,1.0,,,
E168,S080,SP02,26,1.0,1.0,1.0,1.0,1.0,1.0,,,
E168,S080,SP02,27,1.0,1.0,1.0,1.0,1.0,1.0,,,
E168,S080,SP02,28,1.0,1.0,1.0,1.0,1.0,1.0,,,
E168,S080,SP02,29,1.0,1.0,1.0,1.0,1.0,1.0,,,
E168,S080,SP02,30,2.0,2.0,2.0,2.0,2.0,2.0,,,
E168,S080,SP02,31,2.0,2.0,2.0,2.0,2.0,2.0,,,
E168,S080,SP02,32,2.0,1.0,2.0,2.0,2.0,2.0,2.0,2.0,2.0
E168,S080,SP02,33,1.0,1.0,1.0,1.0,1.0,1.0,,,
E168,S080,SP02,34,2.0,2.0,2.0,2.0,2.0,2.0,,,
E137,S080,SP03,1,2.0,2.0,2.0,2.0,2.0,2.0,,,
E137,S080,SP03,2,3.0,3.0,3.0,3.0,3.0,3.0,,,
E137,S080,SP03,3,3.0,3.0,3.0,3.0,3.0,3.0,,,
E137,S080,SP03,4,2.0,2.0,2.0,2.0,2.0,2.0,,,
E137,S080,SP03,5,1.0,1.0,1.0,1.0,1.0,1.0,,,
E137,S080,SP03,6,2.0,2.0,2.0,2.0,2.0,2.0,,,
E137,S080,SP03,7,2.0,2.0,2.0,2.0,2.0,2.0,,,
E137,S080,SP03,8,1.0,1.0,1.0,1.0,1.0,1.0,,,
E137,S080,SP03,9,1.0,1.0,1.0,1.0,1.0,1.0,,,
E137,S080,SP03,10,1.0,1.0,1.0,1.0,1.0,1.0,,,
E137,S080,SP03,11,2.0,2.0,2.0,2.0,2.0,2.0,,,
E137,S080,SP03,12,2.0,2.0,2.0,2.0,2.0,2.0,,,
E137,S080,SP03,13,2.0,0.0,0.0,0.0,2.0,2.0,,,
E137,S080,SP03,14,2.0,2.0,2.0,2.0,2.0,2.0,,,
E137,S080,SP03,15,2.0,2.0,0.0,0.0,2.0,2.0,0.0,0.0,1.0
E137,S080,SP03,16,2.0,2.0,2.0,2.0,2.0,2.0,,,
E137,S080,SP03,17,2.0,2.0,2.0,2.0,2.0,2.0,,,
E137,S080,SP03,18,1.0,1.0,0.0,0.0,1.0,1.0,0.0,1.0,0.0
E137,S080,SP03,19,1.0,1.0,1.0,1.0,1.0,1.0,,,
E137,S080,SP03,20,1.0,1.0,1.0,1.0,1.0,1.0,,,
E137,S080,SP03,21,1.0,1.0,1.0,1.0,1.0,1.0,,,
E137,S080,SP03,22,1.0,1.0,1.0,1.0,1.0,1.0,,,
E137,S080,SP03,23,1.0,1.0,1.0,1.0,1.0,1.0,,,
E137,S080,SP03,24,1.0,1.0,1.0,1.0,1.0,1.0,,,
E137,S080,SP03,25,1.0,1.0,1.0,1.0,1.0,1.0,,,
E137,S080,SP03,26,1.0,1.0,1.0,1.0,1.0,1.0,,,
E137,S080,SP03,27,1.0,1.0,0.0,0.0,1.0,1.0,0.0,1.0,1.0
E137,S080,SP03,28,1.0,1.0,1.0,1.0,1.0,1.0,,,
E137,S080,SP03,29,1.0,1.0,1.0,1.0,1.0,1.0,,,
E137,S080,SP03,30,1.0,1.0,1.0,1.0,1.0,1.0,,,
E137,S080,SP03,31,1.0,1.0,1.0,1.0,1.0,1.0,,,
E137,S080,SP03,32,1.0,1.0,1.0,1.0,1.0,1.0,,,
E137,S080,SP03,33,3.0,3.0,3.0,3.0,3.0,3.0,,,
E185,S081,SP01,1,2.0,2.0,2.0,2.0,2.0,2.0,,,
E185,S081,SP01,2,3.0,3.0,3.0,3.0,3.0,3.0,,,
E185,S081,SP01,3,2.0,2.0,2.0,2.0,2.0,2.0,,,
E185,S081,SP01,4,2.0,2.0,2.0,2.0,2.0,2.0,,,
E185,S081,SP01,5,2.0,2.0,2.0,2.0,2.0,2.0,,,
E185,S081,SP01,6,2.0,2.0,2.0,2.0,2.0,2.0,,,
E185,S081,SP01,7,2.0,2.0,2.0,2.0,2.0,2.0,,,
E185,S081,SP01,8,2.0,2.0,2.0,2.0,2.0,2.0,,,
E185,S081,SP01,9,2.0,2.0,2.0,2.0,2.0,2.0,,,
E185,S081,SP01,10,2.0,2.0,2.0,2.0,1.0,2.0,,,
E185,S081,SP01,11,2.0,2.0,2.0,2.0,1.5,2.0,,,
E185,S081,SP01,12,1.0,1.0,1.0,1.0,1.0,1.0,,,
E185,S081,SP01,13,1.0,1.0,1.0,1.0,1.0,1.0,,,
E185,S081,SP01,14,1.0,1.0,1.0,1.0,1.0,1.0,,,
E185,S081,SP01,15,1.0,1.0,1.0,1.0,1.0,1.0,,,
E185,S081,SP01,16,1.0,1.0,1.0,1.0,1.0,1.0,,,
E185,S081,SP01,17,1.0,1.0,1.0,1.0,1.0,1.0,,,
E185,S081,SP01,18,1.0,0.0,0.0,0.0,0.0,1.0,,,
E185,S081,SP01,19,1.0,1.0,1.0,1.0,1.0,1.0,,,
E185,S081,SP01,20,1.0,1.0,1.0,1.0,1.0,1.0,,,
E185,S081,SP01,21,1.0,1.0,1.0,1.0,1.0,1.0,,,
E185,S081,SP01,22,1.0,1.0,1.0,1.0,1.0,1.0,,,
E185,S081,SP01,23,1.0,1.0,1.0,1.0,1.0,1.0,,,
E185,S081,SP01,24,1.0,1.0,1.0,1.0,1.0,1.0,,,
E185,S081,SP01,25,2.0,2.0,2.0,2.0,2.0,2.0,,,
E185,S081,SP01,26,1.0,1.0,1.0,1.0,1.0,1.0,,,
E185,S081,SP01,27,1.0,0.0,1.0,1.0,1.0,1.0,1.0,1.0,1.0
E185,S081,SP01,28,1.0,1.0,1.0,1.0,1.0,1.0,,,
E185,S081,SP01,29,2.0,2.0,2.0,2.0,2.0,2.0,,,
E185,S081,SP01,30,2.0,2.0,2.0,2.0,2.0,2.0,,,
E185,S081,SP01,31,2.0,2.0,2.0,2.0,2.0,2.0,,,
E185,S081,SP01,32,1.0,1.0,1.0,1.0,1.0,1.0,,,
E185,S081,SP01,33,2.0,2.0,2.0,2.0,2.0,2.0,,,
E140,S081,SP02,1,2.0,2.0,2.0,2.0,2.0,2.0,,,
E140,S081,SP02,2,3.0,3.0,3.0,3.0,3.0,3.0,,,
E140,S081,SP02,3,2.0,2.0,2.0,2.0,2.0,2.0,,,
E140,S081,SP02,4,2.0,2.0,2.0,2.0,2.0,2.0,,,
E140,S081,SP02,5,1.0,1.0,1.0,1.0,1.0,1.0,,,
E140,S081,SP02,6,1.0,1.0,1.0,1.0,1.0,1.0,,,
E140,S081,SP02,7,2.0,2.0,2.0,2.0,2.0,2.0,,,
E140,S081,SP02,8,2.0,2.0,2.0,2.0,2.0,2.0,,,
E140,S081,SP02,9,2.0,2.0,2.0,2.0,2.0,2.0,,,
E140,S081,SP02,10,1.0,1.0,1.0,1.0,1.0,1.0,,,
E140,S081,SP02,11,2.0,2.0,2.0,2.0,2.0,2.0,,,
E140,S081,SP02,12,2.0,1.0,1.0,1.0,1.0,2.0,,,
E140,S081,SP02,13,2.0,0.0,0.0,0.0,0.0,2.0,,,
E140,S081,SP02,14,1.0,0.0,1.0,1.0,1.0,1.0,1.0,1.0,1.0
E140,S081,SP02,15,1.0,1.0,1.0,1.0,1.0,1.0,,,
E140,S081,SP02,16,2.0,2.0,2.0,2.0,2.0,2.0,,,
E140,S081,SP02,17,1.0,1.0,1.0,1.0,1.0,1.0,,,
E140,S081,SP02,18,1.0,1.0,1.0,1.0,1.0,1.0,,,
E140,S081,SP02,19,1.0,1.0,1.0,1.0,1.0,1.0,,,
E140,S081,SP02,20,1.0,1.0,1.0,1.0,1.0,1.0,,,
E140,S081,SP02,21,1.0,1.0,1.0,1.0,1.0,1.0,,,
E140,S081,SP02,22,1.0,1.0,0.0,0.0,0.0,0.0,0.0,0.0,0.0
E140,S081,SP02,23,1.0,1.0,1.0,1.0,1.0,1.0,,,
E140,S081,SP02,24,1.0,1.0,1.0,1.0,1.0,1.0,,,
E140,S081,SP02,25,1.0,1.0,1.0,1.0,1.0,1.0,,,
E140,S081,SP02,26,1.0,1.0,1.0,1.0,1.0,1.0,,,
E140,S081,SP02,27,1.0,1.0,1.0,1.0,1.0,1.0,,,
E140,S081,SP02,28,1.0,1.0,1.0,1.0,1.0,1.0,,,
E140,S081,SP02,29,1.0,1.0,1.0,1.0,1.0,1.0,,,
E140,S081,SP02,30,2.0,2.0,2.0,2.0,2.0,2.0,,,
E140,S081,SP02,31,2.0,2.0,2.0,2.0,2.0,2.0,,,
E140,S081,SP02,32,2.0,2.0,2.0,2.0,2.0,2.0,,,
E140,S081,SP02,33,1.0,1.0,1.0,1.0,1.0,1.0,,,
E140,S081,SP02,34,2.0,2.0,2.0,2.0,2.0,2.0,,,
E083,S082,SP01,1,2.0,2.0,2.0,2.0,2.0,2.0,,,
E083,S082,SP01,2,3.0,3.0,3.0,3.0,3.0,3.0,,,
E083,S082,SP01,3,2.0,2.0,2.0,2.0,2.0,2.0,,,
E083,S082,SP01,4,2.0,2.0,2.0,2.0,2.0,2.0,,,
E083,S082,SP01,5,2.0,2.0,2.0,2.0,2.0,2.0,,,
E083,S082,SP01,6,2.0,0.0,0.0,0.0,2.0,2.0,,,
E083,S082,SP01,7,2.0,2.0,2.0,2.0,2.0,2.0,,,
E083,S082,SP01,8,2.0,2.0,2.0,2.0,2.0,2.0,,,
E083,S082,SP01,9,2.0,1.0,0.0,0.0,2.0,2.0,0.5,1.0,0.0
E083,S082,SP01,10,2.0,1.0,2.0,2.0,2.0,2.0,1.5,2.0,1.5
E083,S082,SP01,11,2.0,1.0,1.0,1.0,2.0,2.0,,,
E083,S082,SP01,12,1.0,1.0,1.0,1.0,1.0,1.0,,,
E083,S082,SP01,13,1.0,1.0,1.0,1.0,1.0,1.0,,,
E083,S082,SP01,14,1.0,1.0,1.0,1.0,1.0,1.0,,,
E083,S082,SP01,15,1.0,1.0,1.0,1.0,1.0,1.0,,,
E083,S082,SP01,16,1.0,1.0,1.0,1.0,1.0,1.0,,,
E083,S082,SP01,17,1.0,1.0,1.0,1.0,1.0,1.0,,,
E083,S082,SP01,18,1.0,1.0,1.0,1.0,1.0,1.0,,,
E083,S082,SP01,19,1.0,1.0,1.0,1.0,1.0,1.0,,,
E083,S082,SP01,20,1.0,0.0,1.0,1.0,1.0,1.0,1.0,1.0,1.0
E083,S082,SP01,21,1.0,1.0,1.0,1.0,1.0,1.0,,,
E083,S082,SP01,22,1.0,1.0,1.0,1.0,1.0,1.0,,,
E083,S082,SP01,23,1.0,1.0,1.0,1.0,1.0,1.0,,,
E083,S082,SP01,24,1.0,1.0,1.0,1.0,1.0,1.0,,,
E083,S082,SP01,25,2.0,2.0,2.0,2.0,2.0,2.0,,,
E083,S082,SP01,26,1.0,1.0,1.0,1.0,1.0,1.0,,,
E083,S082,SP01,27,1.0,1.0,1.0,1.0,1.0,1.0,,,
E083,S082,SP01,28,1.0,1.0,1.0,1.0,1.0,1.0,,,
E083,S082,SP01,29,2.0,2.0,2.0,2.0,2.0,2.0,,,
E083,S082,SP01,30,2.0,2.0,2.0,2.0,2.0,2.0,,,
E083,S082,SP01,31,2.0,2.0,2.0,2.0,2.0,2.0,,,
E083,S082,SP01,32,1.0,1.0,1.0,1.0,1.0,1.0,,,
E083,S082,SP01,33,2.0,2.0,2.0,2.0,2.0,2.0,,,
E182,S082,SP02,1,2.0,2.0,2.0,2.0,2.0,2.0,,,
E182,S082,SP02,2,3.0,3.0,3.0,3.0,3.0,3.0,,,
E182,S082,SP02,3,2.0,2.0,2.0,2.0,2.0,2.0,,,
E182,S082,SP02,4,2.0,2.0,2.0,2.0,2.0,2.0,,,
E182,S082,SP02,5,1.0,1.0,1.0,1.0,1.0,1.0,,,
E182,S082,SP02,6,1.0,1.0,1.0,1.0,1.0,1.0,,,
E182,S082,SP02,7,2.0,2.0,2.0,2.0,2.0,2.0,,,
E182,S082,SP02,8,2.0,2.0,2.0,2.0,2.0,2.0,,,
E182,S082,SP02,9,2.0,1.0,2.0,2.0,2.0,2.0,0.0,1.0,1.0
E182,S082,SP02,10,1.0,1.0,0.0,0.0,1.0,1.0,0.0,0.0,0.0
E182,S082,SP02,11,2.0,2.0,2.0,2.0,2.0,2.0,,,
E182,S082,SP02,12,2.0,1.0,2.0,2.0,2.0,2.0,1.0,1.0,1.0
E182,S082,SP02,13,2.0,1.0,0.0,0.0,2.0,2.0,0.0,1.0,0.0
E182,S082,SP02,14,1.0,1.0,1.0,1.0,1.0,1.0,,,
E182,S082,SP02,15,1.0,1.0,1.0,1.0,1.0,1.0,,,
E182,S082,SP02,16,2.0,2.0,2.0,2.0,2.0,2.0,,,
E182,S082,SP02,17,1.0,1.0,1.0,1.0,1.0,1.0,,,
E182,S082,SP02,18,1.0,1.0,1.0,1.0,1.0,1.0,,,
E182,S082,SP02,19,1.0,1.0,1.0,1.0,1.0,1.0,,,
E182,S082,SP02,20,1.0,1.0,1.0,1.0,1.0,1.0,,,
E182,S082,SP02,21,1.0,1.0,1.0,1.0,1.0,1.0,,,
E182,S082,SP02,22,1.0,1.0,1.0,1.0,1.0,1.0,,,
E182,S082,SP02,23,1.0,1.0,1.0,1.0,1.0,1.0,,,
E182,S082,SP02,24,1.0,1.0,1.0,1.0,1.0,1.0,,,
E182,S082,SP02,25,1.0,1.0,1.0,1.0,1.0,1.0,,,
E182,S082,SP02,26,1.0,1.0,1.0,1.0,1.0,1.0,,,
E182,S082,SP02,27,1.0,1.0,1.0,1.0,1.0,1.0,,,
E182,S082,SP02,28,1.0,1.0,1.0,1.0,1.0,1.0,,,
E182,S082,SP02,29,1.0,1.0,1.0,1.0,1.0,1.0,,,
E182,S082,SP02,30,2.0,2.0,2.0,2.0,2.0,2.0,,,
E182,S082,SP02,31,2.0,2.0,2.0,2.0,2.0,2.0,,,
E182,S082,SP02,32,2.0,2.0,2.0,2.0,2.0,2.0,,,
E182,S082,SP02,33,1.0,1.0,1.0,1.0,1.0,1.0,,,
E182,S082,SP02,34,2.0,2.0,2.0,2.0,2.0,2.0,,,
E235,S082,SP03,1,2.0,2.0,2.0,2.0,2.0,2.0,,,
E235,S082,SP03,2,3.0,3.0,3.0,3.0,3.0,3.0,,,
E235,S082,SP03,3,3.0,3.0,3.0,3.0,3.0,3.0,,,
E235,S082,SP03,4,2.0,2.0,2.0,2.0,2.0,2.0,,,
E235,S082,SP03,5,1.0,1.0,1.0,1.0,1.0,1.0,,,
E235,S082,SP03,6,2.0,2.0,2.0,2.0,2.0,2.0,,,
E235,S082,SP03,7,2.0,2.0,2.0,2.0,2.0,2.0,,,
E235,S082,SP03,8,1.0,0.0,1.0,1.0,1.0,1.0,0.0,1.0,1.0
E235,S082,SP03,9,1.0,1.0,1.0,1.0,1.0,1.0,,,
E235,S082,SP03,10,1.0,1.0,1.0,1.0,1.0,1.0,,,
E235,S082,SP03,11,2.0,2.0,2.0,2.0,2.0,2.0,,,
E235,S082,SP03,12,2.0,2.0,2.0,2.0,2.0,2.0,,,
E235,S082,SP03,13,2.0,1.0,1.0,1.0,2.0,2.0,,,
E235,S082,SP03,14,2.0,2.0,2.0,2.0,2.0,2.0,,,
E235,S082,SP03,15,2.0,1.0,1.0,1.0,2.0,2.0,,,
E235,S082,SP03,16,2.0,2.0,1.0,1.0,2.0,2.0,1.0,2.0,1.0
E235,S082,SP03,17,2.0,2.0,2.0,2.0,2.0,2.0,,,
E235,S082,SP03,18,1.0,1.0,1.0,1.0,1.0,1.0,,,
E235,S082,SP03,19,1.0,1.0,1.0,1.0,1.0,1.0,,,
E235,S082,SP03,20,1.0,1.0,1.0,1.0,1.0,1.0,,,
E235,S082,SP03,21,1.0,1.0,1.0,1.0,1.0,1.0,,,
E235,S082,SP03,22,1.0,1.0,1.0,1.0,1.0,1.0,,,
E235,S082,SP03,23,1.0,1.0,1.0,1.0,1.0,1.0,,,
E235,S082,SP03,24,1.0,1.0,1.0,1.0,1.0,1.0,,,
E235,S082,SP03,25,1.0,1.0,1.0,1.0,1.0,1.0,,,
E235,S082,SP03,26,1.0,1.0,1.0,1.0,1.0,1.0,,,
E235,S082,SP03,27,1.0,1.0,1.0,1.0,1.0,1.0,,,
E235,S082,SP03,28,1.0,1.0,1.0,1.0,1.0,1.0,,,
E235,S082,SP03,29,1.0,1.0,1.0,1.0,1.0,1.0,,,
E235,S082,SP03,30,1.0,1.0,1.0,1.0,1.0,1.0,,,
E235,S082,SP03,31,1.0,1.0,1.0,1.0,1.0,1.0,,,
E235,S082,SP03,32,1.0,1.0,1.0,1.0,1.0,1.0,,,
E235,S082,SP03,33,3.0,3.0,3.0,3.0,3.0,3.0,,,
E079,S083,SP01,1,2.0,2.0,2.0,2.0,2.0,2.0,,,
E079,S083,SP01,2,3.0,3.0,3.0,3.0,3.0,3.0,,,
E079,S083,SP01,3,2.0,2.0,2.0,2.0,2.0,2.0,,,
E079,S083,SP01,4,2.0,2.0,2.0,2.0,2.0,2.0,,,
E079,S083,SP01,5,2.0,2.0,0.0,0.0,1.0,0.0,0.0,2.0,2.0
E079,S083,SP01,6,2.0,2.0,2.0,2.0,2.0,2.0,,,
E079,S083,SP01,7,2.0,2.0,2.0,2.0,2.0,2.0,,,
E079,S083,SP01,8,2.0,2.0,2.0,2.0,2.0,2.0,,,
E079,S083,SP01,9,2.0,1.0,0.0,0.0,2.0,2.0,1.0,1.0,0.5
E079,S083,SP01,10,2.0,2.0,2.0,2.0,2.0,2.0,,,
E079,S083,SP01,11,2.0,2.0,1.0,1.0,1.0,2.0,0.0,2.0,0.5
E079,S083,SP01,12,1.0,1.0,1.0,1.0,1.0,1.0,,,
E079,S083,SP01,13,1.0,1.0,1.0,1.0,1.0,1.0,,,
E079,S083,SP01,14,1.0,1.0,1.0,1.0,1.0,1.0,,,
E079,S083,SP01,15,1.0,1.0,1.0,1.0,1.0,1.0,,,
E079,S083,SP01,16,1.0,1.0,1.0,1.0,1.0,1.0,,,
E079,S083,SP01,17,1.0,1.0,1.0,1.0,1.0,1.0,,,
E079,S083,SP01,18,1.0,1.0,0.0,0.0,0.0,1.0,0.0,0.0,0.0
E079,S083,SP01,19,1.0,1.0,1.0,1.0,1.0,1.0,,,
E079,S083,SP01,20,1.0,1.0,1.0,1.0,1.0,1.0,,,
E079,S083,SP01,21,1.0,1.0,1.0,1.0,1.0,1.0,,,
E079,S083,SP01,22,1.0,1.0,1.0,1.0,1.0,1.0,,,
E079,S083,SP01,23,1.0,1.0,1.0,1.0,1.0,1.0,,,
E079,S083,SP01,24,1.0,1.0,1.0,1.0,1.0,1.0,,,
E079,S083,SP01,25,2.0,2.0,2.0,2.0,2.0,2.0,,,
E079,S083,SP01,26,1.0,1.0,1.0,1.0,1.0,1.0,,,
E079,S083,SP01,27,1.0,1.0,1.0,1.0,1.0,1.0,,,
E079,S083,SP01,28,1.0,1.0,1.0,1.0,1.0,1.0,,,
E079,S083,SP01,29,2.0,2.0,2.0,2.0,2.0,2.0,,,
E079,S083,SP01,30,2.0,2.0,2.0,2.0,2.0,2.0,,,
E079,S083,SP01,31,2.0,1.0,2.0,2.0,2.0,2.0,1.0,2.0,2.0
E079,S083,SP01,32,1.0,1.0,1.0,1.0,1.0,1.0,,,
E079,S083,SP01,33,2.0,2.0,2.0,2.0,2.0,2.0,,,
E004,S083,SP02,1,2.0,2.0,2.0,2.0,2.0,2.0,,,
E004,S083,SP02,2,3.0,3.0,3.0,3.0,3.0,3.0,,,
E004,S083,SP02,3,2.0,2.0,2.0,2.0,2.0,2.0,,,
E004,S083,SP02,4,2.0,2.0,2.0,2.0,2.0,2.0,,,
E004,S083,SP02,5,1.0,0.0,1.0,1.0,1.0,1.0,0.0,1.0,0.5
E004,S083,SP02,6,1.0,1.0,1.0,1.0,1.0,1.0,,,
E004,S083,SP02,7,2.0,2.0,2.0,2.0,2.0,2.0,,,
E004,S083,SP02,8,2.0,2.0,2.0,2.0,2.0,2.0,,,
E004,S083,SP02,9,2.0,1.0,1.0,1.0,2.0,2.0,,,
E004,S083,SP02,10,1.0,1.0,0.0,0.0,0.0,1.0,0.0,0.0,0.0
E004,S083,SP02,11,2.0,2.0,2.0,2.0,2.0,2.0,,,
E004,S083,SP02,12,2.0,0.0,1.0,1.0,1.0,2.0,0.0,0.0,1.0
E004,S083,SP02,13,2.0,0.0,0.0,0.0,0.0,2.0,,,
E004,S083,SP02,14,1.0,1.0,1.0,1.0,1.0,1.0,,,
E004,S083,SP02,15,1.0,1.0,1.0,1.0,1.0,1.0,,,
E004,S083,SP02,16,2.0,2.0,2.0,2.0,2.0,2.0,,,
E004,S083,SP02,17,1.0,1.0,1.0,1.0,1.0,1.0,,,
E004,S083,SP02,18,1.0,1.0,1.0,1.0,1.0,1.0,,,
E004,S083,SP02,19,1.0,0.0,0.0,0.0,1.0,1.0,,,
E004,S083,SP02,20,1.0,1.0,1.0,1.0,1.0,1.0,,,
E004,S083,SP02,21,1.0,1.0,1.0,1.0,1.0,1.0,,,
E004,S083,SP02,22,1.0,1.0,1.0,1.0,1.0,1.0,,,
E004,S083,SP02,23,1.0,1.0,1.0,1.0,1.0,1.0,,,
E004,S083,SP02,24,1.0,1.0,1.0,1.0,1.0,1.0,,,
E004,S083,SP02,25,1.0,1.0,1.0,1.0,1.0,1.0,,,
E004,S083,SP02,26,1.0,1.0,1.0,1.0,1.0,1.0,,,
E004,S083,SP02,27,1.0,1.0,1.0,1.0,1.0,1.0,,,
E004,S083,SP02,28,1.0,1.0,1.0,1.0,1.0,1.0,,,
E004,S083,SP02,29,1.0,1.0,1.0,1.0,1.0,1.0,,,
E004,S083,SP02,30,2.0,2.0,2.0,2.0,2.0,2.0,,,
E004,S083,SP02,31,2.0,2.0,2.0,2.0,2.0,2.0,,,
E004,S083,SP02,32,2.0,2.0,2.0,2.0,1.0,1.0,,,
E004,S083,SP02,33,1.0,1.0,1.0,1.0,1.0,1.0,,,
E004,S083,SP02,34,2.0,2.0,2.0,2.0,2.0,2.0,,,
E139,S083,SP03,1,2.0,2.0,2.0,2.0,2.0,2.0,,,
E139,S083,SP03,2,3.0,3.0,3.0,3.0,3.0,3.0,,,
E139,S083,SP03,3,3.0,3.0,3.0,3.0,3.0,3.0,,,
E139,S083,SP03,4,2.0,2.0,2.0,2.0,2.0,2.0,,,
E139,S083,SP03,5,1.0,1.0,1.0,1.0,1.0,1.0,,,
E139,S083,SP03,6,2.0,2.0,2.0,2.0,2.0,2.0,,,
E139,S083,SP03,7,2.0,2.0,2.0,2.0,2.0,2.0,,,
E139,S083,SP03,8,1.0,0.0,1.0,1.0,1.0,1.0,0.0,1.0,1.0
E139,S083,SP03,9,1.0,1.0,1.0,1.0,1.0,1.0,,,
E139,S083,SP03,10,1.0,1.0,1.0,1.0,1.0,1.0,,,
E139,S083,SP03,11,2.0,2.0,2.0,2.0,2.0,2.0,,,
E139,S083,SP03,12,2.0,2.0,2.0,2.0,2.0,2.0,,,
E139,S083,SP03,13,2.0,1.0,2.0,2.0,2.0,2.0,1.0,2.0,2.0
E139,S083,SP03,14,2.0,2.0,1.0,1.0,2.0,2.0,0.0,1.0,1.0
E139,S083,SP03,15,2.0,2.0,2.0,2.0,2.0,2.0,,,
E139,S083,SP03,16,2.0,1.0,2.0,2.0,2.0,2.0,2.0,2.0,2.0
E139,S083,SP03,17,2.0,2.0,2.0,2.0,2.0,2.0,,,
E139,S083,SP03,18,1.0,0.0,0.0,0.0,1.0,1.0,,,
E139,S083,SP03,19,1.0,1.0,1.0,1.0,1.0,1.0,,,
E139,S083,SP03,20,1.0,1.0,1.0,1.0,1.0,1.0,,,
E139,S083,SP03,21,1.0,1.0,1.0,1.0,1.0,1.0,,,
E139,S083,SP03,22,1.0,1.0,1.0,1.0,1.0,1.0,,,
E139,S083,SP03,23,1.0,1.0,1.0,1.0,1.0,1.0,,,
E139,S083,SP03,24,1.0,1.0,1.0,1.0,1.0,1.0,,,
E139,S083,SP03,25,1.0,1.0,1.0,1.0,1.0,1.0,,,
E139,S083,SP03,26,1.0,1.0,1.0,1.0,1.0,1.0,,,
E139,S083,SP03,27,1.0,1.0,1.0,1.0,1.0,1.0,,,
E139,S083,SP03,28,1.0,1.0,1.0,1.0,1.0,1.0,,,
E139,S083,SP03,29,1.0,1.0,1.0,1.0,1.0,1.0,,,
E139,S083,SP03,30,1.0,1.0,1.0,1.0,1.0,1.0,,,
E139,S083,SP03,31,1.0,1.0,1.0,1.0,1.0,1.0,,,
E139,S083,SP03,32,1.0,1.0,1.0,1.0,1.0,1.0,,,
E139,S083,SP03,33,3.0,3.0,3.0,3.0,3.0,3.0,,,
E206,S084,SP04,1,2.0,2.0,2.0,2.0,2.0,2.0,,,
E206,S084,SP04,2,3.0,3.0,3.0,3.0,3.0,3.0,,,
E206,S084,SP04,3,3.0,3.0,3.0,3.0,3.0,3.0,,,
E206,S084,SP04,4,2.0,2.0,2.0,2.0,2.0,2.0,,,
E206,S084,SP04,5,1.0,1.0,1.0,1.0,1.0,1.0,,,
E206,S084,SP04,6,1.0,1.0,1.0,1.0,1.0,1.0,,,
E206,S084,SP04,7,2.0,2.0,2.0,2.0,2.0,2.0,,,
E206,S084,SP04,8,1.0,1.0,1.0,1.0,1.0,1.0,,,
E206,S084,SP04,9,1.0,1.0,1.0,1.0,1.0,1.0,,,
E206,S084,SP04,10,1.0,1.0,1.0,1.0,1.0,1.0,,,
E206,S084,SP04,11,1.0,1.0,1.0,1.0,1.0,1.0,,,
E206,S084,SP04,12,1.0,1.0,1.0,1.0,1.0,1.0,,,
E206,S084,SP04,13,1.0,1.0,1.0,1.0,1.0,1.0,,,
E206,S084,SP04,14,1.0,1.0,1.0,1.0,1.0,1.0,,,
E206,S084,SP04,15,1.0,1.0,1.0,1.0,1.0,1.0,,,
E206,S084,SP04,16,1.0,1.0,1.0,1.0,1.0,1.0,,,
E206,S084,SP04,17,1.0,0.0,0.0,0.0,1.0,0.0,,,
E206,S084,SP04,18,1.0,0.0,0.0,0.0,1.0,1.0,,,
E206,S084,SP04,19,1.0,1.0,1.0,1.0,1.0,1.0,,,
E206,S084,SP04,20,1.0,1.0,1.0,1.0,1.0,1.0,,,
E206,S084,SP04,21,2.0,2.0,2.0,2.0,2.0,2.0,,,
E206,S084,SP04,22,1.0,1.0,1.0,1.0,1.0,1.0,,,
E206,S084,SP04,23,1.0,1.0,1.0,1.0,1.0,1.0,,,
E206,S084,SP04,24,1.0,1.0,1.0,1.0,1.0,1.0,,,
E206,S084,SP04,25,1.0,1.0,1.0,1.0,1.0,1.0,,,
E206,S084,SP04,26,1.0,1.0,1.0,1.0,1.0,1.0,,,
E206,S084,SP04,27,1.0,1.0,1.0,1.0,1.0,1.0,,,
E206,S084,SP04,28,1.0,1.0,1.0,1.0,1.0,1.0,,,
E206,S084,SP04,29,1.0,1.0,1.0,1.0,1.0,1.0,,,
E206,S084,SP04,30,2.0,2.0,2.0,2.0,2.0,2.0,,,
E206,S084,SP04,31,1.0,1.0,1.0,1.0,1.0,1.0,,,
E206,S084,SP04,32,1.0,1.0,1.0,1.0,1.0,1.0,,,
E206,S084,SP04,33,1.0,1.0,1.0,1.0,1.0,1.0,,,
E206,S084,SP04,34,1.0,1.0,1.0,1.0,1.0,1.0,,,
E206,S084,SP04,35,1.0,1.0,1.0,1.0,1.0,1.0,,,
E206,S084,SP04,36,2.0,2.0,2.0,2.0,2.0,2.0,,,
E206,S084,SP04,37,1.0,1.0,1.0,1.0,1.0,1.0,,,
E206,S084,SP04,38,1.0,1.0,1.0,1.0,1.0,1.0,,,
E206,S084,SP04,39,2.0,2.0,2.0,2.0,2.0,2.0,,,
E092,S084,SP05,1,2.0,2.0,2.0,2.0,2.0,2.0,,,
E092,S084,SP05,2,3.0,3.0,3.0,3.0,3.0,3.0,,,
E092,S084,SP05,3,3.0,3.0,3.0,3.0,3.0,3.0,,,
E092,S084,SP05,4,2.0,2.0,2.0,2.0,2.0,2.0,,,
E092,S084,SP05,5,1.0,1.0,1.0,1.0,1.0,1.0,,,
E092,S084,SP05,6,1.0,1.0,1.0,1.0,1.0,1.0,,,
E092,S084,SP05,7,1.0,1.0,1.0,1.0,1.0,1.0,,,
E092,S084,SP05,8,1.0,1.0,1.0,1.0,1.0,1.0,,,
E092,S084,SP05,9,1.0,1.0,1.0,1.0,1.0,1.0,,,
E092,S084,SP05,10,1.0,1.0,1.0,1.0,1.0,1.0,,,
E092,S084,SP05,11,1.0,1.0,1.0,1.0,1.0,1.0,,,
E092,S084,SP05,12,1.0,1.0,1.0,1.0,1.0,1.0,,,
E092,S084,SP05,13,1.0,1.0,1.0,1.0,1.0,1.0,,,
E092,S084,SP05,14,1.0,1.0,1.0,1.0,1.0,1.0,,,
E092,S084,SP05,15,1.0,1.0,1.0,1.0,1.0,1.0,,,
E092,S084,SP05,16,1.0,1.0,1.0,1.0,1.0,1.0,,,
E092,S084,SP05,17,1.0,1.0,1.0,1.0,1.0,1.0,,,
E092,S084,SP05,18,1.0,1.0,1.0,1.0,1.0,1.0,,,
E092,S084,SP05,19,1.0,1.0,1.0,1.0,1.0,1.0,,,
E092,S084,SP05,20,1.0,1.0,0.0,0.0,1.0,1.0,0.0,1.0,0.0
E092,S084,SP05,21,1.0,1.0,1.0,1.0,1.0,1.0,,,
E092,S084,SP05,22,1.0,0.0,0.0,0.0,1.0,0.0,,,
E092,S084,SP05,23,1.0,0.0,1.0,1.0,1.0,1.0,0.5,1.0,0.5
E092,S084,SP05,24,1.0,1.0,1.0,1.0,1.0,1.0,,,
E092,S084,SP05,25,1.0,1.0,1.0,1.0,1.0,1.0,,,
E092,S084,SP05,26,1.0,1.0,1.0,1.0,1.0,1.0,,,
E092,S084,SP05,27,1.0,1.0,1.0,1.0,1.0,1.0,,,
E092,S084,SP05,28,1.0,1.0,1.0,1.0,1.0,1.0,,,
E092,S084,SP05,29,1.0,1.0,1.0,1.0,1.0,1.0,,,
E092,S084,SP05,30,1.0,1.0,1.0,1.0,1.0,1.0,,,
E092,S084,SP05,31,1.0,1.0,1.0,1.0,1.0,1.0,,,
E092,S084,SP05,32,1.0,1.0,1.0,1.0,1.0,1.0,,,
E092,S084,SP05,33,2.0,2.0,2.0,2.0,2.0,2.0,,,
E092,S084,SP05,34,1.0,1.0,1.0,1.0,1.0,1.0,,,
E092,S084,SP05,35,1.0,1.0,1.0,1.0,1.0,1.0,,,
E092,S084,SP05,36,1.0,1.0,1.0,1.0,1.0,1.0,,,
E092,S084,SP05,37,1.0,1.0,1.0,1.0,1.0,1.0,,,
E092,S084,SP05,38,2.0,2.0,2.0,2.0,2.0,2.0,,,
E092,S084,SP05,39,2.0,2.0,2.0,2.0,2.0,1.0,,,
E092,S084,SP05,40,2.0,2.0,2.0,2.0,2.0,2.0,,,
E070,S084,SP06,1,2.0,2.0,2.0,2.0,2.0,2.0,,,
E070,S084,SP06,2,4.0,4.0,4.0,4.0,4.0,4.0,,,
E070,S084,SP06,3,3.0,3.0,3.0,3.0,3.0,3.0,,,
E070,S084,SP06,4,2.0,2.0,2.0,2.0,2.0,2.0,,,
E070,S084,SP06,5,2.0,2.0,2.0,2.0,2.0,2.0,,,
E070,S084,SP06,6,2.0,2.0,2.0,2.0,2.0,2.0,,,
E070,S084,SP06,7,1.0,1.0,1.0,1.0,1.0,1.0,,,
E070,S084,SP06,8,1.0,1.0,1.0,1.0,1.0,1.0,,,
E070,S084,SP06,9,2.0,2.0,2.0,2.0,2.0,2.0,,,
E070,S084,SP06,10,2.0,2.0,2.0,2.0,2.0,2.0,,,
E070,S084,SP06,11,2.0,0.0,2.0,2.0,2.0,2.0,0.0,2.0,1.0
E070,S084,SP06,12,1.0,1.0,1.0,1.0,1.0,1.0,,,
E070,S084,SP06,13,1.0,1.0,0.0,0.0,0.0,0.0,0.0,0.0,0.0
E070,S084,SP06,14,1.0,0.0,1.0,1.0,1.0,1.0,1.0,1.0,1.0
E070,S084,SP06,15,1.0,0.0,0.0,0.0,0.0,0.0,,,
E070,S084,SP06,16,1.0,1.0,1.0,1.0,1.0,1.0,,,
E070,S084,SP06,17,1.0,1.0,1.0,1.0,1.0,1.0,,,
E070,S084,SP06,18,1.0,1.0,1.0,1.0,1.0,1.0,,,
E070,S084,SP06,19,1.0,1.0,1.0,1.0,1.0,1.0,,,
E070,S084,SP06,20,1.0,1.0,1.0,1.0,1.0,1.0,,,
E070,S084,SP06,21,1.0,1.0,1.0,1.0,1.0,1.0,,,
E070,S084,SP06,22,1.0,1.0,1.0,1.0,1.0,1.0,,,
E070,S084,SP06,23,1.0,1.0,1.0,1.0,1.0,1.0,,,
E070,S084,SP06,24,1.0,1.0,1.0,1.0,1.0,1.0,,,
E070,S084,SP06,25,1.0,1.0,1.0,1.0,1.0,1.0,,,
E070,S084,SP06,26,1.0,1.0,1.0,1.0,1.0,1.0,,,
E070,S084,SP06,27,1.0,1.0,1.0,1.0,1.0,1.0,,,
E070,S084,SP06,28,1.0,1.0,1.0,1.0,1.0,1.0,,,
E070,S084,SP06,29,1.0,1.0,1.0,1.0,1.0,1.0,,,
E070,S084,SP06,30,1.0,1.0,1.0,1.0,1.0,1.0,,,
E070,S084,SP06,31,1.0,1.0,1.0,1.0,1.0,1.0,,,
E070,S084,SP06,32,1.0,1.0,1.0,1.0,1.0,1.0,,,
E070,S084,SP06,33,1.0,1.0,1.0,1.0,1.0,1.0,,,
E070,S084,SP06,34,2.0,2.0,2.0,2.0,2.0,2.0,,,
E070,S084,SP06,35,1.0,1.0,1.0,1.0,1.0,1.0,,,
E070,S084,SP06,36,2.0,2.0,2.0,2.0,2.0,2.0,,,
E049,S085,SP01,1,2.0,2.0,2.0,2.0,2.0,2.0,,,
E049,S085,SP01,2,3.0,3.0,3.0,3.0,3.0,3.0,,,
E049,S085,SP01,3,2.0,2.0,2.0,2.0,2.0,2.0,,,
E049,S085,SP01,4,2.0,2.0,2.0,2.0,2.0,2.0,,,
E049,S085,SP01,5,2.0,2.0,2.0,2.0,2.0,2.0,,,
E049,S085,SP01,6,2.0,2.0,2.0,2.0,2.0,2.0,,,
E049,S085,SP01,7,2.0,2.0,2.0,2.0,2.0,2.0,,,
E049,S085,SP01,8,2.0,2.0,2.0,2.0,2.0,2.0,,,
E049,S085,SP01,9,2.0,0.0,0.0,0.0,2.0,2.0,,,
E049,S085,SP01,10,2.0,1.5,1.0,1.0,2.0,2.0,1.0,2.0,1.0
E049,S085,SP01,11,2.0,1.5,1.0,1.0,2.0,2.0,1.0,2.0,1.5
E049,S085,SP01,12,1.0,1.0,1.0,1.0,1.0,1.0,,,
E049,S085,SP01,13,1.0,1.0,1.0,1.0,1.0,1.0,,,
E049,S085,SP01,14,1.0,1.0,1.0,1.0,1.0,1.0,,,
E049,S085,SP01,15,1.0,1.0,1.0,1.0,1.0,1.0,,,
E049,S085,SP01,16,1.0,1.0,1.0,1.0,1.0,1.0,,,
E049,S085,SP01,17,1.0,1.0,1.0,1.0,1.0,1.0,,,
E049,S085,SP01,18,1.0,1.0,0.0,0.0,1.0,1.0,0.0,1.0,0.0
E049,S085,SP01,19,1.0,1.0,1.0,1.0,1.0,1.0,,,
E049,S085,SP01,20,1.0,1.0,1.0,1.0,1.0,1.0,,,
E049,S085,SP01,21,1.0,1.0,1.0,1.0,1.0,1.0,,,
E049,S085,SP01,22,1.0,1.0,1.0,1.0,1.0,1.0,,,
E049,S085,SP01,23,1.0,1.0,0.0,0.0,1.0,1.0,0.0,0.0,0.0
E049,S085,SP01,24,1.0,1.0,1.0,1.0,1.0,1.0,,,
E049,S085,SP01,25,2.0,2.0,2.0,2.0,2.0,2.0,,,
E049,S085,SP01,26,1.0,1.0,1.0,1.0,1.0,1.0,,,
E049,S085,SP01,27,1.0,1.0,1.0,1.0,1.0,1.0,,,
E049,S085,SP01,28,1.0,1.0,1.0,1.0,1.0,1.0,,,
E049,S085,SP01,29,2.0,2.0,2.0,2.0,2.0,2.0,,,
E049,S085,SP01,30,2.0,2.0,2.0,2.0,2.0,2.0,,,
E049,S085,SP01,31,2.0,2.0,2.0,2.0,2.0,2.0,,,
E049,S085,SP01,32,1.0,1.0,1.0,1.0,1.0,1.0,,,
E049,S085,SP01,33,2.0,2.0,2.0,2.0,2.0,2.0,,,
E196,S085,SP02,1,2.0,2.0,2.0,2.0,2.0,2.0,,,
E196,S085,SP02,2,3.0,3.0,3.0,3.0,3.0,3.0,,,
E196,S085,SP02,3,2.0,2.0,2.0,2.0,2.0,2.0,,,
E196,S085,SP02,4,2.0,2.0,2.0,2.0,2.0,2.0,,,
E196,S085,SP02,5,1.0,1.0,1.0,1.0,1.0,1.0,,,
E196,S085,SP02,6,1.0,1.0,1.0,1.0,1.0,1.0,,,
E196,S085,SP02,7,2.0,2.0,2.0,2.0,2.0,2.0,,,
E196,S085,SP02,8,2.0,2.0,2.0,2.0,2.0,2.0,,,
E196,S085,SP02,9,2.0,2.0,2.0,2.0,2.0,2.0,,,
E196,S085,SP02,10,1.0,1.0,1.0,1.0,1.0,1.0,,,
E196,S085,SP02,11,2.0,2.0,2.0,2.0,2.0,2.0,,,
E196,S085,SP02,12,2.0,2.0,2.0,2.0,2.0,2.0,,,
E196,S085,SP02,13,2.0,0.0,0.0,0.0,2.0,2.0,,,
E196,S085,SP02,14,1.0,0.0,0.0,0.0,1.0,1.0,,,
E196,S085,SP02,15,1.0,1.0,1.0,1.0,1.0,1.0,,,
E196,S085,SP02,16,2.0,2.0,2.0,2.0,2.0,2.0,,,
E196,S085,SP02,17,1.0,1.0,1.0,1.0,1.0,1.0,,,
E196,S085,SP02,18,1.0,1.0,1.0,1.0,1.0,1.0,,,
E196,S085,SP02,19,1.0,1.0,1.0,1.0,1.0,1.0,,,
E196,S085,SP02,20,1.0,1.0,1.0,1.0,1.0,1.0,,,
E196,S085,SP02,21,1.0,1.0,1.0,1.0,1.0,1.0,,,
E196,S085,SP02,22,1.0,1.0,1.0,1.0,1.0,1.0,,,
E196,S085,SP02,23,1.0,1.0,1.0,1.0,1.0,1.0,,,
E196,S085,SP02,24,1.0,1.0,1.0,1.0,1.0,1.0,,,
E196,S085,SP02,25,1.0,1.0,1.0,1.0,1.0,1.0,,,
E196,S085,SP02,26,1.0,1.0,1.0,1.0,1.0,1.0,,,
E196,S085,SP02,27,1.0,1.0,1.0,1.0,1.0,1.0,,,
E196,S085,SP02,28,1.0,1.0,1.0,1.0,1.0,1.0,,,
E196,S085,SP02,29,1.0,1.0,1.0,1.0,1.0,1.0,,,
E196,S085,SP02,30,2.0,2.0,2.0,2.0,2.0,2.0,,,
E196,S085,SP02,31,2.0,2.0,2.0,2.0,2.0,2.0,,,
E196,S085,SP02,32,2.0,2.0,2.0,2.0,2.0,2.0,,,
E196,S085,SP02,33,1.0,1.0,1.0,1.0,1.0,1.0,,,
E196,S085,SP02,34,2.0,2.0,2.0,2.0,2.0,2.0,,,
E024,S086,SP04,1,2.0,2.0,2.0,2.0,2.0,2.0,,,
E024,S086,SP04,2,3.0,3.0,3.0,3.0,3.0,3.0,,,
E024,S086,SP04,3,3.0,3.0,3.0,3.0,3.0,3.0,,,
E024,S086,SP04,4,2.0,2.0,2.0,2.0,2.0,2.0,,,
E024,S086,SP04,5,1.0,1.0,1.0,1.0,1.0,1.0,,,
E024,S086,SP04,6,1.0,1.0,1.0,1.0,1.0,1.0,,,
E024,S086,SP04,7,2.0,2.0,2.0,2.0,2.0,2.0,,,
E024,S086,SP04,8,1.0,1.0,1.0,1.0,1.0,1.0,,,
E024,S086,SP04,9,1.0,0.5,1.0,1.0,1.0,1.0,0.0,1.0,1.0
E024,S086,SP04,10,1.0,1.0,1.0,1.0,1.0,1.0,,,
E024,S086,SP04,11,1.0,1.0,1.0,1.0,1.0,1.0,,,
E024,S086,SP04,12,1.0,0.0,1.0,1.0,1.0,1.0,0.0,0.0,0.0
E024,S086,SP04,13,1.0,0.0,1.0,1.0,1.0,1.0,1.0,1.0,1.0
E024,S086,SP04,14,1.0,1.0,1.0,1.0,1.0,1.0,,,
E024,S086,SP04,15,1.0,1.0,0.0,0.0,0.0,0.0,0.0,0.0,0.0
E024,S086,SP04,16,1.0,0.0,0.0,0.0,1.0,0.0,,,
E024,S086,SP04,17,1.0,0.0,0.0,0.0,0.0,0.0,,,
E024,S086,SP04,18,1.0,0.0,0.0,0.0,1.0,0.0,,,
E024,S086,SP04,19,1.0,1.0,1.0,1.0,1.0,1.0,,,
E024,S086,SP04,20,1.0,1.0,1.0,1.0,1.0,1.0,,,
E024,S086,SP04,21,2.0,2.0,2.0,2.0,2.0,2.0,,,
E024,S086,SP04,22,1.0,1.0,1.0,1.0,1.0,1.0,,,
E024,S086,SP04,23,1.0,1.0,1.0,1.0,1.0,1.0,,,
E024,S086,SP04,24,1.0,1.0,1.0,1.0,1.0,1.0,,,
E024,S086,SP04,25,1.0,1.0,1.0,1.0,1.0,1.0,,,
E024,S086,SP04,26,1.0,1.0,1.0,1.0,1.0,1.0,,,
E024,S086,SP04,27,1.0,1.0,1.0,1.0,1.0,1.0,,,
E024,S086,SP04,28,1.0,1.0,1.0,1.0,1.0,1.0,,,
E024,S086,SP04,29,1.0,1.0,1.0,1.0,1.0,1.0,,,
E024,S086,SP04,30,2.0,2.0,2.0,2.0,2.0,2.0,,,
E024,S086,SP04,31,1.0,1.0,1.0,1.0,1.0,1.0,,,
E024,S086,SP04,32,1.0,1.0,1.0,1.0,1.0,1.0,,,
E024,S086,SP04,33,1.0,1.0,1.0,1.0,1.0,1.0,,,
E024,S086,SP04,34,1.0,1.0,1.0,1.0,1.0,1.0,,,
E024,S086,SP04,35,1.0,1.0,0.0,0.0,1.0,0.0,0.0,0.0,0.0
E024,S086,SP04,36,2.0,2.0,2.0,2.0,2.0,2.0,,,
E024,S086,SP04,37,1.0,1.0,1.0,1.0,1.0,1.0,,,
E024,S086,SP04,38,1.0,1.0,1.0,1.0,0.0,0.0,,,
E024,S086,SP04,39,2.0,2.0,2.0,2.0,2.0,2.0,,,
E148,S086,SP05,1,2.0,2.0,2.0,2.0,2.0,2.0,,,
E148,S086,SP05,2,3.0,3.0,3.0,3.0,3.0,3.0,,,
E148,S086,SP05,3,3.0,3.0,3.0,3.0,3.0,3.0,,,
E148,S086,SP05,4,2.0,2.0,2.0,2.0,2.0,2.0,,,
E148,S086,SP05,5,1.0,1.0,1.0,1.0,1.0,1.0,,,
E148,S086,SP05,6,1.0,1.0,0.0,0.0,1.0,1.0,0.0,0.0,0.5
E148,S086,SP05,7,1.0,1.0,1.0,1.0,1.0,1.0,,,
E148,S086,SP05,8,1.0,1.0,1.0,1.0,1.0,1.0,,,
E148,S086,SP05,9,1.0,1.0,1.0,1.0,1.0,1.0,,,
E148,S086,SP05,10,1.0,1.0,1.0,1.0,1.0,1.0,,,
E148,S086,SP05,11,1.0,1.0,1.0,1.0,1.0,1.0,,,
E148,S086,SP05,12,1.0,1.0,1.0,1.0,1.0,1.0,,,
E148,S086,SP05,13,1.0,1.0,1.0,1.0,1.0,1.0,,,
E148,S086,SP05,14,1.0,0.0,0.0,0.0,1.0,0.0,,,
E148,S086,SP05,15,1.0,1.0,1.0,1.0,1.0,1.0,,,
E148,S086,SP05,16,1.0,1.0,1.0,1.0,0.0,1.0,,,
E148,S086,SP05,17,1.0,1.0,1.0,1.0,1.0,1.0,,,
E148,S086,SP05,18,1.0,1.0,1.0,1.0,1.0,1.0,,,
E148,S086,SP05,19,1.0,1.0,0.0,0.0,1.0,0.0,0.0,1.0,0.0
E148,S086,SP05,20,1.0,1.0,1.0,1.0,1.0,1.0,,,
E148,S086,SP05,21,1.0,1.0,1.0,1.0,1.0,1.0,,,
E148,S086,SP05,22,1.0,0.0,0.0,0.0,1.0,0.0,,,
E148,S086,SP05,23,1.0,1.0,1.0,1.0,1.0,1.0,,,
E148,S086,SP05,24,1.0,1.0,1.0,1.0,1.0,1.0,,,
E148,S086,SP05,25,1.0,1.0,1.0,1.0,1.0,1.0,,,
E148,S086,SP05,26,1.0,1.0,1.0,1.0,1.0,1.0,,,
E148,S086,SP05,27,1.0,1.0,1.0,1.0,1.0,1.0,,,
E148,S086,SP05,28,1.0,1.0,1.0,1.0,1.0,1.0,,,
E148,S086,SP05,29,1.0,0.0,0.0,0.0,1.0,0.0,,,
E148,S086,SP05,30,1.0,1.0,1.0,1.0,1.0,1.0,,,
E148,S086,SP05,31,1.0,1.0,1.0,1.0,1.0,1.0,,,
E148,S086,SP05,32,1.0,1.0,1.0,1.0,1.0,1.0,,,
E148,S086,SP05,33,2.0,2.0,2.0,2.0,2.0,2.0,,,
E148,S086,SP05,34,1.0,1.0,1.0,1.0,1.0,1.0,,,
E148,S086,SP05,35,1.0,1.0,1.0,1.0,1.0,1.0,,,
E148,S086,SP05,36,1.0,1.0,1.0,1.0,1.0,1.0,,,
E148,S086,SP05,37,1.0,1.0,1.0,1.0,1.0,1.0,,,
E148,S086,SP05,38,2.0,2.0,2.0,2.0,2.0,2.0,,,
E148,S086,SP05,39,2.0,2.0,2.0,2.0,2.0,2.0,,,
E148,S086,SP05,40,2.0,2.0,2.0,2.0,2.0,2.0,,,
E110,S087,SP01,1,2.0,2.0,2.0,2.0,2.0,2.0,,,
E110,S087,SP01,2,3.0,3.0,3.0,3.0,3.0,3.0,,,
E110,S087,SP01,3,2.0,2.0,2.0,2.0,2.0,2.0,,,
E110,S087,SP01,4,2.0,2.0,2.0,2.0,2.0,2.0,,,
E110,S087,SP01,5,2.0,2.0,2.0,2.0,2.0,2.0,,,
E110,S087,SP01,6,2.0,2.0,2.0,2.0,2.0,2.0,,,
E110,S087,SP01,7,2.0,2.0,2.0,2.0,2.0,2.0,,,
E110,S087,SP01,8,2.0,2.0,2.0,2.0,2.0,2.0,,,
E110,S087,SP01,9,2.0,2.0,2.0,2.0,2.0,2.0,,,
E110,S087,SP01,10,2.0,0.0,2.0,2.0,2.0,2.0,1.0,2.0,0.0
E110,S087,SP01,11,2.0,2.0,2.0,2.0,2.0,2.0,,,
E110,S087,SP01,12,1.0,1.0,1.0,1.0,1.0,1.0,,,
E110,S087,SP01,13,1.0,1.0,1.0,1.0,1.0,1.0,,,
E110,S087,SP01,14,1.0,1.0,1.0,1.0,1.0,1.0,,,
E110,S087,SP01,15,1.0,1.0,1.0,1.0,1.0,1.0,,,
E110,S087,SP01,16,1.0,1.0,1.0,1.0,1.0,1.0,,,
E110,S087,SP01,17,1.0,1.0,1.0,1.0,1.0,1.0,,,
E110,S087,SP01,18,1.0,1.0,0.0,0.0,1.0,1.0,1.0,1.0,0.0
E110,S087,SP01,19,1.0,1.0,1.0,1.0,1.0,1.0,,,
E110,S087,SP01,20,1.0,1.0,1.0,1.0,1.0,0.0,,,
E110,S087,SP01,21,1.0,0.0,0.0,0.0,0.0,0.0,,,
E110,S087,SP01,22,1.0,0.0,0.0,0.0,0.0,0.0,,,
E110,S087,SP01,23,1.0,1.0,1.0,1.0,1.0,1.0,,,
E110,S087,SP01,24,1.0,1.0,1.0,1.0,1.0,1.0,,,
E110,S087,SP01,25,2.0,2.0,0.0,0.0,0.0,2.0,0.0,0.0,0.0
E110,S087,SP01,26,1.0,1.0,1.0,1.0,1.0,1.0,,,
E110,S087,SP01,27,1.0,1.0,1.0,1.0,1.0,1.0,,,
E110,S087,SP01,28,1.0,1.0,1.0,1.0,1.0,1.0,,,
E110,S087,SP01,29,2.0,2.0,2.0,2.0,2.0,2.0,,,
E110,S087,SP01,30,2.0,2.0,2.0,2.0,2.0,2.0,,,
E110,S087,SP01,31,2.0,2.0,2.0,2.0,2.0,2.0,,,
E110,S087,SP01,32,1.0,1.0,1.0,1.0,1.0,1.0,,,
E110,S087,SP01,33,2.0,2.0,2.0,2.0,2.0,2.0,,,
E146,S087,SP02,1,2.0,2.0,2.0,2.0,2.0,2.0,,,
E146,S087,SP02,2,3.0,3.0,3.0,3.0,3.0,3.0,,,
E146,S087,SP02,3,2.0,2.0,2.0,2.0,2.0,2.0,,,
E146,S087,SP02,4,2.0,2.0,2.0,2.0,2.0,2.0,,,
E146,S087,SP02,5,1.0,1.0,1.0,1.0,1.0,1.0,,,
E146,S087,SP02,6,1.0,1.0,1.0,1.0,1.0,1.0,,,
E146,S087,SP02,7,2.0,2.0,2.0,2.0,2.0,2.0,,,
E146,S087,SP02,8,2.0,2.0,2.0,2.0,2.0,2.0,,,
E146,S087,SP02,9,2.0,2.0,2.0,2.0,2.0,2.0,,,
E146,S087,SP02,10,1.0,0.0,0.0,0.0,1.0,1.0,,,
E146,S087,SP02,11,2.0,2.0,2.0,2.0,2.0,2.0,,,
E146,S087,SP02,12,2.0,1.0,1.0,1.0,2.0,2.0,,,
E146,S087,SP02,13,2.0,2.0,1.0,1.0,2.0,2.0,2.0,2.0,1.0
E146,S087,SP02,14,1.0,0.0,1.0,1.0,1.0,1.0,0.0,1.0,0.5
E146,S087,SP02,15,1.0,1.0,1.0,1.0,1.0,1.0,,,
E146,S087,SP02,16,2.0,2.0,2.0,2.0,2.0,2.0,,,
E146,S087,SP02,17,1.0,1.0,1.0,1.0,1.0,1.0,,,
E146,S087,SP02,18,1.0,1.0,1.0,1.0,1.0,1.0,,,
E146,S087,SP02,19,1.0,1.0,0.0,0.0,1.0,1.0,0.0,0.0,0.0
E146,S087,SP02,20,1.0,1.0,0.0,0.0,1.0,1.0,0.0,0.0,0.0
E146,S087,SP02,21,1.0,1.0,0.0,0.0,1.0,1.0,0.0,0.0,0.0
E146,S087,SP02,22,1.0,1.0,1.0,1.0,1.0,1.0,,,
E146,S087,SP02,23,1.0,1.0,1.0,1.0,1.0,1.0,,,
E146,S087,SP02,24,1.0,1.0,1.0,1.0,1.0,1.0,,,
E146,S087,SP02,25,1.0,1.0,1.0,1.0,1.0,1.0,,,
E146,S087,SP02,26,1.0,1.0,1.0,1.0,1.0,1.0,,,
E146,S087,SP02,27,1.0,1.0,1.0,1.0,1.0,1.0,,,
E146,S087,SP02,28,1.0,1.0,1.0,1.0,1.0,1.0,,,
E146,S087,SP02,29,1.0,1.0,1.0,1.0,1.0,1.0,,,
E146,S087,SP02,30,2.0,2.0,2.0,2.0,2.0,2.0,,,
E146,S087,SP02,31,2.0,2.0,2.0,2.0,2.0,2.0,,,
E146,S087,SP02,32,2.0,2.0,2.0,2.0,2.0,2.0,,,
E146,S087,SP02,33,1.0,1.0,1.0,1.0,1.0,1.0,,,
E146,S087,SP02,34,2.0,2.0,2.0,2.0,2.0,2.0,,,
E151,S087,SP03,1,2.0,2.0,2.0,2.0,2.0,2.0,,,
E151,S087,SP03,2,3.0,3.0,3.0,3.0,3.0,3.0,,,
E151,S087,SP03,3,3.0,3.0,3.0,3.0,3.0,3.0,,,
E151,S087,SP03,4,2.0,2.0,2.0,2.0,2.0,2.0,,,
E151,S087,SP03,5,1.0,1.0,1.0,1.0,1.0,1.0,,,
E151,S087,SP03,6,2.0,2.0,2.0,2.0,2.0,2.0,,,
E151,S087,SP03,7,2.0,2.0,2.0,2.0,2.0,2.0,,,
E151,S087,SP03,8,1.0,1.0,1.0,1.0,1.0,1.0,,,
E151,S087,SP03,9,1.0,1.0,1.0,1.0,1.0,1.0,,,
E151,S087,SP03,10,1.0,1.0,1.0,1.0,1.0,1.0,,,
E151,S087,SP03,11,2.0,2.0,2.0,2.0,2.0,2.0,,,
E151,S087,SP03,12,2.0,2.0,2.0,2.0,2.0,2.0,,,
E151,S087,SP03,13,2.0,0.0,0.0,0.0,2.0,2.0,,,
E151,S087,SP03,14,2.0,2.0,2.0,2.0,2.0,2.0,,,
E151,S087,SP03,15,2.0,1.0,1.0,1.0,2.0,2.0,,,
E151,S087,SP03,16,2.0,2.0,2.0,2.0,2.0,2.0,,,
E151,S087,SP03,17,2.0,2.0,2.0,2.0,2.0,2.0,,,
E151,S087,SP03,18,1.0,1.0,0.0,0.0,1.0,1.0,0.0,0.0,1.0
E151,S087,SP03,19,1.0,1.0,0.0,0.0,1.0,1.0,0.0,0.0,0.0
E151,S087,SP03,20,1.0,1.0,0.0,0.0,0.0,1.0,0.0,0.0,0.0
E151,S087,SP03,21,1.0,1.0,1.0,1.0,1.0,1.0,,,
E151,S087,SP03,22,1.0,1.0,1.0,1.0,1.0,1.0,,,
E151,S087,SP03,23,1.0,0.0,0.0,0.0,0.0,1.0,,,
E151,S087,SP03,24,1.0,1.0,1.0,1.0,1.0,1.0,,,
E151,S087,SP03,25,1.0,1.0,1.0,1.0,1.0,1.0,,,
E151,S087,SP03,26,1.0,1.0,1.0,1.0,1.0,1.0,,,
E151,S087,SP03,27,1.0,1.0,0.0,0.0,1.0,1.0,1.0,1.0,1.0
E151,S087,SP03,28,1.0,1.0,1.0,1.0,1.0,1.0,,,
E151,S087,SP03,29,1.0,1.0,1.0,1.0,1.0,1.0,,,
E151,S087,SP03,30,1.0,1.0,1.0,1.0,1.0,1.0,,,
E151,S087,SP03,31,1.0,1.0,1.0,1.0,1.0,1.0,,,
E151,S087,SP03,32,1.0,1.0,1.0,1.0,1.0,1.0,,,
E151,S087,SP03,33,3.0,3.0,3.0,3.0,3.0,3.0,,,
E056,S088,SP04,1,2.0,2.0,2.0,2.0,2.0,2.0,,,
E056,S088,SP04,2,3.0,3.0,3.0,3.0,3.0,3.0,,,
E056,S088,SP04,3,3.0,3.0,3.0,3.0,3.0,3.0,,,
E056,S088,SP04,4,2.0,2.0,2.0,2.0,2.0,2.0,,,
E056,S088,SP04,5,1.0,1.0,1.0,1.0,1.0,1.0,,,
E056,S088,SP04,6,1.0,1.0,1.0,1.0,1.0,1.0,,,
E056,S088,SP04,7,2.0,2.0,2.0,2.0,2.0,2.0,,,
E056,S088,SP04,8,1.0,0.0,0.0,0.0,1.0,1.0,,,
E056,S088,SP04,9,1.0,0.5,1.0,1.0,1.0,1.0,0.0,1.0,1.0
E056,S088,SP04,10,1.0,1.0,1.0,1.0,1.0,1.0,,,
E056,S088,SP04,11,1.0,1.0,1.0,1.0,1.0,1.0,,,
E056,S088,SP04,12,1.0,0.0,0.0,0.0,1.0,1.0,,,
E056,S088,SP04,13,1.0,1.0,1.0,1.0,1.0,1.0,,,
E056,S088,SP04,14,1.0,1.0,1.0,1.0,1.0,1.0,,,
E056,S088,SP04,15,1.0,0.0,0.0,0.0,1.0,0.0,,,
E056,S088,SP04,16,1.0,0.0,0.0,0.0,1.0,1.0,,,
E056,S088,SP04,17,1.0,1.0,1.0,1.0,1.0,1.0,,,
E056,S088,SP04,18,1.0,0.0,1.0,1.0,1.0,1.0,0.0,0.0,1.0
E056,S088,SP04,19,1.0,1.0,1.0,1.0,1.0,1.0,,,
E056,S088,SP04,20,1.0,1.0,1.0,1.0,1.0,1.0,,,
E056,S088,SP04,21,2.0,2.0,2.0,2.0,2.0,2.0,,,
E056,S088,SP04,22,1.0,1.0,1.0,1.0,1.0,1.0,,,
E056,S088,SP04,23,1.0,1.0,1.0,1.0,1.0,1.0,,,
E056,S088,SP04,24,1.0,1.0,1.0,1.0,1.0,1.0,,,
E056,S088,SP04,25,1.0,1.0,1.0,1.0,1.0,1.0,,,
E056,S088,SP04,26,1.0,1.0,1.0,1.0,1.0,1.0,,,
E056,S088,SP04,27,1.0,1.0,1.0,1.0,1.0,1.0,,,
E056,S088,SP04,28,1.0,1.0,1.0,1.0,1.0,1.0,,,
E056,S088,SP04,29,1.0,1.0,1.0,1.0,1.0,1.0,,,
E056,S088,SP04,30,2.0,2.0,2.0,2.0,2.0,2.0,,,
E056,S088,SP04,31,1.0,1.0,1.0,1.0,1.0,1.0,,,
E056,S088,SP04,32,1.0,1.0,1.0,1.0,1.0,1.0,,,
E056,S088,SP04,33,1.0,1.0,1.0,1.0,1.0,1.0,,,
E056,S088,SP04,34,1.0,1.0,1.0,1.0,1.0,1.0,,,
E056,S088,SP04,35,1.0,0.0,0.0,0.0,1.0,1.0,,,
E056,S088,SP04,36,2.0,2.0,2.0,2.0,2.0,2.0,,,
E056,S088,SP04,37,1.0,1.0,1.0,1.0,1.0,1.0,,,
E056,S088,SP04,38,1.0,1.0,1.0,1.0,1.0,1.0,,,
E056,S088,SP04,39,2.0,2.0,2.0,2.0,2.0,2.0,,,
E187,S088,SP05,1,2.0,2.0,2.0,2.0,2.0,2.0,,,
E187,S088,SP05,2,3.0,3.0,3.0,3.0,3.0,3.0,,,
E187,S088,SP05,3,3.0,3.0,3.0,3.0,3.0,3.0,,,
E187,S088,SP05,4,2.0,2.0,2.0,2.0,2.0,2.0,,,
E187,S088,SP05,5,1.0,1.0,1.0,1.0,1.0,1.0,,,
E187,S088,SP05,6,1.0,0.0,1.0,1.0,1.0,1.0,0.0,0.0,0.5
E187,S088,SP05,7,1.0,1.0,1.0,1.0,1.0,1.0,,,
E187,S088,SP05,8,1.0,0.0,0.0,0.0,1.0,0.0,,,
E187,S088,SP05,9,1.0,1.0,1.0,1.0,1.0,1.0,,,
E187,S088,SP05,10,1.0,1.0,1.0,1.0,1.0,1.0,,,
E187,S088,SP05,11,1.0,1.0,1.0,1.0,1.0,1.0,,,
E187,S088,SP05,12,1.0,1.0,1.0,1.0,1.0,1.0,,,
E187,S088,SP05,13,1.0,1.0,1.0,1.0,1.0,1.0,,,
E187,S088,SP05,14,1.0,1.0,0.0,0.0,1.0,0.0,0.0,0.0,0.0
E187,S088,SP05,15,1.0,1.0,1.0,1.0,1.0,1.0,,,
E187,S088,SP05,16,1.0,1.0,1.0,1.0,0.0,1.0,,,
E187,S088,SP05,17,1.0,1.0,1.0,1.0,1.0,1.0,,,
E187,S088,SP05,18,1.0,1.0,1.0,1.0,1.0,1.0,,,
E187,S088,SP05,19,1.0,1.0,1.0,1.0,1.0,1.0,,,
E187,S088,SP05,20,1.0,1.0,1.0,1.0,1.0,1.0,,,
E187,S088,SP05,21,1.0,1.0,1.0,1.0,1.0,1.0,,,
E187,S088,SP05,22,1.0,1.0,1.0,1.0,1.0,1.0,,,
E187,S088,SP05,23,1.0,1.0,1.0,1.0,1.0,1.0,,,
E187,S088,SP05,24,1.0,1.0,1.0,1.0,1.0,1.0,,,
E187,S088,SP05,25,1.0,1.0,1.0,1.0,1.0,1.0,,,
E187,S088,SP05,26,1.0,1.0,1.0,1.0,1.0,1.0,,,
E187,S088,SP05,27,1.0,1.0,1.0,1.0,1.0,1.0,,,
E187,S088,SP05,28,1.0,1.0,1.0,1.0,1.0,1.0,,,
E187,S088,SP05,29,1.0,1.0,1.0,1.0,1.0,1.0,,,
E187,S088,SP05,30,1.0,0.0,0.0,0.0,1.0,1.0,,,
E187,S088,SP05,31,1.0,0.0,0.0,0.0,0.0,0.0,,,
E187,S088,SP05,32,1.0,1.0,1.0,1.0,1.0,1.0,,,
E187,S088,SP05,33,2.0,2.0,2.0,2.0,2.0,2.0,,,
E187,S088,SP05,34,1.0,1.0,1.0,1.0,1.0,1.0,,,
E187,S088,SP05,35,1.0,1.0,1.0,1.0,1.0,1.0,,,
E187,S088,SP05,36,1.0,1.0,1.0,1.0,1.0,1.0,,,
E187,S088,SP05,37,1.0,1.0,1.0,1.0,1.0,1.0,,,
E187,S088,SP05,38,2.0,2.0,2.0,2.0,2.0,2.0,,,
E187,S088,SP05,39,2.0,2.0,2.0,2.0,2.0,2.0,,,
E187,S088,SP05,40,2.0,2.0,2.0,2.0,2.0,2.0,,,
E237,S089,SP01,1,2.0,2.0,2.0,2.0,2.0,2.0,,,
E237,S089,SP01,2,3.0,3.0,3.0,3.0,3.0,3.0,,,
E237,S089,SP01,3,2.0,2.0,2.0,2.0,2.0,2.0,,,
E237,S089,SP01,4,2.0,2.0,2.0,2.0,2.0,2.0,,,
E237,S089,SP01,5,2.0,2.0,2.0,2.0,2.0,2.0,,,
E237,S089,SP01,6,2.0,2.0,2.0,2.0,2.0,2.0,,,
E237,S089,SP01,7,2.0,2.0,2.0,2.0,2.0,2.0,,,
E237,S089,SP01,8,2.0,2.0,2.0,2.0,2.0,2.0,,,
E237,S089,SP01,9,2.0,1.0,2.0,2.0,2.0,2.0,1.0,1.0,0.5
E237,S089,SP01,10,2.0,2.0,2.0,2.0,2.0,2.0,,,
E237,S089,SP01,11,2.0,1.0,2.0,2.0,2.0,2.0,1.0,2.0,1.0
E237,S089,SP01,12,1.0,1.0,1.0,1.0,1.0,1.0,,,
E237,S089,SP01,13,1.0,1.0,1.0,1.0,1.0,1.0,,,
E237,S089,SP01,14,1.0,1.0,1.0,1.0,1.0,1.0,,,
E237,S089,SP01,15,1.0,1.0,1.0,1.0,1.0,1.0,,,
E237,S089,SP01,16,1.0,1.0,1.0,1.0,1.0,1.0,,,
E237,S089,SP01,17,1.0,1.0,1.0,1.0,1.0,1.0,,,
E237,S089,SP01,18,1.0,0.0,0.0,0.0,1.0,1.0,,,
E237,S089,SP01,19,1.0,1.0,1.0,1.0,1.0,1.0,,,
E237,S089,SP01,20,1.0,1.0,1.0,1.0,1.0,1.0,,,
E237,S089,SP01,21,1.0,1.0,1.0,1.0,1.0,1.0,,,
E237,S089,SP01,22,1.0,1.0,1.0,1.0,1.0,1.0,,,
E237,S089,SP01,23,1.0,1.0,1.0,1.0,1.0,1.0,,,
E237,S089,SP01,24,1.0,1.0,1.0,1.0,1.0,1.0,,,
E237,S089,SP01,25,2.0,2.0,2.0,2.0,2.0,2.0,,,
E237,S089,SP01,26,1.0,1.0,1.0,1.0,1.0,1.0,,,
E237,S089,SP01,27,1.0,1.0,1.0,1.0,1.0,1.0,,,
E237,S089,SP01,28,1.0,1.0,1.0,1.0,1.0,1.0,,,
E237,S089,SP01,29,2.0,2.0,2.0,2.0,2.0,2.0,,,
E237,S089,SP01,30,2.0,2.0,2.0,2.0,2.0,2.0,,,
E237,S089,SP01,31,2.0,2.0,2.0,2.0,2.0,2.0,,,
E237,S089,SP01,32,1.0,1.0,1.0,1.0,1.0,1.0,,,
E237,S089,SP01,33,2.0,2.0,2.0,2.0,2.0,2.0,,,
E072,S089,SP02,1,2.0,2.0,2.0,2.0,2.0,2.0,,,
E072,S089,SP02,2,3.0,3.0,3.0,3.0,3.0,3.0,,,
E072,S089,SP02,3,2.0,2.0,2.0,2.0,2.0,2.0,,,
E072,S089,SP02,4,2.0,2.0,2.0,2.0,2.0,2.0,,,
E072,S089,SP02,5,1.0,1.0,1.0,1.0,1.0,1.0,,,
E072,S089,SP02,6,1.0,1.0,0.0,0.0,1.0,1.0,0.0,1.0,1.0
E072,S089,SP02,7,2.0,2.0,2.0,2.0,2.0,2.0,,,
E072,S089,SP02,8,2.0,2.0,1.0,1.0,2.0,2.0,1.0,1.0,1.0
E072,S089,SP02,9,2.0,2.0,2.0,2.0,2.0,2.0,,,
E072,S089,SP02,10,1.0,1.0,1.0,1.0,1.0,1.0,,,
E072,S089,SP02,11,2.0,2.0,1.0,1.0,2.0,2.0,1.0,2.0,0.5
E072,S089,SP02,12,2.0,1.0,1.0,1.0,2.0,2.0,,,
E072,S089,SP02,13,2.0,2.0,2.0,2.0,2.0,2.0,,,
E072,S089,SP02,14,1.0,1.0,0.5,0.5,1.0,1.0,0.5,1.0,0.5
E072,S089,SP02,15,1.0,1.0,1.0,1.0,1.0,1.0,,,
E072,S089,SP02,16,2.0,2.0,1.0,1.0,2.0,2.0,2.0,1.0,2.0
E072,S089,SP02,17,1.0,1.0,1.0,1.0,1.0,1.0,,,
E072,S089,SP02,18,1.0,1.0,1.0,1.0,1.0,1.0,,,
E072,S089,SP02,19,1.0,1.0,1.0,1.0,1.0,1.0,,,
E072,S089,SP02,20,1.0,1.0,1.0,1.0,1.0,1.0,,,
E072,S089,SP02,21,1.0,1.0,1.0,1.0,1.0,1.0,,,
E072,S089,SP02,22,1.0,1.0,1.0,1.0,1.0,1.0,,,
E072,S089,SP02,23,1.0,1.0,1.0,1.0,1.0,1.0,,,
E072,S089,SP02,24,1.0,1.0,1.0,1.0,1.0,1.0,,,
E072,S089,SP02,25,1.0,1.0,1.0,1.0,1.0,1.0,,,
E072,S089,SP02,26,1.0,1.0,1.0,1.0,1.0,1.0,,,
E072,S089,SP02,27,1.0,1.0,1.0,1.0,1.0,1.0,,,
E072,S089,SP02,28,1.0,1.0,1.0,1.0,1.0,1.0,,,
E072,S089,SP02,29,1.0,1.0,1.0,1.0,1.0,1.0,,,
E072,S089,SP02,30,2.0,2.0,2.0,2.0,2.0,2.0,,,
E072,S089,SP02,31,2.0,2.0,1.0,1.0,2.0,2.0,2.0,2.0,0.0
E072,S089,SP02,32,2.0,2.0,2.0,2.0,2.0,2.0,,,
E072,S089,SP02,33,1.0,1.0,1.0,1.0,1.0,1.0,,,
E072,S089,SP02,34,2.0,2.0,2.0,2.0,2.0,2.0,,,
E223,S089,SP03,1,2.0,2.0,2.0,2.0,2.0,2.0,,,
E223,S089,SP03,2,3.0,3.0,3.0,3.0,3.0,3.0,,,
E223,S089,SP03,3,3.0,3.0,3.0,3.0,3.0,3.0,,,
E223,S089,SP03,4,2.0,2.0,2.0,2.0,2.0,2.0,,,
E223,S089,SP03,5,1.0,1.0,1.0,1.0,1.0,1.0,,,
E223,S089,SP03,6,2.0,1.0,2.0,2.0,2.0,2.0,2.0,2.0,2.0
E223,S089,SP03,7,2.0,2.0,2.0,2.0,2.0,2.0,,,
E223,S089,SP03,8,1.0,1.0,1.0,1.0,1.0,1.0,,,
E223,S089,SP03,9,1.0,1.0,1.0,1.0,1.0,1.0,,,
E223,S089,SP03,10,1.0,1.0,1.0,1.0,1.0,1.0,,,
E223,S089,SP03,11,2.0,2.0,2.0,2.0,2.0,2.0,,,
E223,S089,SP03,12,2.0,2.0,2.0,2.0,2.0,2.0,,,
E223,S089,SP03,13,2.0,1.0,2.0,2.0,2.0,2.0,1.0,2.0,1.0
E223,S089,SP03,14,2.0,2.0,2.0,2.0,2.0,2.0,,,
E223,S089,SP03,15,2.0,2.0,2.0,2.0,2.0,2.0,,,
E223,S089,SP03,16,2.0,2.0,2.0,2.0,2.0,2.0,,,
E223,S089,SP03,17,2.0,2.0,2.0,2.0,2.0,2.0,,,
E223,S089,SP03,18,1.0,1.0,1.0,1.0,1.0,1.0,,,
E223,S089,SP03,19,1.0,1.0,1.0,1.0,1.0,1.0,,,
E223,S089,SP03,20,1.0,1.0,1.0,1.0,1.0,1.0,,,
E223,S089,SP03,21,1.0,1.0,1.0,1.0,1.0,1.0,,,
E223,S089,SP03,22,1.0,1.0,1.0,1.0,1.0,1.0,,,
E223,S089,SP03,23,1.0,1.0,1.0,1.0,1.0,1.0,,,
E223,S089,SP03,24,1.0,1.0,1.0,1.0,1.0,1.0,,,
E223,S089,SP03,25,1.0,1.0,1.0,1.0,1.0,1.0,,,
E223,S089,SP03,26,1.0,1.0,1.0,1.0,1.0,1.0,,,
E223,S089,SP03,27,1.0,1.0,1.0,1.0,1.0,1.0,,,
E223,S089,SP03,28,1.0,1.0,1.0,1.0,1.0,1.0,,,
E223,S089,SP03,29,1.0,1.0,1.0,1.0,1.0,1.0,,,
E223,S089,SP03,30,1.0,1.0,1.0,1.0,1.0,1.0,,,
E223,S089,SP03,31,1.0,1.0,1.0,1.0,1.0,1.0,,,
E223,S089,SP03,32,1.0,1.0,1.0,1.0,1.0,1.0,,,
E223,S089,SP03,33,3.0,2.0,3.0,3.0,3.0,3.0,1.0,3.0,3.0
E111,S090,SP01,1,2.0,1.5,2.0,2.0,2.0,2.0,1.0,2.0,2.0
E111,S090,SP01,2,3.0,3.0,3.0,3.0,3.0,3.0,,,
E111,S090,SP01,3,2.0,2.0,2.0,2.0,2.0,2.0,,,
E111,S090,SP01,4,2.0,2.0,0.0,0.0,2.0,2.0,0.0,0.0,0.0
E111,S090,SP01,5,2.0,2.0,2.0,2.0,2.0,2.0,,,
E111,S090,SP01,6,2.0,2.0,2.0,2.0,2.0,2.0,,,
E111,S090,SP01,7,2.0,2.0,2.0,2.0,2.0,2.0,,,
E111,S090,SP01,8,2.0,2.0,2.0,2.0,2.0,2.0,,,
E111,S090,SP01,9,2.0,1.0,0.0,0.0,0.5,2.0,0.0,0.0,0.0
E111,S090,SP01,10,2.0,2.0,0.0,0.0,0.5,2.0,0.0,0.0,0.0
E111,S090,SP01,11,2.0,1.0,0.0,0.0,0.5,2.0,0.0,0.0,0.0
E111,S090,SP01,12,1.0,1.0,1.0,1.0,1.0,1.0,,,
E111,S090,SP01,13,1.0,1.0,1.0,1.0,1.0,1.0,,,
E111,S090,SP01,14,1.0,1.0,1.0,1.0,1.0,1.0,,,
E111,S090,SP01,15,1.0,0.0,0.0,0.0,1.0,0.0,,,
E111,S090,SP01,16,1.0,0.0,0.0,0.0,1.0,0.0,,,
E111,S090,SP01,17,1.0,1.0,1.0,1.0,1.0,1.0,,,
E111,S090,SP01,18,1.0,1.0,1.0,1.0,1.0,1.0,,,
E111,S090,SP01,19,1.0,1.0,1.0,1.0,1.0,1.0,,,
E111,S090,SP01,20,1.0,1.0,1.0,1.0,1.0,1.0,,,
E111,S090,SP01,21,1.0,1.0,1.0,1.0,1.0,1.0,,,
E111,S090,SP01,22,1.0,1.0,1.0,1.0,1.0,1.0,,,
E111,S090,SP01,23,1.0,1.0,1.0,1.0,1.0,1.0,,,
E111,S090,SP01,24,1.0,1.0,1.0,1.0,1.0,1.0,,,
E111,S090,SP01,25,2.0,2.0,2.0,2.0,2.0,2.0,,,
E111,S090,SP01,26,1.0,1.0,1.0,1.0,1.0,1.0,,,
E111,S090,SP01,27,1.0,1.0,1.0,1.0,1.0,1.0,,,
E111,S090,SP01,28,1.0,1.0,1.0,1.0,1.0,1.0,,,
E111,S090,SP01,29,2.0,2.0,2.0,2.0,2.0,2.0,,,
E111,S090,SP01,30,2.0,2.0,2.0,2.0,2.0,2.0,,,
E111,S090,SP01,31,2.0,2.0,2.0,2.0,2.0,2.0,,,
E111,S090,SP01,32,1.0,1.0,1.0,1.0,1.0,1.0,,,
E111,S090,SP01,33,2.0,2.0,2.0,2.0,2.0,2.0,,,
E080,S090,SP02,1,2.0,2.0,2.0,2.0,2.0,2.0,,,
E080,S090,SP02,2,3.0,3.0,3.0,3.0,3.0,3.0,,,
E080,S090,SP02,3,2.0,2.0,2.0,2.0,2.0,2.0,,,
E080,S090,SP02,4,2.0,2.0,0.0,0.0,0.0,2.0,0.0,0.0,0.0
E080,S090,SP02,5,1.0,1.0,1.0,1.0,1.0,1.0,,,
E080,S090,SP02,6,1.0,1.0,1.0,1.0,1.0,1.0,,,
E080,S090,SP02,7,2.0,2.0,2.0,2.0,2.0,2.0,,,
E080,S090,SP02,8,2.0,2.0,2.0,2.0,2.0,2.0,,,
E080,S090,SP02,9,2.0,2.0,2.0,2.0,2.0,2.0,,,
E080,S090,SP02,10,1.0,1.0,1.0,1.0,1.0,1.0,,,
E080,S090,SP02,11,2.0,1.0,2.0,2.0,2.0,2.0,1.0,2.0,1.5
E080,S090,SP02,12,2.0,2.0,1.0,1.0,2.0,2.0,0.0,1.0,1.0
E080,S090,SP02,13,2.0,2.0,2.0,2.0,2.0,2.0,,,
E080,S090,SP02,14,1.0,0.0,1.0,1.0,0.0,1.0,0.0,0.0,0.5
E080,S090,SP02,15,1.0,1.0,1.0,1.0,1.0,1.0,,,
E080,S090,SP02,16,2.0,2.0,2.0,2.0,2.0,2.0,,,
E080,S090,SP02,17,1.0,1.0,1.0,1.0,1.0,1.0,,,
E080,S090,SP02,18,1.0,1.0,1.0,1.0,1.0,1.0,,,
E080,S090,SP02,19,1.0,1.0,1.0,1.0,1.0,1.0,,,
E080,S090,SP02,20,1.0,1.0,1.0,1.0,1.0,1.0,,,
E080,S090,SP02,21,1.0,1.0,1.0,1.0,1.0,1.0,,,
E080,S090,SP02,22,1.0,1.0,1.0,1.0,1.0,1.0,,,
E080,S090,SP02,23,1.0,1.0,1.0,1.0,1.0,1.0,,,
E080,S090,SP02,24,1.0,1.0,1.0,1.0,1.0,1.0,,,
E080,S090,SP02,25,1.0,1.0,1.0,1.0,1.0,1.0,,,
E080,S090,SP02,26,1.0,1.0,1.0,1.0,1.0,1.0,,,
E080,S090,SP02,27,1.0,1.0,1.0,1.0,1.0,1.0,,,
E080,S090,SP02,28,1.0,1.0,1.0,1.0,1.0,1.0,,,
E080,S090,SP02,29,1.0,1.0,1.0,1.0,1.0,1.0,,,
E080,S090,SP02,30,2.0,2.0,2.0,2.0,2.0,2.0,,,
E080,S090,SP02,31,2.0,2.0,2.0,2.0,2.0,2.0,,,
E080,S090,SP02,32,2.0,2.0,2.0,2.0,2.0,2.0,,,
E080,S090,SP02,33,1.0,1.0,1.0,1.0,1.0,1.0,,,
E080,S090,SP02,34,2.0,2.0,2.0,2.0,2.0,2.0,,,
E057,S090,SP03,1,2.0,2.0,2.0,2.0,2.0,2.0,,,
E057,S090,SP03,2,3.0,3.0,3.0,3.0,3.0,3.0,,,
E057,S090,SP03,3,3.0,3.0,3.0,3.0,3.0,3.0,,,
E057,S090,SP03,4,2.0,1.0,2.0,2.0,2.0,2.0,1.0,2.0,2.0
E057,S090,SP03,5,1.0,1.0,1.0,1.0,1.0,1.0,,,
E057,S090,SP03,6,2.0,2.0,2.0,2.0,2.0,2.0,,,
E057,S090,SP03,7,2.0,2.0,2.0,2.0,2.0,2.0,,,
E057,S090,SP03,8,1.0,1.0,1.0,1.0,1.0,1.0,,,
E057,S090,SP03,9,1.0,1.0,1.0,1.0,1.0,1.0,,,
E057,S090,SP03,10,1.0,1.0,1.0,1.0,1.0,1.0,,,
E057,S090,SP03,11,2.0,2.0,2.0,2.0,2.0,2.0,,,
E057,S090,SP03,12,2.0,2.0,2.0,2.0,2.0,2.0,,,
E057,S090,SP03,13,2.0,1.0,0.0,0.0,2.0,2.0,1.0,1.0,1.0
E057,S090,SP03,14,2.0,0.0,0.0,0.0,0.0,0.0,,,
E057,S090,SP03,15,2.0,1.0,1.0,1.0,2.0,2.0,,,
E057,S090,SP03,16,2.0,2.0,1.0,1.0,2.0,2.0,2.0,2.0,2.0
E057,S090,SP03,17,2.0,2.0,2.0,2.0,2.0,2.0,,,
E057,S090,SP03,18,1.0,1.0,0.0,0.0,1.0,1.0,0.0,0.0,1.0
E057,S090,SP03,19,1.0,1.0,1.0,1.0,1.0,1.0,,,
E057,S090,SP03,20,1.0,1.0,1.0,1.0,1.0,1.0,,,
E057,S090,SP03,21,1.0,1.0,1.0,1.0,1.0,1.0,,,
E057,S090,SP03,22,1.0,1.0,1.0,1.0,1.0,1.0,,,
E057,S090,SP03,23,1.0,1.0,1.0,1.0,1.0,1.0,,,
E057,S090,SP03,24,1.0,1.0,1.0,1.0,1.0,1.0,,,
E057,S090,SP03,25,1.0,1.0,1.0,1.0,1.0,1.0,,,
E057,S090,SP03,26,1.0,1.0,1.0,1.0,1.0,1.0,,,
E057,S090,SP03,27,1.0,1.0,1.0,1.0,1.0,1.0,,,
E057,S090,SP03,28,1.0,1.0,1.0,1.0,1.0,1.0,,,
E057,S090,SP03,29,1.0,1.0,1.0,1.0,1.0,1.0,,,
E057,S090,SP03,30,1.0,1.0,1.0,1.0,1.0,1.0,,,
E057,S090,SP03,31,1.0,1.0,1.0,1.0,1.0,1.0,,,
E057,S090,SP03,32,1.0,1.0,1.0,1.0,1.0,1.0,,,
E057,S090,SP03,33,3.0,2.0,3.0,3.0,3.0,3.0,3.0,3.0,3.0
E031,S091,SP05,1,2.0,2.0,2.0,2.0,2.0,2.0,,,
E031,S091,SP05,2,3.0,3.0,3.0,3.0,3.0,3.0,,,
E031,S091,SP05,3,3.0,3.0,3.0,3.0,3.0,3.0,,,
E031,S091,SP05,4,2.0,2.0,2.0,2.0,2.0,2.0,,,
E031,S091,SP05,5,1.0,1.0,1.0,1.0,1.0,1.0,,,
E031,S091,SP05,6,1.0,1.0,0.0,0.0,1.0,0.0,1.0,1.0,0.0
E031,S091,SP05,7,1.0,0.0,0.0,0.0,1.0,0.0,,,
E031,S091,SP05,8,1.0,1.0,1.0,1.0,1.0,1.0,,,
E031,S091,SP05,9,1.0,1.0,1.0,1.0,1.0,1.0,,,
E031,S091,SP05,10,1.0,1.0,1.0,1.0,1.0,1.0,,,
E031,S091,SP05,11,1.0,1.0,1.0,1.0,1.0,1.0,,,
E031,S091,SP05,12,1.0,1.0,1.0,1.0,1.0,1.0,,,
E031,S091,SP05,13,1.0,1.0,1.0,1.0,1.0,1.0,,,
E031,S091,SP05,14,1.0,0.0,1.0,1.0,1.0,1.0,0.0,1.0,1.0
E031,S091,SP05,15,1.0,1.0,1.0,1.0,1.0,1.0,,,
E031,S091,SP05,16,1.0,0.0,0.0,0.0,1.0,0.0,,,
E031,S091,SP05,17,1.0,1.0,1.0,1.0,1.0,1.0,,,
E031,S091,SP05,18,1.0,1.0,1.0,1.0,1.0,1.0,,,
E031,S091,SP05,19,1.0,1.0,1.0,1.0,1.0,1.0,,,
E031,S091,SP05,20,1.0,0.0,0.0,0.0,1.0,1.0,,,
E031,S091,SP05,21,1.0,1.0,0.0,0.0,1.0,1.0,0.0,1.0,1.0
E031,S091,SP05,22,1.0,1.0,1.0,1.0,1.0,1.0,,,
E031,S091,SP05,23,1.0,0.0,0.0,0.0,1.0,1.0,,,
E031,S091,SP05,24,1.0,1.0,1.0,1.0,1.0,1.0,,,
E031,S091,SP05,25,1.0,1.0,1.0,1.0,1.0,1.0,,,
E031,S091,SP05,26,1.0,1.0,1.0,1.0,1.0,1.0,,,
E031,S091,SP05,27,1.0,1.0,1.0,1.0,1.0,1.0,,,
E031,S091,SP05,28,1.0,1.0,1.0,1.0,1.0,1.0,,,
E031,S091,SP05,29,1.0,0.0,0.0,0.0,1.0,0.0,,,
E031,S091,SP05,30,1.0,1.0,1.0,1.0,1.0,1.0,,,
E031,S091,SP05,31,1.0,1.0,1.0,1.0,1.0,1.0,,,
E031,S091,SP05,32,1.0,1.0,1.0,1.0,1.0,1.0,,,
E031,S091,SP05,33,2.0,2.0,2.0,2.0,2.0,2.0,,,
E031,S091,SP05,34,1.0,1.0,1.0,1.0,1.0,1.0,,,
E031,S091,SP05,35,1.0,1.0,1.0,1.0,1.0,1.0,,,
E031,S091,SP05,36,1.0,1.0,1.0,1.0,1.0,1.0,,,
E031,S091,SP05,37,1.0,1.0,1.0,1.0,1.0,1.0,,,
E031,S091,SP05,38,2.0,2.0,1.0,1.0,2.0,2.0,1.0,1.0,2.0
E031,S091,SP05,39,2.0,2.0,2.0,2.0,2.0,2.0,,,
E031,S091,SP05,40,2.0,2.0,2.0,2.0,2.0,2.0,,,
E021,S091,SP06,1,2.0,2.0,2.0,2.0,2.0,2.0,,,
E021,S091,SP06,2,4.0,4.0,4.0,4.0,4.0,4.0,,,
E021,S091,SP06,3,3.0,3.0,3.0,3.0,3.0,3.0,,,
E021,S091,SP06,4,2.0,2.0,2.0,2.0,2.0,2.0,,,
E021,S091,SP06,5,2.0,2.0,2.0,2.0,2.0,2.0,,,
E021,S091,SP06,6,2.0,2.0,2.0,2.0,2.0,2.0,,,
E021,S091,SP06,7,1.0,1.0,1.0,1.0,1.0,1.0,,,
E021,S091,SP06,8,1.0,1.0,1.0,1.0,1.0,1.0,,,
E021,S091,SP06,9,2.0,2.0,2.0,2.0,2.0,2.0,,,
E021,S091,SP06,10,2.0,2.0,2.0,2.0,2.0,2.0,,,
E021,S091,SP06,11,2.0,1.0,2.0,2.0,2.0,2.0,0.0,2.0,2.0
E021,S091,SP06,12,1.0,1.0,1.0,1.0,1.0,1.0,,,
E021,S091,SP06,13,1.0,0.0,0.0,0.0,1.0,0.0,,,
E021,S091,SP06,14,1.0,1.0,1.0,1.0,1.0,1.0,,,
E021,S091,SP06,15,1.0,0.0,0.0,0.0,0.0,0.0,,,
E021,S091,SP06,16,1.0,1.0,1.0,1.0,1.0,1.0,,,
E021,S091,SP06,17,1.0,0.0,1.0,1.0,1.0,1.0,1.0,1.0,0.0
E021,S091,SP06,18,1.0,1.0,1.0,1.0,1.0,1.0,,,
E021,S091,SP06,19,1.0,1.0,1.0,1.0,1.0,1.0,,,
E021,S091,SP06,20,1.0,1.0,1.0,1.0,1.0,1.0,,,
E021,S091,SP06,21,1.0,1.0,1.0,1.0,1.0,1.0,,,
E021,S091,SP06,22,1.0,1.0,1.0,1.0,1.0,1.0,,,
E021,S091,SP06,23,1.0,1.0,1.0,1.0,1.0,1.0,,,
E021,S091,SP06,24,1.0,1.0,0.0,0.0,1.0,0.0,1.0,0.0,0.0
E021,S091,SP06,25,1.0,1.0,1.0,1.0,1.0,1.0,,,
E021,S091,SP06,26,1.0,1.0,1.0,1.0,1.0,1.0,,,
E021,S091,SP06,27,1.0,1.0,1.0,1.0,1.0,1.0,,,
E021,S091,SP06,28,1.0,1.0,1.0,1.0,1.0,1.0,,,
E021,S091,SP06,29,1.0,1.0,1.0,1.0,1.0,0.5,,,
E021,S091,SP06,30,1.0,1.0,1.0,1.0,1.0,1.0,,,
E021,S091,SP06,31,1.0,1.0,1.0,1.0,1.0,1.0,,,
E021,S091,SP06,32,1.0,1.0,1.0,1.0,1.0,1.0,,,
E021,S091,SP06,33,1.0,1.0,1.0,1.0,1.0,1.0,,,
E021,S091,SP06,34,2.0,2.0,2.0,2.0,2.0,2.0,,,
E021,S091,SP06,35,1.0,1.0,1.0,1.0,1.0,1.0,,,
E021,S091,SP06,36,2.0,1.0,2.0,2.0,2.0,2.0,2.0,2.0,2.0
E119,S092,SP01,1,2.0,2.0,2.0,2.0,2.0,2.0,,,
E119,S092,SP01,2,3.0,3.0,3.0,3.0,3.0,3.0,,,
E119,S092,SP01,3,2.0,2.0,2.0,2.0,2.0,2.0,,,
E119,S092,SP01,4,2.0,2.0,2.0,2.0,2.0,2.0,,,
E119,S092,SP01,5,2.0,2.0,2.0,2.0,2.0,2.0,,,
E119,S092,SP01,6,2.0,2.0,2.0,2.0,2.0,2.0,,,
E119,S092,SP01,7,2.0,2.0,2.0,2.0,2.0,2.0,,,
E119,S092,SP01,8,2.0,2.0,2.0,2.0,2.0,2.0,,,
E119,S092,SP01,9,2.0,2.0,2.0,2.0,1.0,2.0,,,
E119,S092,SP01,10,2.0,2.0,2.0,2.0,2.0,2.0,,,
E119,S092,SP01,11,2.0,2.0,2.0,2.0,2.0,2.0,,,
E119,S092,SP01,12,1.0,1.0,1.0,1.0,1.0,1.0,,,
E119,S092,SP01,13,1.0,1.0,1.0,1.0,1.0,1.0,,,
E119,S092,SP01,14,1.0,1.0,1.0,1.0,1.0,1.0,,,
E119,S092,SP01,15,1.0,1.0,1.0,1.0,1.0,1.0,,,
E119,S092,SP01,16,1.0,1.0,1.0,1.0,1.0,1.0,,,
E119,S092,SP01,17,1.0,1.0,1.0,1.0,1.0,1.0,,,
E119,S092,SP01,18,1.0,1.0,0.0,0.0,1.0,1.0,0.0,0.0,0.5
E119,S092,SP01,19,1.0,1.0,1.0,1.0,1.0,1.0,,,
E119,S092,SP01,20,1.0,1.0,1.0,1.0,1.0,1.0,,,
E119,S092,SP01,21,1.0,1.0,1.0,1.0,1.0,1.0,,,
E119,S092,SP01,22,1.0,1.0,1.0,1.0,1.0,1.0,,,
E119,S092,SP01,23,1.0,1.0,1.0,1.0,1.0,1.0,,,
E119,S092,SP01,24,1.0,1.0,1.0,1.0,1.0,1.0,,,
E119,S092,SP01,25,2.0,2.0,2.0,2.0,2.0,2.0,,,
E119,S092,SP01,26,1.0,1.0,1.0,1.0,1.0,1.0,,,
E119,S092,SP01,27,1.0,1.0,1.0,1.0,1.0,1.0,,,
E119,S092,SP01,28,1.0,1.0,1.0,1.0,1.0,1.0,,,
E119,S092,SP01,29,2.0,2.0,2.0,2.0,2.0,2.0,,,
E119,S092,SP01,30,2.0,2.0,2.0,2.0,2.0,2.0,,,
E119,S092,SP01,31,2.0,2.0,0.0,0.0,2.0,2.0,1.0,0.0,0.0
E119,S092,SP01,32,1.0,1.0,0.0,0.0,1.0,1.0,0.0,0.0,0.0
E119,S092,SP01,33,2.0,1.0,2.0,2.0,2.0,2.0,0.0,0.0,0.0
E081,S092,SP02,1,2.0,2.0,2.0,2.0,2.0,2.0,,,
E081,S092,SP02,2,3.0,3.0,3.0,3.0,3.0,3.0,,,
E081,S092,SP02,3,2.0,2.0,2.0,2.0,2.0,2.0,,,
E081,S092,SP02,4,2.0,2.0,2.0,2.0,2.0,2.0,,,
E081,S092,SP02,5,1.0,0.0,1.0,1.0,1.0,1.0,0.0,1.0,0.5
E081,S092,SP02,6,1.0,1.0,1.0,1.0,1.0,1.0,,,
E081,S092,SP02,7,2.0,2.0,2.0,2.0,2.0,2.0,,,
E081,S092,SP02,8,2.0,2.0,2.0,2.0,2.0,2.0,,,
E081,S092,SP02,9,2.0,2.0,2.0,2.0,2.0,2.0,,,
E081,S092,SP02,10,1.0,1.0,1.0,1.0,0.0,1.0,,,
E081,S092,SP02,11,2.0,2.0,2.0,2.0,0.0,2.0,,,
E081,S092,SP02,12,2.0,1.0,2.0,2.0,2.0,2.0,0.0,1.0,1.0
E081,S092,SP02,13,2.0,1.0,2.0,2.0,2.0,2.0,2.0,2.0,1.0
E081,S092,SP02,14,1.0,1.0,1.0,1.0,1.0,1.0,,,
E081,S092,SP02,15,1.0,1.0,1.0,1.0,1.0,1.0,,,
E081,S092,SP02,16,2.0,2.0,2.0,2.0,2.0,2.0,,,
E081,S092,SP02,17,1.0,1.0,1.0,1.0,1.0,1.0,,,
E081,S092,SP02,18,1.0,1.0,1.0,1.0,1.0,1.0,,,
E081,S092,SP02,19,1.0,0.0,0.0,0.0,1.0,1.0,,,
E081,S092,SP02,20,1.0,1.0,1.0,1.0,1.0,1.0,,,
E081,S092,SP02,21,1.0,1.0,1.0,1.0,1.0,1.0,,,
E081,S092,SP02,22,1.0,1.0,1.0,1.0,1.0,1.0,,,
E081,S092,SP02,23,1.0,1.0,1.0,1.0,1.0,1.0,,,
E081,S092,SP02,24,1.0,1.0,1.0,1.0,1.0,1.0,,,
E081,S092,SP02,25,1.0,1.0,1.0,1.0,1.0,1.0,,,
E081,S092,SP02,26,1.0,1.0,1.0,1.0,1.0,1.0,,,
E081,S092,SP02,27,1.0,1.0,1.0,1.0,1.0,1.0,,,
E081,S092,SP02,28,1.0,1.0,1.0,1.0,1.0,1.0,,,
E081,S092,SP02,29,1.0,1.0,1.0,1.0,1.0,1.0,,,
E081,S092,SP02,30,2.0,2.0,2.0,2.0,2.0,2.0,,,
E081,S092,SP02,31,2.0,2.0,2.0,2.0,2.0,2.0,,,
E081,S092,SP02,32,2.0,2.0,2.0,2.0,1.0,2.0,,,
E081,S092,SP02,33,1.0,1.0,1.0,1.0,1.0,1.0,,,
E081,S092,SP02,34,2.0,2.0,2.0,2.0,2.0,2.0,,,
E023,S092,SP03,1,2.0,2.0,2.0,2.0,2.0,2.0,,,
E023,S092,SP03,2,3.0,3.0,3.0,3.0,3.0,3.0,,,
E023,S092,SP03,3,3.0,3.0,3.0,3.0,3.0,3.0,,,
E023,S092,SP03,4,2.0,2.0,2.0,2.0,2.0,2.0,,,
E023,S092,SP03,5,1.0,1.0,1.0,1.0,1.0,1.0,,,
E023,S092,SP03,6,2.0,2.0,2.0,2.0,2.0,2.0,,,
E023,S092,SP03,7,2.0,2.0,2.0,2.0,2.0,2.0,,,
E023,S092,SP03,8,1.0,1.0,1.0,1.0,1.0,1.0,,,
E023,S092,SP03,9,1.0,1.0,1.0,1.0,1.0,1.0,,,
E023,S092,SP03,10,1.0,1.0,1.0,1.0,1.0,1.0,,,
E023,S092,SP03,11,2.0,2.0,2.0,2.0,2.0,2.0,,,
E023,S092,SP03,12,2.0,2.0,2.0,2.0,2.0,2.0,,,
E023,S092,SP03,13,2.0,1.0,2.0,2.0,2.0,2.0,1.0,2.0,2.0
E023,S092,SP03,14,2.0,2.0,2.0,2.0,2.0,2.0,,,
E023,S092,SP03,15,2.0,2.0,2.0,2.0,2.0,2.0,,,
E023,S092,SP03,16,2.0,2.0,2.0,2.0,2.0,2.0,,,
E023,S092,SP03,17,2.0,2.0,2.0,2.0,2.0,2.0,,,
E023,S092,SP03,18,1.0,1.0,1.0,1.0,1.0,1.0,,,
E023,S092,SP03,19,1.0,1.0,1.0,1.0,1.0,1.0,,,
E023,S092,SP03,20,1.0,1.0,1.0,1.0,1.0,1.0,,,
E023,S092,SP03,21,1.0,1.0,1.0,1.0,1.0,1.0,,,
E023,S092,SP03,22,1.0,1.0,1.0,1.0,1.0,1.0,,,
E023,S092,SP03,23,1.0,1.0,1.0,1.0,1.0,1.0,,,
E023,S092,SP03,24,1.0,1.0,1.0,1.0,1.0,1.0,,,
E023,S092,SP03,25,1.0,1.0,1.0,1.0,1.0,1.0,,,
E023,S092,SP03,26,1.0,1.0,1.0,1.0,1.0,1.0,,,
E023,S092,SP03,27,1.0,1.0,1.0,1.0,1.0,1.0,,,
E023,S092,SP03,28,1.0,1.0,1.0,1.0,1.0,1.0,,,
E023,S092,SP03,29,1.0,1.0,1.0,1.0,1.0,1.0,,,
E023,S092,SP03,30,1.0,1.0,1.0,1.0,1.0,1.0,,,
E023,S092,SP03,31,1.0,1.0,1.0,1.0,1.0,1.0,,,
E023,S092,SP03,32,1.0,1.0,1.0,1.0,1.0,1.0,,,
E023,S092,SP03,33,3.0,3.0,3.0,3.0,3.0,3.0,,,
